Liczba wypadków,Liczba zabitych,Liczba rannych,Rok,Warunki atmosferyczne,Rodzaj zdarzenia,Warunki atmosferyczne,Oświetlenie,Charakterystyka miejsca zdarzenia,IDKSIP zdarzenia,Godzina,Dzień,Ranny,GPS x,GPS y,Numer drogi,Obszar,Geometria drogi,Kategoria drogi 1,Rodzaj drogi,Czy w zdarzeniu był sprawca nietrzeźwy,Powiat,Gmina
1,1,0,2017,Dobre warunki atmosferyczne,Wywrócenie się pojazdu,Dobre warunki atmosferyczne,Światło dzienne,Jezdnia,EWK-106358841G,17,2017-09-03,Nieokreślone (puste pole),19*39'251,53*03'194,P4617W,Obszar niezabudowany,Odcinek prosty,Droga powiatowa,Jednojezdniowa dwukierunkowa,N,POWIAT ŻUROMIŃSKI,LUBOWIDZ - OBSZAR WIEJSKI
1,0,1,2017,Dobre warunki atmosferyczne,Wywrócenie się pojazdu,Dobre warunki atmosferyczne,Światło dzienne,Jezdnia,EWK-106371745Q,18,2017-09-09,Ciężko,21*17'323,53*18'457,,Obszar niezabudowany,"Zakręt, łuk",Nieokreślone (puste pole),Jednojezdniowa dwukierunkowa,N,POWIAT OSTROŁĘCKI,MYSZYNIEC - OBSZAR WIEJSKI
1,0,1,2017,Dobre warunki atmosferyczne,Wywrócenie się pojazdu,Dobre warunki atmosferyczne,Światło dzienne,Jezdnia,EWK-106372641W,15,2017-09-10,Lekko,22*19'012,52*31'206,63,Obszar zabudowany,"Zakręt, łuk",Droga krajowa,Jednojezdniowa dwukierunkowa,N,POWIAT SOKOŁOWSKI,SABNIE - OBSZAR WIEJSKI
1,0,0,2017,Dobre warunki atmosferyczne,Wywrócenie się pojazdu,Dobre warunki atmosferyczne,Światło dzienne,Jezdnia,EWK-106372641W,15,2017-09-10,Nieokreślone (puste pole),22*19'012,52*31'206,63,Obszar zabudowany,"Zakręt, łuk",Droga krajowa,Jednojezdniowa dwukierunkowa,N,POWIAT SOKOŁOWSKI,SABNIE - OBSZAR WIEJSKI
1,0,1,2017,Dobre warunki atmosferyczne,Wywrócenie się pojazdu,Dobre warunki atmosferyczne,Światło dzienne,Jezdnia,EWK-106426226C,14,2017-09-25,Ciężko,21*19'481,53*13'236,2533W,Obszar zabudowany,"Zakręt, łuk",Droga powiatowa,Jednojezdniowa dwukierunkowa,N,POWIAT OSTROŁĘCKI,KADZIDŁO - OBSZAR WIEJSKI
1,0,1,2017,Dobre warunki atmosferyczne,Wywrócenie się pojazdu,Dobre warunki atmosferyczne,Światło dzienne,Jezdnia,EWK-106426226C,14,2017-09-25,Lekko,21*19'481,53*13'236,2533W,Obszar zabudowany,"Zakręt, łuk",Droga powiatowa,Jednojezdniowa dwukierunkowa,N,POWIAT OSTROŁĘCKI,KADZIDŁO - OBSZAR WIEJSKI
1,0,0,2017,Dobre warunki atmosferyczne,Wywrócenie się pojazdu,Dobre warunki atmosferyczne,Światło dzienne,Jezdnia,EWK-106426226C,14,2017-09-25,Nieokreślone (puste pole),21*19'481,53*13'236,2533W,Obszar zabudowany,"Zakręt, łuk",Droga powiatowa,Jednojezdniowa dwukierunkowa,N,POWIAT OSTROŁĘCKI,KADZIDŁO - OBSZAR WIEJSKI
1,0,1,2017,Dobre warunki atmosferyczne,Wywrócenie się pojazdu,Dobre warunki atmosferyczne,Światło dzienne,Jezdnia,EWK-106430053G,15,2017-09-27,Lekko,22*16'002,52*11'186,,Obszar zabudowany,Odcinek prosty,Nieokreślone (puste pole),Jednojezdniowa dwukierunkowa,N,POWIAT SIEDLCE,SIEDLCE - OBSZAR MIEJSKI
1,0,1,2017,Dobre warunki atmosferyczne,Wywrócenie się pojazdu,Dobre warunki atmosferyczne,Światło dzienne,Jezdnia,EWK-106436960T,16,2017-09-29,Ciężko,20*07'013,52*42'573,P3022W,Obszar zabudowany,"Zakręt, łuk",Droga powiatowa,Jednojezdniowa dwukierunkowa,T,POWIAT PŁOŃSKI,RACIĄŻ - OBSZAR WIEJSKI
1,1,0,2017,Dobre warunki atmosferyczne,Wywrócenie się pojazdu,Dobre warunki atmosferyczne,Światło dzienne,Jezdnia,EWK-106436960T,16,2017-09-29,Nieokreślone (puste pole),20*07'013,52*42'573,P3022W,Obszar zabudowany,"Zakręt, łuk",Droga powiatowa,Jednojezdniowa dwukierunkowa,T,POWIAT PŁOŃSKI,RACIĄŻ - OBSZAR WIEJSKI
1,0,1,2017,Dobre warunki atmosferyczne,Wywrócenie się pojazdu,Dobre warunki atmosferyczne,Światło dzienne,Jezdnia,EWK-106441301F,15,2017-10-01,Lekko,22*16'394,52*14'166,,Obszar niezabudowany,"Zakręt, łuk",Nieokreślone (puste pole),Jednojezdniowa dwukierunkowa,N,POWIAT SIEDLECKI,SIEDLCE - OBSZAR WIEJSKI
1,0,1,2017,Dobre warunki atmosferyczne,Wywrócenie się pojazdu,Dobre warunki atmosferyczne,Światło dzienne,Jezdnia,EWK-106446025X,13,2017-10-02,Lekko,20*59'295,51*54'107,GMINNA,Obszar zabudowany,"Zakręt, łuk",Droga gminna,Jednojezdniowa dwukierunkowa,N,POWIAT GRÓJECKI,CHYNÓW - OBSZAR WIEJSKI
1,0,1,2017,Dobre warunki atmosferyczne,Wywrócenie się pojazdu,Dobre warunki atmosferyczne,Światło dzienne,Jezdnia,EWK-106455552X,12,2017-10-09,Ciężko,21*25'546,51*23'013,GMINNA,Obszar niezabudowany,"Zakręt, łuk",Droga gminna,Jednojezdniowa dwukierunkowa,N,POWIAT RADOMSKI,GÓZD - OBSZAR WIEJSKI
1,0,1,2017,Dobre warunki atmosferyczne,Wywrócenie się pojazdu,Dobre warunki atmosferyczne,Światło dzienne,Jezdnia,EWK-106486874D,14,2017-10-19,Lekko,21*02'114,52*42'159,P3403W,Obszar niezabudowany,Odcinek prosty,Droga powiatowa,Jednojezdniowa dwukierunkowa,N,POWIAT PUŁTUSKI,PUŁTUSK - OBSZAR WIEJSKI
1,0,1,2017,Dobre warunki atmosferyczne,Wywrócenie się pojazdu,Dobre warunki atmosferyczne,Światło dzienne,Jezdnia,EWK-106506164H,9,2017-10-27,Lekko,20*01'427,52*52'221,,Obszar zabudowany,Odcinek prosty,Nieokreślone (puste pole),Jednojezdniowa dwukierunkowa,N,POWIAT ŻUROMIŃSKI,SIEMIĄTKOWO - OBSZAR WIEJSKI
1,0,1,2017,Dobre warunki atmosferyczne,Wywrócenie się pojazdu,Dobre warunki atmosferyczne,Światło dzienne,Jezdnia,EWK-106617928F,8,2017-12-15,Ciężko,22*23'330,52*43'337,690,Obszar zabudowany,"Zakręt, łuk",Droga wojewódzka,Jednojezdniowa dwukierunkowa,N,POWIAT OSTROWSKI,BOGUTY-PIANKI - OBSZAR WIEJSKI
1,0,1,2017,Dobre warunki atmosferyczne,Wywrócenie się pojazdu,Dobre warunki atmosferyczne,Światło dzienne,"Most, wiadukt, łącznica, tunel",EWK-106037601E,17,2017-06-14,Lekko,21*09'486,51*23'464,P5309W,Obszar zabudowany,Odcinek prosty,Droga powiatowa,Jednojezdniowa dwukierunkowa,N,POWIAT RADOM,RADOM - OBSZAR MIEJSKI
1,0,0,2017,Dobre warunki atmosferyczne,Wywrócenie się pojazdu,Dobre warunki atmosferyczne,Światło dzienne,"Most, wiadukt, łącznica, tunel",EWK-106037601E,17,2017-06-14,Nieokreślone (puste pole),21*09'486,51*23'464,P5309W,Obszar zabudowany,Odcinek prosty,Droga powiatowa,Jednojezdniowa dwukierunkowa,N,POWIAT RADOM,RADOM - OBSZAR MIEJSKI
1,0,1,2017,Dobre warunki atmosferyczne,Wywrócenie się pojazdu,Dobre warunki atmosferyczne,Światło dzienne,Pobocze,EWK-105496917D,6,2017-03-02,Lekko,19*58'572,52*31'373,P2944W,Obszar niezabudowany,"Zakręt, łuk",Droga powiatowa,Jednojezdniowa dwukierunkowa,N,POWIAT PŁOCKI,BODZANÓW - OBSZAR WIEJSKI
1,0,1,2017,Dobre warunki atmosferyczne,Wywrócenie się pojazdu,Dobre warunki atmosferyczne,Światło dzienne,Pobocze,EWK-105781865Q,19,2017-04-30,Ciężko,20*03'152,52*33'176,P2935W,Obszar niezabudowany,"Zakręt, łuk",Droga powiatowa,Jednojezdniowa dwukierunkowa,N,POWIAT PŁOCKI,BULKOWO - OBSZAR WIEJSKI
1,1,0,2017,Dobre warunki atmosferyczne,Wywrócenie się pojazdu,Dobre warunki atmosferyczne,Światło dzienne,Pobocze,EWK-105781865Q,19,2017-04-30,Nieokreślone (puste pole),20*03'152,52*33'176,P2935W,Obszar niezabudowany,"Zakręt, łuk",Droga powiatowa,Jednojezdniowa dwukierunkowa,N,POWIAT PŁOCKI,BULKOWO - OBSZAR WIEJSKI
1,0,1,2017,Dobre warunki atmosferyczne,Wywrócenie się pojazdu,Dobre warunki atmosferyczne,Światło dzienne,Pobocze,EWK-105956179K,10,2017-06-06,Lekko,21*44'395,51*32'268,48,Obszar zabudowany,"Zakręt, łuk",Droga krajowa,Jednojezdniowa dwukierunkowa,N,POWIAT KOZIENICKI,SIECIECHÓW - OBSZAR WIEJSKI
1,0,1,2017,Dobre warunki atmosferyczne,Wywrócenie się pojazdu,Dobre warunki atmosferyczne,Światło dzienne,Pobocze,EWK-106261300G,19,2017-07-16,Lekko,19*39'140,52*33'335,562,Obszar zabudowany,"Zakręt, łuk",Droga wojewódzka,Jednojezdniowa dwukierunkowa,T,POWIAT PŁOCK,PŁOCK - OBSZAR MIEJSKI
1,0,1,2017,Dobre warunki atmosferyczne,Wywrócenie się pojazdu,Dobre warunki atmosferyczne,Światło dzienne,Pobocze,EWK-106270657J,16,2017-07-20,Ciężko,21*36'205,53*11'337,2523W,Obszar zabudowany,"Zakręt, łuk",Droga powiatowa,Jednojezdniowa dwukierunkowa,N,POWIAT OSTROŁĘCKI,LELIS - OBSZAR WIEJSKI
1,0,1,2017,Dobre warunki atmosferyczne,Wywrócenie się pojazdu,Dobre warunki atmosferyczne,Światło dzienne,Pobocze,EWK-106439277D,12,2017-10-01,Ciężko,20*08'210,52*38'582,GMINNA,Obszar niezabudowany,"Zakręt, łuk",Droga gminna,Jednojezdniowa dwukierunkowa,N,POWIAT PŁOCKI,STAROŹREBY - OBSZAR WIEJSKI
1,0,1,2017,Dobre warunki atmosferyczne,Wywrócenie się pojazdu,Dobre warunki atmosferyczne,Światło dzienne,Pobocze,EWK-106439277D,12,2017-10-01,Lekko,20*08'210,52*38'582,GMINNA,Obszar niezabudowany,"Zakręt, łuk",Droga gminna,Jednojezdniowa dwukierunkowa,N,POWIAT PŁOCKI,STAROŹREBY - OBSZAR WIEJSKI
1,0,1,2017,Dobre warunki atmosferyczne,Wywrócenie się pojazdu,Dobre warunki atmosferyczne,Światło dzienne,Pobocze,EWK-106475424H,12,2017-10-16,Lekko,21*23'566,51*42'533,79,Obszar niezabudowany,Odcinek prosty,Droga krajowa,Jednojezdniowa dwukierunkowa,N,POWIAT KOZIENICKI,MAGNUSZEW - OBSZAR WIEJSKI
1,0,1,2017,Dobre warunki atmosferyczne,Wywrócenie się pojazdu,Dobre warunki atmosferyczne,Światło dzienne,Pobocze,EWK-106531739M,11,2017-11-07,Lekko,21*39'230,51*33'413,P1728W,Obszar niezabudowany,,Droga powiatowa,Jednojezdniowa dwukierunkowa,N,POWIAT KOZIENICKI,KOZIENICE - OBSZAR WIEJSKI
1,0,0,2017,Dobre warunki atmosferyczne,Wywrócenie się pojazdu,Dobre warunki atmosferyczne,Światło dzienne,Pobocze,EWK-106531739M,11,2017-11-07,Nieokreślone (puste pole),21*39'230,51*33'413,P1728W,Obszar niezabudowany,,Droga powiatowa,Jednojezdniowa dwukierunkowa,N,POWIAT KOZIENICKI,KOZIENICE - OBSZAR WIEJSKI
1,0,1,2017,Dobre warunki atmosferyczne,Wywrócenie się pojazdu,Dobre warunki atmosferyczne,Światło dzienne,Przejście dla pieszych,EWK-106268039Q,10,2017-07-19,Lekko,21*35'147,53*04'477,G510295W,Obszar zabudowany,,Droga gminna,Jednojezdniowa dwukierunkowa,N,POWIAT OSTROŁĘKA,OSTROŁĘKA - OBSZAR MIEJSKI
1,0,1,2017,Dobre warunki atmosferyczne,Wywrócenie się pojazdu,Dobre warunki atmosferyczne,Światło dzienne,"Skarpa, rów",EWK-105350073C,8,2017-01-17,Lekko,20*33'353,53*09'121,P2330W,Obszar niezabudowany,Spadek,Droga powiatowa,Jednojezdniowa dwukierunkowa,N,POWIAT MŁAWSKI,WIŚNIEWO - OBSZAR WIEJSKI
1,0,3,2017,Dobre warunki atmosferyczne,Wywrócenie się pojazdu,Dobre warunki atmosferyczne,Światło dzienne,"Skarpa, rów",EWK-105350868T,12,2017-01-17,Lekko,19*24'436,52*39'306,P2904W,Obszar zabudowany,Odcinek prosty,Droga powiatowa,Jednojezdniowa dwukierunkowa,N,POWIAT PŁOCKI,BRUDZEŃ DUŻY - OBSZAR WIEJSKI
1,0,1,2017,Dobre warunki atmosferyczne,Wywrócenie się pojazdu,Dobre warunki atmosferyczne,Światło dzienne,"Skarpa, rów",EWK-105713199U,12,2017-03-24,Lekko,20*58'541,52*50'522,P3238W  ,Obszar niezabudowany,"Zakręt, łuk",Droga powiatowa,Jednojezdniowa dwukierunkowa,N,POWIAT MAKOWSKI,KARNIEWO - OBSZAR WIEJSKI
1,1,0,2017,Dobre warunki atmosferyczne,Wywrócenie się pojazdu,Dobre warunki atmosferyczne,Światło dzienne,"Skarpa, rów",EWK-105906581A,18,2017-05-17,Nieokreślone (puste pole),20*28'078,51*22'583,G330204W,Obszar zabudowany,,Droga gminna,Jednojezdniowa dwukierunkowa,T,POWIAT PRZYSUSKI,GIELNIÓW - OBSZAR WIEJSKI
1,0,1,2017,Dobre warunki atmosferyczne,Wywrócenie się pojazdu,Dobre warunki atmosferyczne,Światło dzienne,"Skarpa, rów",EWK-105911179X,16,2017-05-20,Lekko,21*15'111,53*21'289,2508W,Obszar niezabudowany,Odcinek prosty,Droga powiatowa,Jednojezdniowa dwukierunkowa,N,POWIAT OSTROŁĘCKI,CZARNIA - OBSZAR WIEJSKI
1,0,0,2017,Dobre warunki atmosferyczne,Wywrócenie się pojazdu,Dobre warunki atmosferyczne,Światło dzienne,"Skarpa, rów",EWK-105911179X,16,2017-05-20,Nieokreślone (puste pole),21*15'111,53*21'289,2508W,Obszar niezabudowany,Odcinek prosty,Droga powiatowa,Jednojezdniowa dwukierunkowa,N,POWIAT OSTROŁĘCKI,CZARNIA - OBSZAR WIEJSKI
1,0,1,2017,Dobre warunki atmosferyczne,Wywrócenie się pojazdu,Dobre warunki atmosferyczne,Światło dzienne,"Skarpa, rów",EWK-105916579K,4,2017-05-23,Ciężko,20*28'548,52*34'312,7,Obszar niezabudowany,Odcinek prosty,Droga krajowa,Dwie jezdnie jednokierunkowe,N,POWIAT PŁOŃSKI,ZAŁUSKI - OBSZAR WIEJSKI
1,0,4,2017,Dobre warunki atmosferyczne,Wywrócenie się pojazdu,Dobre warunki atmosferyczne,Światło dzienne,"Skarpa, rów",EWK-105916579K,4,2017-05-23,Lekko,20*28'548,52*34'312,7,Obszar niezabudowany,Odcinek prosty,Droga krajowa,Dwie jezdnie jednokierunkowe,N,POWIAT PŁOŃSKI,ZAŁUSKI - OBSZAR WIEJSKI
1,0,0,2017,Dobre warunki atmosferyczne,Wywrócenie się pojazdu,Dobre warunki atmosferyczne,Światło dzienne,"Skarpa, rów",EWK-105916579K,4,2017-05-23,Nieokreślone (puste pole),20*28'548,52*34'312,7,Obszar niezabudowany,Odcinek prosty,Droga krajowa,Dwie jezdnie jednokierunkowe,N,POWIAT PŁOŃSKI,ZAŁUSKI - OBSZAR WIEJSKI
1,0,1,2017,Dobre warunki atmosferyczne,Wywrócenie się pojazdu,Dobre warunki atmosferyczne,Światło dzienne,"Skarpa, rów",EWK-105920009R,12,2017-05-25,Lekko,20*22'624,52*99'798,P4640W,Obszar zabudowany,"Zakręt, łuk",Droga powiatowa,Jednojezdniowa dwukierunkowa,N,POWIAT MŁAWSKI,SZREŃSK - OBSZAR WIEJSKI
1,0,1,2017,Dobre warunki atmosferyczne,Wywrócenie się pojazdu,Dobre warunki atmosferyczne,Światło dzienne,"Skarpa, rów",EWK-106161232X,17,2017-06-27,Ciężko,20*13'443,52*23'548,62,Obszar niezabudowany,"Zakręt, łuk",Droga krajowa,Jednojezdniowa dwukierunkowa,N,POWIAT PŁOCKI,WYSZOGRÓD - OBSZAR WIEJSKI
1,0,1,2017,Dobre warunki atmosferyczne,Wywrócenie się pojazdu,Dobre warunki atmosferyczne,Światło dzienne,"Skarpa, rów",EWK-106269435N,14,2017-07-19,Lekko,20*44'293,51*16'273,727,Obszar niezabudowany,"Zakręt, łuk",Droga wojewódzka,Jednojezdniowa dwukierunkowa,N,POWIAT PRZYSUSKI,BORKOWICE - OBSZAR WIEJSKI
1,0,1,2017,Dobre warunki atmosferyczne,Wywrócenie się pojazdu,Dobre warunki atmosferyczne,Światło dzienne,"Skarpa, rów",EWK-106315980J,6,2017-08-13,Lekko,21*08'527,53*15'540,3210W,Obszar niezabudowany,Odcinek prosty,Droga powiatowa,Jednojezdniowa dwukierunkowa,T,POWIAT PRZASNYSKI,CHORZELE - OBSZAR WIEJSKI
1,0,1,2017,Dobre warunki atmosferyczne,Wywrócenie się pojazdu,Dobre warunki atmosferyczne,Światło dzienne,"Skarpa, rów",EWK-106321074L,14,2017-08-16,Lekko,20*53'440,51*42'174,P1103W,Obszar niezabudowany,Odcinek prosty,Droga powiatowa,Jednojezdniowa dwukierunkowa,T,POWIAT BIAŁOBRZESKI,PROMNA - OBSZAR WIEJSKI
1,0,1,2017,Dobre warunki atmosferyczne,Wywrócenie się pojazdu,Dobre warunki atmosferyczne,Światło dzienne,"Skarpa, rów",EWK-106342849R,14,2017-08-27,Lekko,21*14'460,51*17'021,9,Obszar niezabudowany,Odcinek prosty,Droga krajowa,Jednojezdniowa dwukierunkowa,N,POWIAT RADOMSKI,SKARYSZEW - OBSZAR MIEJSKI
1,0,2,2017,Dobre warunki atmosferyczne,Wywrócenie się pojazdu,Dobre warunki atmosferyczne,Światło dzienne,"Skarpa, rów",EWK-106439145T,11,2017-10-01,Lekko,19*23'495,52*24'504,581,Obszar zabudowany,Odcinek prosty,Droga wojewódzka,Jednojezdniowa dwukierunkowa,N,POWIAT GOSTYNIŃSKI,GOSTYNIN - OBSZAR WIEJSKI
1,1,0,2017,Dobre warunki atmosferyczne,Wywrócenie się pojazdu,Dobre warunki atmosferyczne,Światło dzienne,"Skarpa, rów",EWK-106439145T,11,2017-10-01,Nieokreślone (puste pole),19*23'495,52*24'504,581,Obszar zabudowany,Odcinek prosty,Droga wojewódzka,Jednojezdniowa dwukierunkowa,N,POWIAT GOSTYNIŃSKI,GOSTYNIN - OBSZAR WIEJSKI
1,0,1,2017,Dobre warunki atmosferyczne,Wywrócenie się pojazdu,Dobre warunki atmosferyczne,Światło dzienne,"Skarpa, rów",EWK-106641110J,7,2017-12-27,Ciężko,20*32'546,52*00'263,P4713W,Obszar zabudowany,Odcinek prosty,Droga powiatowa,Jednojezdniowa dwukierunkowa,N,POWIAT ŻYRARDOWSKI,RADZIEJOWICE - OBSZAR WIEJSKI
1,0,1,2017,Dobre warunki atmosferyczne,Wywrócenie się pojazdu,Dobre warunki atmosferyczne,Światło dzienne,"Wjazd, wyjazd z posesji, pola",EWK-105714892Y,18,2017-03-26,Ciężko,21*05'310,52*48'398,G211013W,Obszar niezabudowany,"Zakręt, łuk",Droga gminna,Jednojezdniowa dwukierunkowa,N,POWIAT MAKOWSKI,SZELKÓW - OBSZAR WIEJSKI
1,0,0,2017,Dobre warunki atmosferyczne,Wywrócenie się pojazdu,Dobre warunki atmosferyczne,Światło dzienne,"Wjazd, wyjazd z posesji, pola",EWK-105714892Y,18,2017-03-26,Nieokreślone (puste pole),21*05'310,52*48'398,G211013W,Obszar niezabudowany,"Zakręt, łuk",Droga gminna,Jednojezdniowa dwukierunkowa,N,POWIAT MAKOWSKI,SZELKÓW - OBSZAR WIEJSKI
1,1,0,2017,Dobre warunki atmosferyczne,Wywrócenie się pojazdu,Dobre warunki atmosferyczne,"Świt, zmrok",Jezdnia,EWK-105404855A,17,2017-02-06,Nieokreślone (puste pole),19*51'189,52*49'549,23748W,Obszar zabudowany,"Zakręt, łuk",Droga powiatowa,Jednojezdniowa dwukierunkowa,T,POWIAT SIERPECKI,ZAWIDZ - OBSZAR WIEJSKI
1,0,1,2017,Dobre warunki atmosferyczne,Wywrócenie się pojazdu,Dobre warunki atmosferyczne,"Świt, zmrok",Jezdnia,EWK-105713692X,19,2017-03-24,Ciężko,20*46'172,52*57'197,G120709W,Obszar niezabudowany,"Zakręt, łuk",Droga gminna,Jednojezdniowa dwukierunkowa,N,POWIAT CIECHANOWSKI,OPINOGÓRA GÓRNA - OBSZAR WIEJSKI
1,0,1,2017,Dobre warunki atmosferyczne,Wywrócenie się pojazdu,Dobre warunki atmosferyczne,"Świt, zmrok",Jezdnia,EWK-105744861X,20,2017-04-08,Ciężko,19*20'047,52*22'587,581,Obszar zabudowany,"Zakręt, łuk",Droga wojewódzka,Jednojezdniowa dwukierunkowa,T,POWIAT GOSTYNIŃSKI,GOSTYNIN - OBSZAR WIEJSKI
1,1,0,2017,Dobre warunki atmosferyczne,Wywrócenie się pojazdu,Dobre warunki atmosferyczne,"Świt, zmrok",Jezdnia,EWK-105744861X,20,2017-04-08,Nieokreślone (puste pole),19*20'047,52*22'587,581,Obszar zabudowany,"Zakręt, łuk",Droga wojewódzka,Jednojezdniowa dwukierunkowa,T,POWIAT GOSTYNIŃSKI,GOSTYNIN - OBSZAR WIEJSKI
1,0,1,2017,Dobre warunki atmosferyczne,Wywrócenie się pojazdu,Dobre warunki atmosferyczne,"Świt, zmrok",Jezdnia,EWK-105949099E,21,2017-06-05,Lekko,21*08'590,51*24'152,P5339W,Obszar zabudowany,Odcinek prosty,Droga powiatowa,Dwie jezdnie jednokierunkowe,N,POWIAT RADOM,RADOM - OBSZAR MIEJSKI
1,1,0,2017,Dobre warunki atmosferyczne,Wywrócenie się pojazdu,Dobre warunki atmosferyczne,"Świt, zmrok",Jezdnia,EWK-106302142G,20,2017-08-06,Nieokreślone (puste pole),20*47'071,52*50'247,60,Obszar niezabudowany,Odcinek prosty,Droga krajowa,Jednojezdniowa dwukierunkowa,N,POWIAT CIECHANOWSKI,GOŁYMIN-OŚRODEK - OBSZAR WIEJSKI
1,0,1,2017,Dobre warunki atmosferyczne,Wywrócenie się pojazdu,Dobre warunki atmosferyczne,"Świt, zmrok",Jezdnia,EWK-106516042J,6,2017-11-01,Lekko,19*42'024,52*53'010,541,Obszar niezabudowany,Odcinek prosty,Droga wojewódzka,Jednojezdniowa dwukierunkowa,N,POWIAT SIERPECKI,ROŚCISZEWO - OBSZAR WIEJSKI
1,0,2,2017,Dobre warunki atmosferyczne,Wywrócenie się pojazdu,Dobre warunki atmosferyczne,"Świt, zmrok",Jezdnia,EWK-106523753N,18,2017-11-05,Lekko,21*33'510,53*02'570,2569W,Obszar zabudowany,,Droga powiatowa,Jednojezdniowa dwukierunkowa,N,POWIAT OSTROŁĘCKI,RZEKUŃ - OBSZAR WIEJSKI
1,1,0,2017,Dobre warunki atmosferyczne,Wywrócenie się pojazdu,Dobre warunki atmosferyczne,"Świt, zmrok",Jezdnia,EWK-106523753N,18,2017-11-05,Nieokreślone (puste pole),21*33'510,53*02'570,2569W,Obszar zabudowany,,Droga powiatowa,Jednojezdniowa dwukierunkowa,N,POWIAT OSTROŁĘCKI,RZEKUŃ - OBSZAR WIEJSKI
1,0,1,2017,Dobre warunki atmosferyczne,Wywrócenie się pojazdu,Dobre warunki atmosferyczne,"Świt, zmrok",Jezdnia,EWK-106531095M,6,2017-11-07,Ciężko,20*16'410,52*25'397,P2991W,Obszar niezabudowany,Odcinek prosty,Droga powiatowa,Jednojezdniowa dwukierunkowa,N,POWIAT PŁOŃSKI,CZERWIŃSK NAD WISŁĄ - OBSZAR WIEJSKI
1,1,0,2017,Dobre warunki atmosferyczne,Wywrócenie się pojazdu,Dobre warunki atmosferyczne,"Świt, zmrok",Jezdnia,EWK-106608068E,16,2017-12-09,Nieokreślone (puste pole),22*29'189,52*18'130,P,Obszar niezabudowany,Odcinek prosty,Droga powiatowa,Jednojezdniowa dwukierunkowa,N,POWIAT SIEDLECKI,PAPROTNIA - OBSZAR WIEJSKI
1,0,1,2017,Dobre warunki atmosferyczne,Wywrócenie się pojazdu,Dobre warunki atmosferyczne,"Świt, zmrok",Jezdnia,EWK-106626675G,5,2017-12-19,Lekko,21*27'155,53*12'131,53,Obszar niezabudowany,Odcinek prosty,Droga krajowa,Jednojezdniowa dwukierunkowa,N,POWIAT OSTROŁĘCKI,KADZIDŁO - OBSZAR WIEJSKI
1,0,0,2017,Dobre warunki atmosferyczne,Wywrócenie się pojazdu,Dobre warunki atmosferyczne,"Świt, zmrok",Jezdnia,EWK-106626675G,5,2017-12-19,Nieokreślone (puste pole),21*27'155,53*12'131,53,Obszar niezabudowany,Odcinek prosty,Droga krajowa,Jednojezdniowa dwukierunkowa,N,POWIAT OSTROŁĘCKI,KADZIDŁO - OBSZAR WIEJSKI
1,0,2,2017,Dobre warunki atmosferyczne,Wywrócenie się pojazdu,Dobre warunki atmosferyczne,"Świt, zmrok",Pobocze,EWK-105319138E,6,2017-01-02,Ciężko,21*16'114,51*36'111,48,Obszar niezabudowany,,Droga krajowa,Jednojezdniowa dwukierunkowa,T,POWIAT KOZIENICKI,GŁOWACZÓW - OBSZAR WIEJSKI
1,0,1,2017,Dobre warunki atmosferyczne,Wywrócenie się pojazdu,Dobre warunki atmosferyczne,"Świt, zmrok",Pobocze,EWK-105319138E,6,2017-01-02,Lekko,21*16'114,51*36'111,48,Obszar niezabudowany,,Droga krajowa,Jednojezdniowa dwukierunkowa,T,POWIAT KOZIENICKI,GŁOWACZÓW - OBSZAR WIEJSKI
1,0,1,2017,Dobre warunki atmosferyczne,Wywrócenie się pojazdu,Dobre warunki atmosferyczne,"Świt, zmrok",Pobocze,EWK-105601902T,21,2017-03-16,Ciężko,21*40'068,52*32'196,62,Obszar zabudowany,"Zakręt, łuk",Droga krajowa,Jednojezdniowa dwukierunkowa,N,POWIAT WĘGROWSKI,ŁOCHÓW - OBSZAR WIEJSKI
1,0,1,2017,Dobre warunki atmosferyczne,Zdarzenie z pasażerem,Dobre warunki atmosferyczne,Noc - droga nieoświetlona,Jezdnia,EWK-106580433X,18,2017-11-25,Lekko,21*30'457,52*36'434,,Obszar niezabudowany,Odcinek prosty,Nieokreślone (puste pole),Jednojezdniowa dwukierunkowa,N,POWIAT WYSZKOWSKI,BRAŃSZCZYK - OBSZAR WIEJSKI
1,0,0,2017,Dobre warunki atmosferyczne,Zdarzenie z pasażerem,Dobre warunki atmosferyczne,Noc - droga nieoświetlona,Jezdnia,EWK-106580433X,18,2017-11-25,Nieokreślone (puste pole),21*30'457,52*36'434,,Obszar niezabudowany,Odcinek prosty,Nieokreślone (puste pole),Jednojezdniowa dwukierunkowa,N,POWIAT WYSZKOWSKI,BRAŃSZCZYK - OBSZAR WIEJSKI
1,0,1,2017,Dobre warunki atmosferyczne,Zdarzenie z pasażerem,Dobre warunki atmosferyczne,Światło dzienne,Jezdnia,EWK-105759744C,16,2017-04-17,Lekko,21*41'161,53*09'325,2539W,Obszar niezabudowany,Odcinek prosty,Droga powiatowa,Jednojezdniowa dwukierunkowa,N,POWIAT OSTROŁĘCKI,LELIS - OBSZAR WIEJSKI