Liczba wypadków,Liczba zabitych,Liczba rannych,Rok,Warunki atmosferyczne,Rodzaj zdarzenia,Warunki atmosferyczne,Oświetlenie,Charakterystyka miejsca zdarzenia,IDKSIP zdarzenia,Godzina,Dzień,Ranny,GPS x,GPS y,Numer drogi,Obszar,Geometria drogi,Kategoria drogi 1,Rodzaj drogi,Czy w zdarzeniu był sprawca nietrzeźwy,Powiat,Gmina
1,0,1,2017,Dobre warunki atmosferyczne,Zderzenie pojazdów boczne,Dobre warunki atmosferyczne,Światło dzienne,"Wjazd, wyjazd z posesji, pola",EWK-105930008T,16,2017-05-30,Lekko,19*45'453,52*32'039,62,Obszar zabudowany,Odcinek prosty,Droga krajowa,Dwie jezdnie jednokierunkowe,N,POWIAT PŁOCK,PŁOCK - OBSZAR MIEJSKI
1,0,0,2017,Dobre warunki atmosferyczne,Zderzenie pojazdów boczne,Dobre warunki atmosferyczne,Światło dzienne,"Wjazd, wyjazd z posesji, pola",EWK-105930008T,16,2017-05-30,Nieokreślone (puste pole),19*45'453,52*32'039,62,Obszar zabudowany,Odcinek prosty,Droga krajowa,Dwie jezdnie jednokierunkowe,N,POWIAT PŁOCK,PŁOCK - OBSZAR MIEJSKI
1,0,1,2017,Dobre warunki atmosferyczne,Zderzenie pojazdów boczne,Dobre warunki atmosferyczne,Światło dzienne,"Wjazd, wyjazd z posesji, pola",EWK-105940333Q,17,2017-06-01,Lekko,21*08'080,51*24'169,P5347W,Obszar zabudowany,Odcinek prosty,Droga powiatowa,Jednojezdniowa dwukierunkowa,N,POWIAT RADOM,RADOM - OBSZAR MIEJSKI
1,0,0,2017,Dobre warunki atmosferyczne,Zderzenie pojazdów boczne,Dobre warunki atmosferyczne,Światło dzienne,"Wjazd, wyjazd z posesji, pola",EWK-105940333Q,17,2017-06-01,Nieokreślone (puste pole),21*08'080,51*24'169,P5347W,Obszar zabudowany,Odcinek prosty,Droga powiatowa,Jednojezdniowa dwukierunkowa,N,POWIAT RADOM,RADOM - OBSZAR MIEJSKI
1,0,1,2017,Dobre warunki atmosferyczne,Zderzenie pojazdów boczne,Dobre warunki atmosferyczne,Światło dzienne,"Wjazd, wyjazd z posesji, pola",EWK-106164915A,10,2017-06-19,Lekko,22*13'186,52*24'260,62,Obszar zabudowany,,Droga krajowa,Jednojezdniowa dwukierunkowa,N,POWIAT SOKOŁOWSKI,SOKOŁÓW PODLASKI - OBSZAR MIEJSKI
1,0,0,2017,Dobre warunki atmosferyczne,Zderzenie pojazdów boczne,Dobre warunki atmosferyczne,Światło dzienne,"Wjazd, wyjazd z posesji, pola",EWK-106164915A,10,2017-06-19,Nieokreślone (puste pole),22*13'186,52*24'260,62,Obszar zabudowany,,Droga krajowa,Jednojezdniowa dwukierunkowa,N,POWIAT SOKOŁOWSKI,SOKOŁÓW PODLASKI - OBSZAR MIEJSKI
1,0,1,2017,Dobre warunki atmosferyczne,Zderzenie pojazdów boczne,Dobre warunki atmosferyczne,Światło dzienne,"Wjazd, wyjazd z posesji, pola",EWK-106263640C,18,2017-07-17,Lekko,19*44'506,52*32'165,62,Obszar zabudowany,Odcinek prosty,Droga krajowa,Dwie jezdnie jednokierunkowe,N,POWIAT PŁOCK,PŁOCK - OBSZAR MIEJSKI
1,0,0,2017,Dobre warunki atmosferyczne,Zderzenie pojazdów boczne,Dobre warunki atmosferyczne,Światło dzienne,"Wjazd, wyjazd z posesji, pola",EWK-106263640C,18,2017-07-17,Nieokreślone (puste pole),19*44'506,52*32'165,62,Obszar zabudowany,Odcinek prosty,Droga krajowa,Dwie jezdnie jednokierunkowe,N,POWIAT PŁOCK,PŁOCK - OBSZAR MIEJSKI
1,0,1,2017,Dobre warunki atmosferyczne,Zderzenie pojazdów boczne,Dobre warunki atmosferyczne,Światło dzienne,"Wjazd, wyjazd z posesji, pola",EWK-106305074Q,18,2017-08-07,Lekko,21*10'431,51*31'310,GMINNA,Obszar zabudowany,Odcinek prosty,Droga gminna,Jednojezdniowa dwukierunkowa,N,POWIAT RADOMSKI,JEDLIŃSK - OBSZAR WIEJSKI
1,0,0,2017,Dobre warunki atmosferyczne,Zderzenie pojazdów boczne,Dobre warunki atmosferyczne,Światło dzienne,"Wjazd, wyjazd z posesji, pola",EWK-106305074Q,18,2017-08-07,Nieokreślone (puste pole),21*10'431,51*31'310,GMINNA,Obszar zabudowany,Odcinek prosty,Droga gminna,Jednojezdniowa dwukierunkowa,N,POWIAT RADOMSKI,JEDLIŃSK - OBSZAR WIEJSKI
1,0,1,2017,Dobre warunki atmosferyczne,Zderzenie pojazdów boczne,Dobre warunki atmosferyczne,Światło dzienne,"Wjazd, wyjazd z posesji, pola",EWK-106314017Q,11,2017-08-11,Lekko,21*08'405,51*27'096,P5348W,Obszar zabudowany,Odcinek prosty,Droga powiatowa,Jednojezdniowa dwukierunkowa,N,POWIAT RADOM,RADOM - OBSZAR MIEJSKI
1,0,0,2017,Dobre warunki atmosferyczne,Zderzenie pojazdów boczne,Dobre warunki atmosferyczne,Światło dzienne,"Wjazd, wyjazd z posesji, pola",EWK-106314017Q,11,2017-08-11,Nieokreślone (puste pole),21*08'405,51*27'096,P5348W,Obszar zabudowany,Odcinek prosty,Droga powiatowa,Jednojezdniowa dwukierunkowa,N,POWIAT RADOM,RADOM - OBSZAR MIEJSKI
1,0,1,2017,Dobre warunki atmosferyczne,Zderzenie pojazdów boczne,Dobre warunki atmosferyczne,Światło dzienne,"Wjazd, wyjazd z posesji, pola",EWK-106406781H,13,2017-09-16,Lekko,19*42'129,52*32'369,G520082W,Obszar zabudowany,Odcinek prosty,Droga gminna,Jednojezdniowa dwukierunkowa,N,POWIAT PŁOCK,PŁOCK - OBSZAR MIEJSKI
1,0,0,2017,Dobre warunki atmosferyczne,Zderzenie pojazdów boczne,Dobre warunki atmosferyczne,Światło dzienne,"Wjazd, wyjazd z posesji, pola",EWK-106406781H,13,2017-09-16,Nieokreślone (puste pole),19*42'129,52*32'369,G520082W,Obszar zabudowany,Odcinek prosty,Droga gminna,Jednojezdniowa dwukierunkowa,N,POWIAT PŁOCK,PŁOCK - OBSZAR MIEJSKI
1,0,1,2017,Dobre warunki atmosferyczne,Zderzenie pojazdów boczne,Dobre warunki atmosferyczne,Światło dzienne,"Wjazd, wyjazd z posesji, pola",EWK-106421616J,15,2017-09-23,Lekko,19*42'530,52*33'248,5214W,Obszar zabudowany,Odcinek prosty,Droga powiatowa,Jednojezdniowa dwukierunkowa,N,POWIAT PŁOCK,PŁOCK - OBSZAR MIEJSKI
1,0,0,2017,Dobre warunki atmosferyczne,Zderzenie pojazdów boczne,Dobre warunki atmosferyczne,Światło dzienne,"Wjazd, wyjazd z posesji, pola",EWK-106421616J,15,2017-09-23,Nieokreślone (puste pole),19*42'530,52*33'248,5214W,Obszar zabudowany,Odcinek prosty,Droga powiatowa,Jednojezdniowa dwukierunkowa,N,POWIAT PŁOCK,PŁOCK - OBSZAR MIEJSKI
1,0,1,2017,Dobre warunki atmosferyczne,Zderzenie pojazdów boczne,Dobre warunki atmosferyczne,Światło dzienne,"Wjazd, wyjazd z posesji, pola",EWK-106582842N,12,2017-11-24,Lekko,19*45'224,52*32'040,G520046W,Obszar zabudowany,Odcinek prosty,Droga gminna,Jednojezdniowa dwukierunkowa,N,POWIAT PŁOCK,PŁOCK - OBSZAR MIEJSKI
1,0,0,2017,Dobre warunki atmosferyczne,Zderzenie pojazdów boczne,Dobre warunki atmosferyczne,Światło dzienne,"Wjazd, wyjazd z posesji, pola",EWK-106582842N,12,2017-11-24,Nieokreślone (puste pole),19*45'224,52*32'040,G520046W,Obszar zabudowany,Odcinek prosty,Droga gminna,Jednojezdniowa dwukierunkowa,N,POWIAT PŁOCK,PŁOCK - OBSZAR MIEJSKI
1,0,1,2017,Dobre warunki atmosferyczne,Zderzenie pojazdów boczne,Dobre warunki atmosferyczne,"Świt, zmrok","Droga, pas ruchu, śluza dla rowerów",EWK-106458439W,18,2017-10-10,Lekko,20*57'204,51*38'447,48,Obszar zabudowany,Odcinek prosty,Droga krajowa,Jednojezdniowa dwukierunkowa,N,POWIAT BIAŁOBRZESKI,BIAŁOBRZEGI - OBSZAR MIEJSKI
1,0,0,2017,Dobre warunki atmosferyczne,Zderzenie pojazdów boczne,Dobre warunki atmosferyczne,"Świt, zmrok","Droga, pas ruchu, śluza dla rowerów",EWK-106458439W,18,2017-10-10,Nieokreślone (puste pole),20*57'204,51*38'447,48,Obszar zabudowany,Odcinek prosty,Droga krajowa,Jednojezdniowa dwukierunkowa,N,POWIAT BIAŁOBRZESKI,BIAŁOBRZEGI - OBSZAR MIEJSKI
1,0,1,2017,Dobre warunki atmosferyczne,Zderzenie pojazdów boczne,Dobre warunki atmosferyczne,"Świt, zmrok",Jezdnia,EWK-105491514Q,17,2017-02-27,Lekko,20*30'455,52*51'033,60,Obszar zabudowany,"Zakręt, łuk",Droga krajowa,Jednojezdniowa dwukierunkowa,N,POWIAT CIECHANOWSKI,CIECHANÓW - OBSZAR WIEJSKI
1,0,0,2017,Dobre warunki atmosferyczne,Zderzenie pojazdów boczne,Dobre warunki atmosferyczne,"Świt, zmrok",Jezdnia,EWK-105491514Q,17,2017-02-27,Nieokreślone (puste pole),20*30'455,52*51'033,60,Obszar zabudowany,"Zakręt, łuk",Droga krajowa,Jednojezdniowa dwukierunkowa,N,POWIAT CIECHANOWSKI,CIECHANÓW - OBSZAR WIEJSKI
1,0,1,2017,Dobre warunki atmosferyczne,Zderzenie pojazdów boczne,Dobre warunki atmosferyczne,"Świt, zmrok",Jezdnia,EWK-105726527P,19,2017-04-01,Ciężko,19*38'123,52*47'417,GMINNA,Obszar niezabudowany,Odcinek prosty,Droga gminna,Jednojezdniowa dwukierunkowa,N,POWIAT SIERPECKI,SIERPC - OBSZAR WIEJSKI
1,0,2,2017,Dobre warunki atmosferyczne,Zderzenie pojazdów boczne,Dobre warunki atmosferyczne,"Świt, zmrok",Jezdnia,EWK-105726527P,19,2017-04-01,Lekko,19*38'123,52*47'417,GMINNA,Obszar niezabudowany,Odcinek prosty,Droga gminna,Jednojezdniowa dwukierunkowa,N,POWIAT SIERPECKI,SIERPC - OBSZAR WIEJSKI
1,0,1,2017,Dobre warunki atmosferyczne,Zderzenie pojazdów boczne,Dobre warunki atmosferyczne,"Świt, zmrok",Jezdnia,EWK-105762143C,19,2017-04-17,Lekko,22*16'133,52*09'548,GMINNA,Obszar zabudowany,,Droga gminna,Jednojezdniowa dwukierunkowa,N,POWIAT SIEDLCE,SIEDLCE - OBSZAR MIEJSKI
1,0,0,2017,Dobre warunki atmosferyczne,Zderzenie pojazdów boczne,Dobre warunki atmosferyczne,"Świt, zmrok",Jezdnia,EWK-105762143C,19,2017-04-17,Nieokreślone (puste pole),22*16'133,52*09'548,GMINNA,Obszar zabudowany,,Droga gminna,Jednojezdniowa dwukierunkowa,N,POWIAT SIEDLCE,SIEDLCE - OBSZAR MIEJSKI
1,0,1,2017,Dobre warunki atmosferyczne,Zderzenie pojazdów boczne,Dobre warunki atmosferyczne,"Świt, zmrok",Jezdnia,EWK-105767391A,5,2017-04-24,Lekko,22*15'021,52*24'291,62,Obszar zabudowany,,Droga krajowa,Jednojezdniowa dwukierunkowa,N,POWIAT SOKOŁOWSKI,SOKOŁÓW PODLASKI - OBSZAR MIEJSKI
1,0,0,2017,Dobre warunki atmosferyczne,Zderzenie pojazdów boczne,Dobre warunki atmosferyczne,"Świt, zmrok",Jezdnia,EWK-105767391A,5,2017-04-24,Nieokreślone (puste pole),22*15'021,52*24'291,62,Obszar zabudowany,,Droga krajowa,Jednojezdniowa dwukierunkowa,N,POWIAT SOKOŁOWSKI,SOKOŁÓW PODLASKI - OBSZAR MIEJSKI
1,0,1,2017,Dobre warunki atmosferyczne,Zderzenie pojazdów boczne,Dobre warunki atmosferyczne,"Świt, zmrok",Jezdnia,EWK-105789852H,19,2017-05-05,Lekko,21*09'066,51*24'095,G530175W,Obszar zabudowany,,Droga gminna,Jednojezdniowa dwukierunkowa,N,POWIAT RADOM,RADOM - OBSZAR MIEJSKI
1,0,0,2017,Dobre warunki atmosferyczne,Zderzenie pojazdów boczne,Dobre warunki atmosferyczne,"Świt, zmrok",Jezdnia,EWK-105789852H,19,2017-05-05,Nieokreślone (puste pole),21*09'066,51*24'095,G530175W,Obszar zabudowany,,Droga gminna,Jednojezdniowa dwukierunkowa,N,POWIAT RADOM,RADOM - OBSZAR MIEJSKI
1,0,2,2017,Dobre warunki atmosferyczne,Zderzenie pojazdów boczne,Dobre warunki atmosferyczne,"Świt, zmrok",Jezdnia,EWK-105906771A,21,2017-05-17,Lekko,20*23'551,53*06'160,7,Obszar niezabudowany,,Droga krajowa,Jednojezdniowa dwukierunkowa,N,POWIAT MŁAWSKI,MŁAWA - OBSZAR MIEJSKI
1,0,0,2017,Dobre warunki atmosferyczne,Zderzenie pojazdów boczne,Dobre warunki atmosferyczne,"Świt, zmrok",Jezdnia,EWK-105906771A,21,2017-05-17,Nieokreślone (puste pole),20*23'551,53*06'160,7,Obszar niezabudowany,,Droga krajowa,Jednojezdniowa dwukierunkowa,N,POWIAT MŁAWSKI,MŁAWA - OBSZAR MIEJSKI
1,0,2,2017,Dobre warunki atmosferyczne,Zderzenie pojazdów boczne,Dobre warunki atmosferyczne,"Świt, zmrok",Jezdnia,EWK-105923033X,21,2017-05-26,Ciężko,19*56'345,52*41'467,60,Obszar zabudowany,Odcinek prosty,Droga krajowa,Jednojezdniowa dwukierunkowa,N,POWIAT PŁOCKI,DROBIN - OBSZAR WIEJSKI
1,0,0,2017,Dobre warunki atmosferyczne,Zderzenie pojazdów boczne,Dobre warunki atmosferyczne,"Świt, zmrok",Jezdnia,EWK-105923033X,21,2017-05-26,Nieokreślone (puste pole),19*56'345,52*41'467,60,Obszar zabudowany,Odcinek prosty,Droga krajowa,Jednojezdniowa dwukierunkowa,N,POWIAT PŁOCKI,DROBIN - OBSZAR WIEJSKI
1,0,2,2017,Dobre warunki atmosferyczne,Zderzenie pojazdów boczne,Dobre warunki atmosferyczne,"Świt, zmrok",Jezdnia,EWK-106168467U,3,2017-07-01,Lekko,21*08'341,51*24'323,P5305W,Obszar zabudowany,,Droga powiatowa,Dwie jezdnie jednokierunkowe,N,POWIAT RADOM,RADOM - OBSZAR MIEJSKI
1,0,0,2017,Dobre warunki atmosferyczne,Zderzenie pojazdów boczne,Dobre warunki atmosferyczne,"Świt, zmrok",Jezdnia,EWK-106168467U,3,2017-07-01,Nieokreślone (puste pole),21*08'341,51*24'323,P5305W,Obszar zabudowany,,Droga powiatowa,Dwie jezdnie jednokierunkowe,N,POWIAT RADOM,RADOM - OBSZAR MIEJSKI
1,0,1,2017,Dobre warunki atmosferyczne,Zderzenie pojazdów boczne,Dobre warunki atmosferyczne,"Świt, zmrok",Jezdnia,EWK-106261718J,3,2017-07-16,Ciężko,19*49'163,53*03'011,563,Obszar zabudowany,,Droga wojewódzka,Jednojezdniowa dwukierunkowa,N,POWIAT ŻUROMIŃSKI,ŻUROMIN - OBSZAR WIEJSKI
1,0,0,2017,Dobre warunki atmosferyczne,Zderzenie pojazdów boczne,Dobre warunki atmosferyczne,"Świt, zmrok",Jezdnia,EWK-106261718J,3,2017-07-16,Nieokreślone (puste pole),19*49'163,53*03'011,563,Obszar zabudowany,,Droga wojewódzka,Jednojezdniowa dwukierunkowa,N,POWIAT ŻUROMIŃSKI,ŻUROMIN - OBSZAR WIEJSKI
1,0,1,2017,Dobre warunki atmosferyczne,Zderzenie pojazdów boczne,Dobre warunki atmosferyczne,"Świt, zmrok",Jezdnia,EWK-106269257U,20,2017-07-19,Lekko,21*32'233,51*35'313,79,Obszar zabudowany,,Droga krajowa,Jednojezdniowa dwukierunkowa,N,POWIAT KOZIENICKI,KOZIENICE - OBSZAR MIEJSKI
1,0,0,2017,Dobre warunki atmosferyczne,Zderzenie pojazdów boczne,Dobre warunki atmosferyczne,"Świt, zmrok",Jezdnia,EWK-106269257U,20,2017-07-19,Nieokreślone (puste pole),21*32'233,51*35'313,79,Obszar zabudowany,,Droga krajowa,Jednojezdniowa dwukierunkowa,N,POWIAT KOZIENICKI,KOZIENICE - OBSZAR MIEJSKI
1,0,1,2017,Dobre warunki atmosferyczne,Zderzenie pojazdów boczne,Dobre warunki atmosferyczne,"Świt, zmrok",Jezdnia,EWK-106318258W,20,2017-08-14,Ciężko,19*41'044,52*33'325,5212W,Obszar zabudowany,,Droga powiatowa,Jednojezdniowa dwukierunkowa,N,POWIAT PŁOCK,PŁOCK - OBSZAR MIEJSKI
1,0,0,2017,Dobre warunki atmosferyczne,Zderzenie pojazdów boczne,Dobre warunki atmosferyczne,"Świt, zmrok",Jezdnia,EWK-106318258W,20,2017-08-14,Nieokreślone (puste pole),19*41'044,52*33'325,5212W,Obszar zabudowany,,Droga powiatowa,Jednojezdniowa dwukierunkowa,N,POWIAT PŁOCK,PŁOCK - OBSZAR MIEJSKI
1,0,1,2017,Dobre warunki atmosferyczne,Zderzenie pojazdów boczne,Dobre warunki atmosferyczne,"Świt, zmrok",Jezdnia,EWK-106451413K,18,2017-10-06,Lekko,19*47'211,52*31'428,62,Obszar niezabudowany,,Droga krajowa,Jednojezdniowa dwukierunkowa,N,POWIAT PŁOCK,PŁOCK - OBSZAR MIEJSKI
1,0,0,2017,Dobre warunki atmosferyczne,Zderzenie pojazdów boczne,Dobre warunki atmosferyczne,"Świt, zmrok",Jezdnia,EWK-106451413K,18,2017-10-06,Nieokreślone (puste pole),19*47'211,52*31'428,62,Obszar niezabudowany,,Droga krajowa,Jednojezdniowa dwukierunkowa,N,POWIAT PŁOCK,PŁOCK - OBSZAR MIEJSKI
1,0,2,2017,Dobre warunki atmosferyczne,Zderzenie pojazdów boczne,Dobre warunki atmosferyczne,"Świt, zmrok",Jezdnia,EWK-106476474R,17,2017-10-13,Ciężko,21*27'204,53*12'277,53,Obszar niezabudowany,"Zakręt, łuk",Droga krajowa,Jednojezdniowa dwukierunkowa,N,POWIAT OSTROŁĘCKI,KADZIDŁO - OBSZAR WIEJSKI
1,0,3,2017,Dobre warunki atmosferyczne,Zderzenie pojazdów boczne,Dobre warunki atmosferyczne,"Świt, zmrok",Jezdnia,EWK-106476474R,17,2017-10-13,Lekko,21*27'204,53*12'277,53,Obszar niezabudowany,"Zakręt, łuk",Droga krajowa,Jednojezdniowa dwukierunkowa,N,POWIAT OSTROŁĘCKI,KADZIDŁO - OBSZAR WIEJSKI
1,0,1,2017,Dobre warunki atmosferyczne,Zderzenie pojazdów boczne,Dobre warunki atmosferyczne,"Świt, zmrok",Jezdnia,EWK-106476611E,7,2017-10-16,Lekko,19*28'169,52*25'449,P1452W,Obszar zabudowany,,Droga powiatowa,Jednojezdniowa dwukierunkowa,N,POWIAT GOSTYNIŃSKI,GOSTYNIN - OBSZAR MIEJSKI
1,0,0,2017,Dobre warunki atmosferyczne,Zderzenie pojazdów boczne,Dobre warunki atmosferyczne,"Świt, zmrok",Jezdnia,EWK-106476611E,7,2017-10-16,Nieokreślone (puste pole),19*28'169,52*25'449,P1452W,Obszar zabudowany,,Droga powiatowa,Jednojezdniowa dwukierunkowa,N,POWIAT GOSTYNIŃSKI,GOSTYNIN - OBSZAR MIEJSKI
1,1,0,2017,Dobre warunki atmosferyczne,Zderzenie pojazdów boczne,Dobre warunki atmosferyczne,"Świt, zmrok",Jezdnia,EWK-106613783C,16,2017-12-12,Nieokreślone (puste pole),21*22'474,51*28'454,737,Obszar zabudowany,Odcinek prosty,Droga wojewódzka,Jednojezdniowa dwukierunkowa,N,POWIAT RADOMSKI,PIONKI - OBSZAR WIEJSKI
1,0,2,2017,Dobre warunki atmosferyczne,Zderzenie pojazdów boczne,Dobre warunki atmosferyczne,"Świt, zmrok",Jezdnia,EWK-106634141K,15,2017-12-18,Lekko,21*07'254,51*23'363,12,Obszar zabudowany,,Droga krajowa,Dwie jezdnie jednokierunkowe,N,POWIAT RADOM,RADOM - OBSZAR MIEJSKI
1,0,0,2017,Dobre warunki atmosferyczne,Zderzenie pojazdów boczne,Dobre warunki atmosferyczne,"Świt, zmrok",Jezdnia,EWK-106634141K,15,2017-12-18,Nieokreślone (puste pole),21*07'254,51*23'363,12,Obszar zabudowany,,Droga krajowa,Dwie jezdnie jednokierunkowe,N,POWIAT RADOM,RADOM - OBSZAR MIEJSKI
1,0,1,2017,Dobre warunki atmosferyczne,Zderzenie pojazdów czołowe,Dobre warunki atmosferyczne,Noc - droga nieoświetlona,Jezdnia,EWK-105316569G,17,2017-01-01,Lekko,20*33'467,51*38'273,707,Obszar niezabudowany,,Droga wojewódzka,Jednojezdniowa dwukierunkowa,N,POWIAT GRÓJECKI,NOWE MIASTO NAD PILICĄ - OBSZAR MIEJSKI
1,0,0,2017,Dobre warunki atmosferyczne,Zderzenie pojazdów czołowe,Dobre warunki atmosferyczne,Noc - droga nieoświetlona,Jezdnia,EWK-105316569G,17,2017-01-01,Nieokreślone (puste pole),20*33'467,51*38'273,707,Obszar niezabudowany,,Droga wojewódzka,Jednojezdniowa dwukierunkowa,N,POWIAT GRÓJECKI,NOWE MIASTO NAD PILICĄ - OBSZAR MIEJSKI
1,0,2,2017,Dobre warunki atmosferyczne,Zderzenie pojazdów czołowe,Dobre warunki atmosferyczne,Noc - droga nieoświetlona,Jezdnia,EWK-105333385W,1,2017-01-11,Ciężko,20*12'345,52*21'232,50,Obszar niezabudowany,"Zakręt, łuk",Droga krajowa,Jednojezdniowa dwukierunkowa,N,POWIAT SOCHACZEWSKI,MŁODZIESZYN - OBSZAR WIEJSKI
1,0,1,2017,Dobre warunki atmosferyczne,Zderzenie pojazdów czołowe,Dobre warunki atmosferyczne,Noc - droga nieoświetlona,Jezdnia,EWK-105352292P,17,2017-01-18,Lekko,19*44'319,52*25'136,574,Obszar niezabudowany,"Zakręt, łuk",Droga wojewódzka,Jednojezdniowa dwukierunkowa,T,POWIAT PŁOCKI,GĄBIN - OBSZAR WIEJSKI
1,0,0,2017,Dobre warunki atmosferyczne,Zderzenie pojazdów czołowe,Dobre warunki atmosferyczne,Noc - droga nieoświetlona,Jezdnia,EWK-105352292P,17,2017-01-18,Nieokreślone (puste pole),19*44'319,52*25'136,574,Obszar niezabudowany,"Zakręt, łuk",Droga wojewódzka,Jednojezdniowa dwukierunkowa,T,POWIAT PŁOCKI,GĄBIN - OBSZAR WIEJSKI
1,1,0,2017,Dobre warunki atmosferyczne,Zderzenie pojazdów czołowe,Dobre warunki atmosferyczne,Noc - droga nieoświetlona,Jezdnia,EWK-105399578D,20,2017-02-06,Nieokreślone (puste pole),21*19'574,51*48'255,79,Obszar niezabudowany,Odcinek prosty,Droga krajowa,Jednojezdniowa dwukierunkowa,N,POWIAT KOZIENICKI,MAGNUSZEW - OBSZAR WIEJSKI
1,0,2,2017,Dobre warunki atmosferyczne,Zderzenie pojazdów czołowe,Dobre warunki atmosferyczne,Noc - droga nieoświetlona,Jezdnia,EWK-105577455E,19,2017-03-09,Lekko,20*24'372,52*12'493,92,Obszar niezabudowany,Odcinek prosty,Droga krajowa,Jednojezdniowa dwukierunkowa,T,POWIAT SOCHACZEWSKI,TERESIN - OBSZAR WIEJSKI
1,1,0,2017,Dobre warunki atmosferyczne,Zderzenie pojazdów czołowe,Dobre warunki atmosferyczne,Noc - droga nieoświetlona,Jezdnia,EWK-105715148X,18,2017-03-24,Nieokreślone (puste pole),22*54'080,52*10'493,698,Obszar niezabudowany,Odcinek prosty,Droga wojewódzka,Jednojezdniowa dwukierunkowa,T,POWIAT ŁOSICKI,STARA KORNICA - OBSZAR WIEJSKI
1,0,3,2017,Dobre warunki atmosferyczne,Zderzenie pojazdów czołowe,Dobre warunki atmosferyczne,Noc - droga nieoświetlona,Jezdnia,EWK-105758877M,21,2017-04-16,Ciężko,19*44'194,52*50'105,10,Obszar niezabudowany,Spadek,Droga krajowa,Jednojezdniowa dwukierunkowa,N,POWIAT SIERPECKI,SIERPC - OBSZAR WIEJSKI
1,0,1,2017,Dobre warunki atmosferyczne,Zderzenie pojazdów czołowe,Dobre warunki atmosferyczne,Noc - droga nieoświetlona,Jezdnia,EWK-105758877M,21,2017-04-16,Lekko,19*44'194,52*50'105,10,Obszar niezabudowany,Spadek,Droga krajowa,Jednojezdniowa dwukierunkowa,N,POWIAT SIERPECKI,SIERPC - OBSZAR WIEJSKI
1,0,1,2017,Dobre warunki atmosferyczne,Zderzenie pojazdów czołowe,Dobre warunki atmosferyczne,Noc - droga nieoświetlona,Jezdnia,EWK-106156150J,22,2017-06-25,Lekko,20*17'093,52*55'448,7,Obszar niezabudowany,Odcinek prosty,Droga krajowa,Jednojezdniowa dwukierunkowa,N,POWIAT MŁAWSKI,STRZEGOWO - OBSZAR WIEJSKI
1,1,0,2017,Dobre warunki atmosferyczne,Zderzenie pojazdów czołowe,Dobre warunki atmosferyczne,Noc - droga nieoświetlona,Jezdnia,EWK-106156150J,22,2017-06-25,Nieokreślone (puste pole),20*17'093,52*55'448,7,Obszar niezabudowany,Odcinek prosty,Droga krajowa,Jednojezdniowa dwukierunkowa,N,POWIAT MŁAWSKI,STRZEGOWO - OBSZAR WIEJSKI
1,0,1,2017,Dobre warunki atmosferyczne,Zderzenie pojazdów czołowe,Dobre warunki atmosferyczne,Noc - droga nieoświetlona,Jezdnia,EWK-106302204J,21,2017-08-04,Ciężko,21*21'124,52*44'528,P3434W,Obszar niezabudowany,Odcinek prosty,Droga powiatowa,Jednojezdniowa dwukierunkowa,N,POWIAT WYSZKOWSKI,RZĄŚNIK - OBSZAR WIEJSKI
1,1,0,2017,Dobre warunki atmosferyczne,Zderzenie pojazdów czołowe,Dobre warunki atmosferyczne,Noc - droga nieoświetlona,Jezdnia,EWK-106302204J,21,2017-08-04,Nieokreślone (puste pole),21*21'124,52*44'528,P3434W,Obszar niezabudowany,Odcinek prosty,Droga powiatowa,Jednojezdniowa dwukierunkowa,N,POWIAT WYSZKOWSKI,RZĄŚNIK - OBSZAR WIEJSKI
1,0,2,2017,Dobre warunki atmosferyczne,Zderzenie pojazdów czołowe,Dobre warunki atmosferyczne,Noc - droga nieoświetlona,Jezdnia,EWK-106323935N,20,2017-08-11,Lekko,19*46'377,52*38'188,GMINNA,Obszar niezabudowany,"Zakręt, łuk",Droga gminna,Jednojezdniowa dwukierunkowa,T,POWIAT PŁOCKI,BIELSK - OBSZAR WIEJSKI
1,0,1,2017,Dobre warunki atmosferyczne,Zderzenie pojazdów czołowe,Dobre warunki atmosferyczne,Noc - droga nieoświetlona,Jezdnia,EWK-106410714R,19,2017-09-18,Lekko,20*02'175,52*38'374,567,Obszar niezabudowany,,Droga wojewódzka,Jednojezdniowa dwukierunkowa,T,POWIAT PŁOCKI,STAROŹREBY - OBSZAR WIEJSKI
1,0,0,2017,Dobre warunki atmosferyczne,Zderzenie pojazdów czołowe,Dobre warunki atmosferyczne,Noc - droga nieoświetlona,Jezdnia,EWK-106410714R,19,2017-09-18,Nieokreślone (puste pole),20*02'175,52*38'374,567,Obszar niezabudowany,,Droga wojewódzka,Jednojezdniowa dwukierunkowa,T,POWIAT PŁOCKI,STAROŹREBY - OBSZAR WIEJSKI
1,0,2,2017,Dobre warunki atmosferyczne,Zderzenie pojazdów czołowe,Dobre warunki atmosferyczne,Noc - droga nieoświetlona,Jezdnia,EWK-106436985A,19,2017-09-29,Ciężko,20*21'514,52*05'133,50a,Obszar niezabudowany,Odcinek prosty,Droga krajowa,Jednojezdniowa dwukierunkowa,N,POWIAT ŻYRARDOWSKI,WISKITKI - OBSZAR WIEJSKI