Liczba wypadków,Liczba zabitych,Liczba rannych,Rok,Warunki atmosferyczne,Rodzaj zdarzenia,Warunki atmosferyczne,Oświetlenie,Charakterystyka miejsca zdarzenia,IDKSIP zdarzenia,Godzina,Dzień,Ranny,GPS x,GPS y,Numer drogi,Obszar,Geometria drogi,Kategoria drogi 1,Rodzaj drogi,Czy w zdarzeniu był sprawca nietrzeźwy,Powiat,Gmina
1,0,0,2017,Dobre warunki atmosferyczne,Zderzenie pojazdów tylne,Dobre warunki atmosferyczne,Światło dzienne,Jezdnia,EWK-106642072N,14,2017-12-27,Nieokreślone (puste pole),20*49'591,51*52'322,50,Obszar niezabudowany,Odcinek prosty,Droga krajowa,Jednojezdniowa dwukierunkowa,N,POWIAT GRÓJECKI,GRÓJEC - OBSZAR WIEJSKI
1,0,1,2017,Dobre warunki atmosferyczne,Zderzenie pojazdów tylne,Dobre warunki atmosferyczne,Światło dzienne,Jezdnia,EWK-106651092N,10,2017-12-31,Lekko,21*45'563,52*37'133,P4202W,Obszar zabudowany,Odcinek prosty,Droga powiatowa,Jednojezdniowa dwukierunkowa,N,POWIAT WĘGROWSKI,SADOWNE - OBSZAR WIEJSKI
1,0,0,2017,Dobre warunki atmosferyczne,Zderzenie pojazdów tylne,Dobre warunki atmosferyczne,Światło dzienne,Jezdnia,EWK-106651092N,10,2017-12-31,Nieokreślone (puste pole),21*45'563,52*37'133,P4202W,Obszar zabudowany,Odcinek prosty,Droga powiatowa,Jednojezdniowa dwukierunkowa,N,POWIAT WĘGROWSKI,SADOWNE - OBSZAR WIEJSKI
1,0,1,2017,Dobre warunki atmosferyczne,Zderzenie pojazdów tylne,Dobre warunki atmosferyczne,Światło dzienne,"Most, wiadukt, łącznica, tunel",EWK-105944876E,9,2017-06-05,Lekko,21*27'384,52*35'255,,Obszar zabudowany,Odcinek prosty,Nieokreślone (puste pole),Jednojezdniowa dwukierunkowa,N,POWIAT WYSZKOWSKI,WYSZKÓW - OBSZAR MIEJSKI
1,0,0,2017,Dobre warunki atmosferyczne,Zderzenie pojazdów tylne,Dobre warunki atmosferyczne,Światło dzienne,"Most, wiadukt, łącznica, tunel",EWK-105944876E,9,2017-06-05,Nieokreślone (puste pole),21*27'384,52*35'255,,Obszar zabudowany,Odcinek prosty,Nieokreślone (puste pole),Jednojezdniowa dwukierunkowa,N,POWIAT WYSZKOWSKI,WYSZKÓW - OBSZAR MIEJSKI
1,0,1,2017,Dobre warunki atmosferyczne,Zderzenie pojazdów tylne,Dobre warunki atmosferyczne,Światło dzienne,"Roboty drogowe, oznakowanie tymczasowe",EWK-106261208G,14,2017-07-16,Ciężko,21*32'115,52*38'246,8,Obszar niezabudowany,Odcinek prosty,Droga krajowa,Jednojezdniowa dwukierunkowa,N,POWIAT WYSZKOWSKI,BRAŃSZCZYK - OBSZAR WIEJSKI
1,0,0,2017,Dobre warunki atmosferyczne,Zderzenie pojazdów tylne,Dobre warunki atmosferyczne,Światło dzienne,"Roboty drogowe, oznakowanie tymczasowe",EWK-106261208G,14,2017-07-16,Nieokreślone (puste pole),21*32'115,52*38'246,8,Obszar niezabudowany,Odcinek prosty,Droga krajowa,Jednojezdniowa dwukierunkowa,N,POWIAT WYSZKOWSKI,BRAŃSZCZYK - OBSZAR WIEJSKI
1,0,2,2017,Dobre warunki atmosferyczne,Zderzenie pojazdów tylne,Dobre warunki atmosferyczne,Światło dzienne,"Wjazd, wyjazd z posesji, pola",EWK-105325957E,12,2017-01-05,Lekko,19*43'111,52*30'116,575,Obszar niezabudowany,Odcinek prosty,Droga wojewódzka,Jednojezdniowa dwukierunkowa,N,POWIAT PŁOCK,PŁOCK - OBSZAR MIEJSKI
1,0,0,2017,Dobre warunki atmosferyczne,Zderzenie pojazdów tylne,Dobre warunki atmosferyczne,Światło dzienne,"Wjazd, wyjazd z posesji, pola",EWK-105325957E,12,2017-01-05,Nieokreślone (puste pole),19*43'111,52*30'116,575,Obszar niezabudowany,Odcinek prosty,Droga wojewódzka,Jednojezdniowa dwukierunkowa,N,POWIAT PŁOCK,PŁOCK - OBSZAR MIEJSKI
1,0,1,2017,Dobre warunki atmosferyczne,Zderzenie pojazdów tylne,Dobre warunki atmosferyczne,Światło dzienne,"Wjazd, wyjazd z posesji, pola",EWK-105712862X,8,2017-03-24,Lekko,19*47'171,52*35'502,60,Obszar niezabudowany,Odcinek prosty,Droga krajowa,Jednojezdniowa dwukierunkowa,T,POWIAT PŁOCKI,RADZANOWO - OBSZAR WIEJSKI
1,0,0,2017,Dobre warunki atmosferyczne,Zderzenie pojazdów tylne,Dobre warunki atmosferyczne,Światło dzienne,"Wjazd, wyjazd z posesji, pola",EWK-105712862X,8,2017-03-24,Nieokreślone (puste pole),19*47'171,52*35'502,60,Obszar niezabudowany,Odcinek prosty,Droga krajowa,Jednojezdniowa dwukierunkowa,T,POWIAT PŁOCKI,RADZANOWO - OBSZAR WIEJSKI
1,0,1,2017,Dobre warunki atmosferyczne,Zderzenie pojazdów tylne,Dobre warunki atmosferyczne,Światło dzienne,"Wjazd, wyjazd z posesji, pola",EWK-106233101A,17,2017-07-12,Lekko,19*41'108,52*22'426,574,Obszar niezabudowany,Odcinek prosty,Droga wojewódzka,Jednojezdniowa dwukierunkowa,N,POWIAT PŁOCKI,GĄBIN - OBSZAR WIEJSKI
1,0,0,2017,Dobre warunki atmosferyczne,Zderzenie pojazdów tylne,Dobre warunki atmosferyczne,Światło dzienne,"Wjazd, wyjazd z posesji, pola",EWK-106233101A,17,2017-07-12,Nieokreślone (puste pole),19*41'108,52*22'426,574,Obszar niezabudowany,Odcinek prosty,Droga wojewódzka,Jednojezdniowa dwukierunkowa,N,POWIAT PŁOCKI,GĄBIN - OBSZAR WIEJSKI
1,0,3,2017,Dobre warunki atmosferyczne,Zderzenie pojazdów tylne,Dobre warunki atmosferyczne,Światło dzienne,"Wjazd, wyjazd z posesji, pola",EWK-106234006J,13,2017-07-12,Lekko,19*33'555,52*38'561,559,Obszar niezabudowany,Odcinek prosty,Droga wojewódzka,Jednojezdniowa dwukierunkowa,N,POWIAT PŁOCKI,BRUDZEŃ DUŻY - OBSZAR WIEJSKI
1,0,1,2017,Dobre warunki atmosferyczne,Zderzenie pojazdów tylne,Dobre warunki atmosferyczne,Światło dzienne,"Wjazd, wyjazd z posesji, pola",EWK-106317551F,7,2017-08-14,Lekko,19*40'177,52*33'033,G520023W,Obszar zabudowany,Odcinek prosty,Droga gminna,Jednojezdniowa dwukierunkowa,N,POWIAT PŁOCK,PŁOCK - OBSZAR MIEJSKI
1,0,0,2017,Dobre warunki atmosferyczne,Zderzenie pojazdów tylne,Dobre warunki atmosferyczne,Światło dzienne,"Wjazd, wyjazd z posesji, pola",EWK-106317551F,7,2017-08-14,Nieokreślone (puste pole),19*40'177,52*33'033,G520023W,Obszar zabudowany,Odcinek prosty,Droga gminna,Jednojezdniowa dwukierunkowa,N,POWIAT PŁOCK,PŁOCK - OBSZAR MIEJSKI
1,0,1,2017,Dobre warunki atmosferyczne,Zderzenie pojazdów tylne,Dobre warunki atmosferyczne,Światło dzienne,"Wjazd, wyjazd z posesji, pola",EWK-106320385T,6,2017-08-16,Lekko,19*28'366,52*32'380,573,Obszar niezabudowany,Odcinek prosty,Droga wojewódzka,Jednojezdniowa dwukierunkowa,N,POWIAT PŁOCKI,NOWY DUNINÓW - OBSZAR WIEJSKI
1,0,0,2017,Dobre warunki atmosferyczne,Zderzenie pojazdów tylne,Dobre warunki atmosferyczne,Światło dzienne,"Wjazd, wyjazd z posesji, pola",EWK-106320385T,6,2017-08-16,Nieokreślone (puste pole),19*28'366,52*32'380,573,Obszar niezabudowany,Odcinek prosty,Droga wojewódzka,Jednojezdniowa dwukierunkowa,N,POWIAT PŁOCKI,NOWY DUNINÓW - OBSZAR WIEJSKI
1,0,2,2017,Dobre warunki atmosferyczne,Zderzenie pojazdów tylne,Dobre warunki atmosferyczne,Światło dzienne,"Wjazd, wyjazd z posesji, pola",EWK-106478390G,13,2017-10-17,Lekko,19*42'501,52*32'392,60,Obszar zabudowany,Odcinek prosty,Droga krajowa,Dwie jezdnie jednokierunkowe,N,POWIAT PŁOCK,PŁOCK - OBSZAR MIEJSKI
1,0,0,2017,Dobre warunki atmosferyczne,Zderzenie pojazdów tylne,Dobre warunki atmosferyczne,Światło dzienne,"Wjazd, wyjazd z posesji, pola",EWK-106478390G,13,2017-10-17,Nieokreślone (puste pole),19*42'501,52*32'392,60,Obszar zabudowany,Odcinek prosty,Droga krajowa,Dwie jezdnie jednokierunkowe,N,POWIAT PŁOCK,PŁOCK - OBSZAR MIEJSKI
1,0,1,2017,Dobre warunki atmosferyczne,Zderzenie pojazdów tylne,Dobre warunki atmosferyczne,"Świt, zmrok",Jezdnia,EWK-105384548J,17,2017-01-27,Lekko,19*41'260,52*33'369,5213W,Obszar zabudowany,Odcinek prosty,Droga powiatowa,Jednojezdniowa dwukierunkowa,N,POWIAT PŁOCK,PŁOCK - OBSZAR MIEJSKI
1,0,0,2017,Dobre warunki atmosferyczne,Zderzenie pojazdów tylne,Dobre warunki atmosferyczne,"Świt, zmrok",Jezdnia,EWK-105384548J,17,2017-01-27,Nieokreślone (puste pole),19*41'260,52*33'369,5213W,Obszar zabudowany,Odcinek prosty,Droga powiatowa,Jednojezdniowa dwukierunkowa,N,POWIAT PŁOCK,PŁOCK - OBSZAR MIEJSKI
1,1,0,2017,Dobre warunki atmosferyczne,Zderzenie pojazdów tylne,Dobre warunki atmosferyczne,"Świt, zmrok",Jezdnia,EWK-105494178E,20,2017-02-25,Nieokreślone (puste pole),21*42'255,51*48'320,17,Obszar niezabudowany,Odcinek prosty,Droga krajowa,Jednojezdniowa dwukierunkowa,N,POWIAT GARWOLIŃSKI,GÓRZNO - OBSZAR WIEJSKI
1,0,2,2017,Dobre warunki atmosferyczne,Zderzenie pojazdów tylne,Dobre warunki atmosferyczne,"Świt, zmrok",Jezdnia,EWK-106304512R,20,2017-08-07,Lekko,22*50'363,52*15'125,02116W,Obszar niezabudowany,,Droga powiatowa,Jednojezdniowa dwukierunkowa,N,POWIAT ŁOSICKI,PLATERÓW - OBSZAR WIEJSKI
1,1,0,2017,Dobre warunki atmosferyczne,Zderzenie pojazdów tylne,Dobre warunki atmosferyczne,"Świt, zmrok",Jezdnia,EWK-106342219C,20,2017-08-26,Nieokreślone (puste pole),19*55'539,52*29'448,P2952W,Obszar niezabudowany,Odcinek prosty,Droga powiatowa,Jednojezdniowa dwukierunkowa,T,POWIAT PŁOCKI,BODZANÓW - OBSZAR WIEJSKI
1,0,1,2017,Dobre warunki atmosferyczne,Zderzenie pojazdów tylne,Dobre warunki atmosferyczne,"Świt, zmrok",Jezdnia,EWK-106407960D,19,2017-09-16,Ciężko,21*39'069,51*21'522,12,Obszar niezabudowany,Odcinek prosty,Droga krajowa,Jednojezdniowa dwukierunkowa,N,POWIAT ZWOLEŃSKI,ZWOLEŃ - OBSZAR WIEJSKI
1,0,0,2017,Dobre warunki atmosferyczne,Zderzenie pojazdów tylne,Dobre warunki atmosferyczne,"Świt, zmrok",Jezdnia,EWK-106407960D,19,2017-09-16,Nieokreślone (puste pole),21*39'069,51*21'522,12,Obszar niezabudowany,Odcinek prosty,Droga krajowa,Jednojezdniowa dwukierunkowa,N,POWIAT ZWOLEŃSKI,ZWOLEŃ - OBSZAR WIEJSKI
1,1,0,2017,Dobre warunki atmosferyczne,Zderzenie pojazdów tylne,Dobre warunki atmosferyczne,"Świt, zmrok",Jezdnia,EWK-106440285N,6,2017-10-02,Nieokreślone (puste pole),20*54'511,53*00'170,57,Obszar niezabudowany,Odcinek prosty,Droga krajowa,Jednojezdniowa dwukierunkowa,N,POWIAT PRZASNYSKI,PRZASNYSZ - OBSZAR WIEJSKI
1,0,1,2017,Dobre warunki atmosferyczne,Zderzenie pojazdów tylne,Dobre warunki atmosferyczne,"Świt, zmrok",Jezdnia,EWK-106451271Y,18,2017-10-06,Lekko,19*42'053,52*27'409,GMINNA,Obszar niezabudowany,Odcinek prosty,Droga gminna,Jednojezdniowa dwukierunkowa,N,POWIAT PŁOCKI,GĄBIN - OBSZAR WIEJSKI
1,0,0,2017,Dobre warunki atmosferyczne,Zderzenie pojazdów tylne,Dobre warunki atmosferyczne,"Świt, zmrok",Jezdnia,EWK-106451271Y,18,2017-10-06,Nieokreślone (puste pole),19*42'053,52*27'409,GMINNA,Obszar niezabudowany,Odcinek prosty,Droga gminna,Jednojezdniowa dwukierunkowa,N,POWIAT PŁOCKI,GĄBIN - OBSZAR WIEJSKI
1,1,0,2017,Dobre warunki atmosferyczne,Zderzenie pojazdów tylne,Dobre warunki atmosferyczne,"Świt, zmrok",Jezdnia,EWK-106545424J,6,2017-11-17,Nieokreślone (puste pole),20*59'378,52*56'170,57,Obszar zabudowany,Odcinek prosty,Droga krajowa,Jednojezdniowa dwukierunkowa,N,POWIAT MAKOWSKI,PŁONIAWY-BRAMURA - OBSZAR WIEJSKI
1,0,1,2017,"Mgła, dym",Inne,"Mgła, dym",Noc - droga oświetlona,Jezdnia,EWK-105461293F,17,2017-02-15,Lekko,21*24'303,53*13'460,G250530W,Obszar zabudowany,"Zakręt, łuk",Droga gminna,Jednojezdniowa dwukierunkowa,N,POWIAT OSTROŁĘCKI,KADZIDŁO - OBSZAR WIEJSKI
1,0,0,2017,"Mgła, dym",Inne,"Mgła, dym",Noc - droga oświetlona,Jezdnia,EWK-105461293F,17,2017-02-15,Nieokreślone (puste pole),21*24'303,53*13'460,G250530W,Obszar zabudowany,"Zakręt, łuk",Droga gminna,Jednojezdniowa dwukierunkowa,N,POWIAT OSTROŁĘCKI,KADZIDŁO - OBSZAR WIEJSKI
1,0,2,2017,"Mgła, dym",Inne,"Mgła, dym",Noc - droga oświetlona,Jezdnia,EWK-106623468X,5,2017-12-18,Lekko,19*46'212,52*52'220,GMINNA,Obszar zabudowany,Odcinek prosty,Droga gminna,Jednojezdniowa dwukierunkowa,N,POWIAT SIERPECKI,ROŚCISZEWO - OBSZAR WIEJSKI
1,0,0,2017,"Mgła, dym",Inne,"Mgła, dym",Noc - droga oświetlona,Jezdnia,EWK-106623468X,5,2017-12-18,Nieokreślone (puste pole),19*46'212,52*52'220,GMINNA,Obszar zabudowany,Odcinek prosty,Droga gminna,Jednojezdniowa dwukierunkowa,N,POWIAT SIERPECKI,ROŚCISZEWO - OBSZAR WIEJSKI
1,0,1,2017,"Mgła, dym",Inne,"Mgła, dym",Noc - droga oświetlona,"Skarpa, rów",EWK-105396175M,5,2017-02-03,Lekko,20*38'105,52*44'429,G120945W,Obszar zabudowany,"Zakręt, łuk",Droga gminna,Jednojezdniowa dwukierunkowa,N,POWIAT CIECHANOWSKI,SOŃSK - OBSZAR WIEJSKI
1,0,1,2017,"Mgła, dym",Najechanie na drzewo,"Mgła, dym",Noc - droga nieoświetlona,Pobocze,EWK-106625769D,5,2017-12-18,Ciężko,19*38'388,52*37'047,6905W,Obszar niezabudowany,Odcinek prosty,Droga powiatowa,Jednojezdniowa dwukierunkowa,N,POWIAT PŁOCKI,STARA BIAŁA - OBSZAR WIEJSKI
1,0,1,2017,"Mgła, dym",Najechanie na drzewo,"Mgła, dym",Noc - droga nieoświetlona,Pobocze,EWK-106625769D,5,2017-12-18,Lekko,19*38'388,52*37'047,6905W,Obszar niezabudowany,Odcinek prosty,Droga powiatowa,Jednojezdniowa dwukierunkowa,N,POWIAT PŁOCKI,STARA BIAŁA - OBSZAR WIEJSKI
1,0,0,2017,"Mgła, dym",Najechanie na drzewo,"Mgła, dym",Noc - droga nieoświetlona,Pobocze,EWK-106625769D,5,2017-12-18,Nieokreślone (puste pole),19*38'388,52*37'047,6905W,Obszar niezabudowany,Odcinek prosty,Droga powiatowa,Jednojezdniowa dwukierunkowa,N,POWIAT PŁOCKI,STARA BIAŁA - OBSZAR WIEJSKI
1,0,1,2017,"Mgła, dym",Najechanie na drzewo,"Mgła, dym",Noc - droga nieoświetlona,"Skarpa, rów",EWK-106542501C,2,2017-11-16,Ciężko,20*22'286,52*39'523,P3021W,Obszar zabudowany,Odcinek prosty,Droga powiatowa,Jednojezdniowa dwukierunkowa,N,POWIAT PŁOŃSKI,PŁOŃSK - OBSZAR WIEJSKI
1,0,2,2017,"Mgła, dym",Najechanie na drzewo,"Mgła, dym","Świt, zmrok",Jezdnia,EWK-105454512X,16,2017-02-15,Lekko,21*00'425,53*14'208,GMINNA,Obszar niezabudowany,"Zakręt, łuk",Droga gminna,Jednojezdniowa dwukierunkowa,N,POWIAT PRZASNYSKI,CHORZELE - OBSZAR WIEJSKI
1,0,0,2017,"Mgła, dym",Najechanie na drzewo,"Mgła, dym","Świt, zmrok",Jezdnia,EWK-105454512X,16,2017-02-15,Nieokreślone (puste pole),21*00'425,53*14'208,GMINNA,Obszar niezabudowany,"Zakręt, łuk",Droga gminna,Jednojezdniowa dwukierunkowa,N,POWIAT PRZASNYSKI,CHORZELE - OBSZAR WIEJSKI
1,0,1,2017,"Mgła, dym",Najechanie na pieszego,"Mgła, dym",Noc - droga nieoświetlona,Jezdnia,EWK-106481157P,21,2017-10-15,Lekko,20*34'119,52*28'077,7,Obszar niezabudowany,Odcinek prosty,Droga krajowa,Dwie jezdnie jednokierunkowe,T,POWIAT PŁOŃSKI,ZAŁUSKI - OBSZAR WIEJSKI
1,0,0,2017,"Mgła, dym",Najechanie na pieszego,"Mgła, dym",Noc - droga nieoświetlona,Jezdnia,EWK-106481157P,21,2017-10-15,Nieokreślone (puste pole),20*34'119,52*28'077,7,Obszar niezabudowany,Odcinek prosty,Droga krajowa,Dwie jezdnie jednokierunkowe,T,POWIAT PŁOŃSKI,ZAŁUSKI - OBSZAR WIEJSKI
1,0,1,2017,"Mgła, dym",Najechanie na pieszego,"Mgła, dym",Noc - droga nieoświetlona,Pobocze,EWK-105351054N,21,2017-01-17,Ciężko,20*33'054,51*58'462,K50B,Obszar niezabudowany,Odcinek prosty,Droga krajowa,Jednojezdniowa dwukierunkowa,N,POWIAT ŻYRARDOWSKI,MSZCZONÓW - OBSZAR MIEJSKI
1,0,1,2017,"Mgła, dym",Najechanie na pieszego,"Mgła, dym",Światło dzienne,Jezdnia,EWK-105403060P,8,2017-02-03,Lekko,20*58'501,52*40'368,P3404W,Obszar niezabudowany,Odcinek prosty,Droga powiatowa,Jednojezdniowa dwukierunkowa,N,POWIAT PUŁTUSKI,WINNICA - OBSZAR WIEJSKI
1,0,0,2017,"Mgła, dym",Najechanie na pieszego,"Mgła, dym",Światło dzienne,Jezdnia,EWK-105403060P,8,2017-02-03,Nieokreślone (puste pole),20*58'501,52*40'368,P3404W,Obszar niezabudowany,Odcinek prosty,Droga powiatowa,Jednojezdniowa dwukierunkowa,N,POWIAT PUŁTUSKI,WINNICA - OBSZAR WIEJSKI
1,0,1,2017,"Mgła, dym",Najechanie na pieszego,"Mgła, dym","Świt, zmrok",Przejście dla pieszych,EWK-105776456D,5,2017-04-04,Lekko,20*52'124,51*51'560,P0244T,Obszar zabudowany,,Droga powiatowa,Jednojezdniowa dwukierunkowa,N,POWIAT GRÓJECKI,GRÓJEC - OBSZAR MIEJSKI
1,0,0,2017,"Mgła, dym",Najechanie na pieszego,"Mgła, dym","Świt, zmrok",Przejście dla pieszych,EWK-105776456D,5,2017-04-04,Nieokreślone (puste pole),20*52'124,51*51'560,P0244T,Obszar zabudowany,,Droga powiatowa,Jednojezdniowa dwukierunkowa,N,POWIAT GRÓJECKI,GRÓJEC - OBSZAR MIEJSKI
1,0,1,2017,"Mgła, dym",Wywrócenie się pojazdu,"Mgła, dym","Świt, zmrok",Jezdnia,EWK-106624175F,7,2017-12-18,Lekko,21*01'453,51*26'591,GMINNA,Obszar zabudowany,"Zakręt, łuk",Droga gminna,Jednojezdniowa dwukierunkowa,N,POWIAT RADOMSKI,ZAKRZEW - OBSZAR WIEJSKI
1,0,0,2017,"Mgła, dym",Wywrócenie się pojazdu,"Mgła, dym","Świt, zmrok",Jezdnia,EWK-106624175F,7,2017-12-18,Nieokreślone (puste pole),21*01'453,51*26'591,GMINNA,Obszar zabudowany,"Zakręt, łuk",Droga gminna,Jednojezdniowa dwukierunkowa,N,POWIAT RADOMSKI,ZAKRZEW - OBSZAR WIEJSKI
1,0,1,2017,"Mgła, dym",Zderzenie pojazdów boczne,"Mgła, dym",Noc - droga nieoświetlona,Jezdnia,EWK-105396339F,21,2017-02-02,Lekko,20*37'465,52*55'253,616,Obszar niezabudowany,"Zakręt, łuk",Droga wojewódzka,Jednojezdniowa dwukierunkowa,N,POWIAT CIECHANOWSKI,CIECHANÓW - OBSZAR WIEJSKI
1,0,0,2017,"Mgła, dym",Zderzenie pojazdów boczne,"Mgła, dym",Noc - droga nieoświetlona,Jezdnia,EWK-105396339F,21,2017-02-02,Nieokreślone (puste pole),20*37'465,52*55'253,616,Obszar niezabudowany,"Zakręt, łuk",Droga wojewódzka,Jednojezdniowa dwukierunkowa,N,POWIAT CIECHANOWSKI,CIECHANÓW - OBSZAR WIEJSKI
1,0,2,2017,"Mgła, dym",Zderzenie pojazdów boczne,"Mgła, dym",Noc - droga nieoświetlona,Jezdnia,EWK-105461146N,20,2017-02-17,Ciężko,20*47'519,53*15'309,P3234W,Obszar niezabudowany,,Droga powiatowa,Jednojezdniowa dwukierunkowa,N,POWIAT PRZASNYSKI,CHORZELE - OBSZAR WIEJSKI
1,1,0,2017,"Mgła, dym",Zderzenie pojazdów boczne,"Mgła, dym",Noc - droga nieoświetlona,Jezdnia,EWK-105461146N,20,2017-02-17,Nieokreślone (puste pole),20*47'519,53*15'309,P3234W,Obszar niezabudowany,,Droga powiatowa,Jednojezdniowa dwukierunkowa,N,POWIAT PRZASNYSKI,CHORZELE - OBSZAR WIEJSKI
1,0,1,2017,"Mgła, dym",Zderzenie pojazdów boczne,"Mgła, dym","Świt, zmrok",Jezdnia,EWK-106619852L,7,2017-12-15,Lekko,21*20'525,53*24'363,53,Obszar niezabudowany,Odcinek prosty,Droga krajowa,Jednojezdniowa dwukierunkowa,N,POWIAT OSTROŁĘCKI,MYSZYNIEC - OBSZAR WIEJSKI
1,0,0,2017,"Mgła, dym",Zderzenie pojazdów boczne,"Mgła, dym","Świt, zmrok",Jezdnia,EWK-106619852L,7,2017-12-15,Nieokreślone (puste pole),21*20'525,53*24'363,53,Obszar niezabudowany,Odcinek prosty,Droga krajowa,Jednojezdniowa dwukierunkowa,N,POWIAT OSTROŁĘCKI,MYSZYNIEC - OBSZAR WIEJSKI
1,0,1,2017,"Mgła, dym",Zderzenie pojazdów czołowe,"Mgła, dym",Noc - droga oświetlona,Jezdnia,EWK-106277937J,22,2017-07-21,Lekko,21*07'055,51*29'068,,Obszar zabudowany,Odcinek prosty,Nieokreślone (puste pole),Jednojezdniowa dwukierunkowa,N,POWIAT RADOMSKI,KOWALA - OBSZAR WIEJSKI
1,0,0,2017,"Mgła, dym",Zderzenie pojazdów czołowe,"Mgła, dym",Noc - droga oświetlona,Jezdnia,EWK-106277937J,22,2017-07-21,Nieokreślone (puste pole),21*07'055,51*29'068,,Obszar zabudowany,Odcinek prosty,Nieokreślone (puste pole),Jednojezdniowa dwukierunkowa,N,POWIAT RADOMSKI,KOWALA - OBSZAR WIEJSKI
1,0,1,2017,"Mgła, dym",Zderzenie pojazdów czołowe,"Mgła, dym",Światło dzienne,Jezdnia,EWK-105396089L,7,2017-02-03,Ciężko,21*29'358,51*07'427,P1919W,Obszar niezabudowany,Odcinek prosty,Droga powiatowa,Jednojezdniowa dwukierunkowa,N,POWIAT LIPSKI,SIENNO - OBSZAR WIEJSKI
1,0,0,2017,"Mgła, dym",Zderzenie pojazdów czołowe,"Mgła, dym",Światło dzienne,Jezdnia,EWK-105396089L,7,2017-02-03,Nieokreślone (puste pole),21*29'358,51*07'427,P1919W,Obszar niezabudowany,Odcinek prosty,Droga powiatowa,Jednojezdniowa dwukierunkowa,N,POWIAT LIPSKI,SIENNO - OBSZAR WIEJSKI
1,0,1,2017,"Mgła, dym",Zderzenie pojazdów czołowe,"Mgła, dym","Świt, zmrok",Jezdnia,EWK-106480877M,6,2017-10-18,Lekko,19*54'374,53*03'155,563,Obszar niezabudowany,Odcinek prosty,Droga wojewódzka,Jednojezdniowa dwukierunkowa,N,POWIAT ŻUROMIŃSKI,ŻUROMIN - OBSZAR MIEJSKI
1,0,0,2017,"Mgła, dym",Zderzenie pojazdów czołowe,"Mgła, dym","Świt, zmrok",Jezdnia,EWK-106480877M,6,2017-10-18,Nieokreślone (puste pole),19*54'374,53*03'155,563,Obszar niezabudowany,Odcinek prosty,Droga wojewódzka,Jednojezdniowa dwukierunkowa,N,POWIAT ŻUROMIŃSKI,ŻUROMIN - OBSZAR MIEJSKI
1,0,1,2017,"Mgła, dym",Zderzenie pojazdów tylne,"Mgła, dym",Noc - droga nieoświetlona,Jezdnia,EWK-106532633N,16,2017-11-09,Ciężko,22*18'127,52*33'459,63,Obszar niezabudowany,Odcinek prosty,Droga krajowa,Jednojezdniowa dwukierunkowa,N,POWIAT SOKOŁOWSKI,STERDYŃ - OBSZAR WIEJSKI
1,0,0,2017,"Mgła, dym",Zderzenie pojazdów tylne,"Mgła, dym",Noc - droga nieoświetlona,Jezdnia,EWK-106532633N,16,2017-11-09,Nieokreślone (puste pole),22*18'127,52*33'459,63,Obszar niezabudowany,Odcinek prosty,Droga krajowa,Jednojezdniowa dwukierunkowa,N,POWIAT SOKOŁOWSKI,STERDYŃ - OBSZAR WIEJSKI
1,0,1,2017,"Mgła, dym",Zderzenie pojazdów tylne,"Mgła, dym",Noc - droga nieoświetlona,Jezdnia,EWK-106594428T,4,2017-12-03,Lekko,20*27'394,51*58'150,P4719W,Obszar niezabudowany,Odcinek prosty,Droga powiatowa,Jednojezdniowa dwukierunkowa,T,POWIAT ŻYRARDOWSKI,MSZCZONÓW - OBSZAR WIEJSKI
1,0,0,2017,"Mgła, dym",Zderzenie pojazdów tylne,"Mgła, dym",Noc - droga nieoświetlona,Jezdnia,EWK-106594428T,4,2017-12-03,Nieokreślone (puste pole),20*27'394,51*58'150,P4719W,Obszar niezabudowany,Odcinek prosty,Droga powiatowa,Jednojezdniowa dwukierunkowa,T,POWIAT ŻYRARDOWSKI,MSZCZONÓW - OBSZAR WIEJSKI
1,0,1,2017,"Mgła, dym",Zderzenie pojazdów tylne,"Mgła, dym",Światło dzienne,Jezdnia,EWK-105461330P,6,2017-02-18,Lekko,21*54'170,51*47'109,,Obszar niezabudowany,Odcinek prosty,Nieokreślone (puste pole),Jednojezdniowa dwukierunkowa,N,POWIAT GARWOLIŃSKI,ŻELECHÓW - OBSZAR MIEJSKI
1,0,0,2017,"Mgła, dym",Zderzenie pojazdów tylne,"Mgła, dym",Światło dzienne,Jezdnia,EWK-105461330P,6,2017-02-18,Nieokreślone (puste pole),21*54'170,51*47'109,,Obszar niezabudowany,Odcinek prosty,Nieokreślone (puste pole),Jednojezdniowa dwukierunkowa,N,POWIAT GARWOLIŃSKI,ŻELECHÓW - OBSZAR MIEJSKI
1,0,1,2017,"Mgła, dym",Zderzenie pojazdów tylne,"Mgła, dym",Światło dzienne,Jezdnia,EWK-106475086L,7,2017-10-16,Lekko,20*10'264,52*29'379,P2951W,Obszar niezabudowany,Odcinek prosty,Droga powiatowa,Jednojezdniowa dwukierunkowa,N,POWIAT PŁOCKI,MAŁA WIEŚ - OBSZAR WIEJSKI
1,0,0,2017,"Mgła, dym",Zderzenie pojazdów tylne,"Mgła, dym",Światło dzienne,Jezdnia,EWK-106475086L,7,2017-10-16,Nieokreślone (puste pole),20*10'264,52*29'379,P2951W,Obszar niezabudowany,Odcinek prosty,Droga powiatowa,Jednojezdniowa dwukierunkowa,N,POWIAT PŁOCKI,MAŁA WIEŚ - OBSZAR WIEJSKI