Liczba wypadków,Liczba zabitych,Liczba rannych,Rok,Warunki atmosferyczne,Rodzaj zdarzenia,Warunki atmosferyczne,Oświetlenie,Charakterystyka miejsca zdarzenia,IDKSIP zdarzenia,Godzina,Dzień,Ranny,GPS x,GPS y,Numer drogi,Obszar,Geometria drogi,Kategoria drogi 1,Rodzaj drogi,Czy w zdarzeniu był sprawca nietrzeźwy,Powiat,Gmina
1,0,1,2017,"Mgła, dym",Zderzenie pojazdów tylne,"Mgła, dym",Światło dzienne,Pobocze,EWK-106625771F,7,2017-12-18,Lekko,19*45'169,52*31'475,G520012W,Obszar zabudowany,Odcinek prosty,Droga gminna,Jednojezdniowa dwukierunkowa,N,POWIAT PŁOCK,PŁOCK - OBSZAR MIEJSKI
1,0,0,2017,"Mgła, dym",Zderzenie pojazdów tylne,"Mgła, dym",Światło dzienne,Pobocze,EWK-106625771F,7,2017-12-18,Nieokreślone (puste pole),19*45'169,52*31'475,G520012W,Obszar zabudowany,Odcinek prosty,Droga gminna,Jednojezdniowa dwukierunkowa,N,POWIAT PŁOCK,PŁOCK - OBSZAR MIEJSKI
1,1,0,2017,"Mgła, dym",Zderzenie pojazdów tylne,"Mgła, dym","Świt, zmrok",Jezdnia,EWK-106623365Q,16,2017-12-17,Nieokreślone (puste pole),20*27'229,52*40'242,50,Obszar niezabudowany,Odcinek prosty,Droga krajowa,Jednojezdniowa dwukierunkowa,N,POWIAT PŁOŃSKI,SOCHOCIN - OBSZAR WIEJSKI
1,0,1,2017,Opady deszczu,Inne,Opady deszczu,Noc - droga nieoświetlona,Jezdnia,EWK-105318582E,19,2017-01-02,Ciężko,19*54'478,52*23'435,GMINNA,Obszar niezabudowany,Odcinek prosty,Droga gminna,Jednojezdniowa dwukierunkowa,N,POWIAT PŁOCKI,SŁUBICE - OBSZAR WIEJSKI
1,0,1,2017,Opady deszczu,Inne,Opady deszczu,Noc - droga nieoświetlona,Jezdnia,EWK-105538075U,3,2017-03-06,Ciężko,21*33'511,51*58'038,17,Obszar niezabudowany,Odcinek prosty,Droga krajowa,Jednojezdniowa dwukierunkowa,N,POWIAT GARWOLIŃSKI,PILAWA - OBSZAR WIEJSKI
1,0,0,2017,Opady deszczu,Inne,Opady deszczu,Noc - droga nieoświetlona,Jezdnia,EWK-105538075U,3,2017-03-06,Nieokreślone (puste pole),21*33'511,51*58'038,17,Obszar niezabudowany,Odcinek prosty,Droga krajowa,Jednojezdniowa dwukierunkowa,N,POWIAT GARWOLIŃSKI,PILAWA - OBSZAR WIEJSKI
1,0,2,2017,Opady deszczu,Inne,Opady deszczu,Noc - droga nieoświetlona,Pobocze,EWK-106158265D,22,2017-06-26,Ciężko,22*41'461,52*15'290,GMINNA,Obszar zabudowany,"Zakręt, łuk",Droga gminna,Jednojezdniowa dwukierunkowa,T,POWIAT ŁOSICKI,ŁOSICE - OBSZAR WIEJSKI
1,0,0,2017,Opady deszczu,Inne,Opady deszczu,Noc - droga nieoświetlona,Pobocze,EWK-106158265D,22,2017-06-26,Nieokreślone (puste pole),22*41'461,52*15'290,GMINNA,Obszar zabudowany,"Zakręt, łuk",Droga gminna,Jednojezdniowa dwukierunkowa,T,POWIAT ŁOSICKI,ŁOSICE - OBSZAR WIEJSKI
1,0,1,2017,Opady deszczu,Inne,Opady deszczu,Noc - droga nieoświetlona,"Skarpa, rów",EWK-106534973U,4,2017-11-11,Lekko,19*36'418,52*48'372,541,Obszar niezabudowany,Odcinek prosty,Droga wojewódzka,Jednojezdniowa dwukierunkowa,N,POWIAT SIERPECKI,SIERPC - OBSZAR WIEJSKI
1,0,1,2017,Opady deszczu,Inne,Opady deszczu,Światło dzienne,Jezdnia,EWK-106152396N,8,2017-06-23,Ciężko,21*33'082,53*05'296,53,Obszar zabudowany,Odcinek prosty,Droga krajowa,Jednojezdniowa dwukierunkowa,N,POWIAT OSTROŁĘKA,OSTROŁĘKA - OBSZAR MIEJSKI
1,0,0,2017,Opady deszczu,Inne,Opady deszczu,Światło dzienne,Jezdnia,EWK-106152396N,8,2017-06-23,Nieokreślone (puste pole),21*33'082,53*05'296,53,Obszar zabudowany,Odcinek prosty,Droga krajowa,Jednojezdniowa dwukierunkowa,N,POWIAT OSTROŁĘKA,OSTROŁĘKA - OBSZAR MIEJSKI
1,0,1,2017,Opady deszczu,Inne,Opady deszczu,Światło dzienne,Jezdnia,EWK-106168323J,16,2017-06-30,Lekko,20*19'199,52*08'190,50,Obszar zabudowany,Odcinek prosty,Droga krajowa,Jednojezdniowa dwukierunkowa,N,POWIAT ŻYRARDOWSKI,WISKITKI - OBSZAR WIEJSKI
1,0,0,2017,Opady deszczu,Inne,Opady deszczu,Światło dzienne,Jezdnia,EWK-106168323J,16,2017-06-30,Nieokreślone (puste pole),20*19'199,52*08'190,50,Obszar zabudowany,Odcinek prosty,Droga krajowa,Jednojezdniowa dwukierunkowa,N,POWIAT ŻYRARDOWSKI,WISKITKI - OBSZAR WIEJSKI
1,0,2,2017,Opady deszczu,Inne,Opady deszczu,Światło dzienne,Jezdnia,EWK-106327088R,12,2017-08-20,Lekko,20*57'232,51*21'142,,Obszar zabudowany,"Zakręt, łuk",Nieokreślone (puste pole),Jednojezdniowa dwukierunkowa,N,POWIAT SZYDŁOWIECKI,OROŃSKO - OBSZAR WIEJSKI
1,0,0,2017,Opady deszczu,Inne,Opady deszczu,Światło dzienne,Jezdnia,EWK-106327088R,12,2017-08-20,Nieokreślone (puste pole),20*57'232,51*21'142,,Obszar zabudowany,"Zakręt, łuk",Nieokreślone (puste pole),Jednojezdniowa dwukierunkowa,N,POWIAT SZYDŁOWIECKI,OROŃSKO - OBSZAR WIEJSKI
1,0,4,2017,Opady deszczu,Inne,Opady deszczu,Światło dzienne,Jezdnia,EWK-106408498L,12,2017-09-17,Lekko,21*06'217,51*13'453,P3545W,Obszar zabudowany,,Droga powiatowa,Jednojezdniowa dwukierunkowa,T,POWIAT RADOMSKI,WIERZBICA - OBSZAR WIEJSKI
1,0,1,2017,Opady deszczu,Inne,Opady deszczu,Światło dzienne,Jezdnia,EWK-106501980E,12,2017-10-25,Ciężko,20*52'432,53*00'492,G320734W,Obszar zabudowany,Odcinek prosty,Droga gminna,Jednojezdniowa dwukierunkowa,N,POWIAT PRZASNYSKI,PRZASNYSZ - OBSZAR MIEJSKI
1,0,0,2017,Opady deszczu,Inne,Opady deszczu,Światło dzienne,Jezdnia,EWK-106501980E,12,2017-10-25,Nieokreślone (puste pole),20*52'432,53*00'492,G320734W,Obszar zabudowany,Odcinek prosty,Droga gminna,Jednojezdniowa dwukierunkowa,N,POWIAT PRZASNYSKI,PRZASNYSZ - OBSZAR MIEJSKI
1,0,1,2017,Opady deszczu,Inne,Opady deszczu,Światło dzienne,Jezdnia,EWK-106518183K,10,2017-10-30,Lekko,20*33'461,51*37'140,GMINNA,Obszar zabudowany,Odcinek prosty,Droga gminna,Jednojezdniowa dwukierunkowa,N,POWIAT GRÓJECKI,NOWE MIASTO NAD PILICĄ - OBSZAR MIEJSKI
1,0,0,2017,Opady deszczu,Inne,Opady deszczu,Światło dzienne,Jezdnia,EWK-106518183K,10,2017-10-30,Nieokreślone (puste pole),20*33'461,51*37'140,GMINNA,Obszar zabudowany,Odcinek prosty,Droga gminna,Jednojezdniowa dwukierunkowa,N,POWIAT GRÓJECKI,NOWE MIASTO NAD PILICĄ - OBSZAR MIEJSKI
1,0,1,2017,Opady deszczu,Inne,Opady deszczu,Światło dzienne,Pobocze,EWK-106275486Q,12,2017-07-23,Lekko,22*02'487,52*48'550,P2653W,Obszar niezabudowany,"Zakręt, łuk",Droga powiatowa,Jednojezdniowa dwukierunkowa,T,POWIAT OSTROWSKI,ANDRZEJEWO - OBSZAR WIEJSKI
1,0,0,2017,Opady deszczu,Inne,Opady deszczu,Światło dzienne,Pobocze,EWK-106275486Q,12,2017-07-23,Nieokreślone (puste pole),22*02'487,52*48'550,P2653W,Obszar niezabudowany,"Zakręt, łuk",Droga powiatowa,Jednojezdniowa dwukierunkowa,T,POWIAT OSTROWSKI,ANDRZEJEWO - OBSZAR WIEJSKI
1,0,1,2017,Opady deszczu,Inne,Opady deszczu,Światło dzienne,"Skarpa, rów",EWK-106412201C,7,2017-09-20,Lekko,21*02'410,51*25'487,740,Obszar zabudowany,Odcinek prosty,Droga wojewódzka,Jednojezdniowa dwukierunkowa,N,POWIAT RADOMSKI,ZAKRZEW - OBSZAR WIEJSKI
1,0,1,2017,Opady deszczu,Inne,Opady deszczu,"Świt, zmrok",Jezdnia,EWK-105398917P,15,2017-02-05,Lekko,22*15'070,52*22'238,63,Obszar niezabudowany,Odcinek prosty,Droga krajowa,Jednojezdniowa dwukierunkowa,N,POWIAT SOKOŁOWSKI,BIELANY - OBSZAR WIEJSKI
1,0,0,2017,Opady deszczu,Inne,Opady deszczu,"Świt, zmrok",Jezdnia,EWK-105398917P,15,2017-02-05,Nieokreślone (puste pole),22*15'070,52*22'238,63,Obszar niezabudowany,Odcinek prosty,Droga krajowa,Jednojezdniowa dwukierunkowa,N,POWIAT SOKOŁOWSKI,BIELANY - OBSZAR WIEJSKI
1,0,2,2017,Opady deszczu,Najechanie na barierę ochronną,Opady deszczu,Światło dzienne,Jezdnia,EWK-106041678X,18,2017-06-16,Lekko,21*01'343,51*33'500,S7,Obszar niezabudowany,Odcinek prosty,Droga krajowa,Ekspresowa,N,POWIAT BIAŁOBRZESKI,STARA BŁOTNICA - OBSZAR WIEJSKI
1,0,0,2017,Opady deszczu,Najechanie na barierę ochronną,Opady deszczu,Światło dzienne,Jezdnia,EWK-106041678X,18,2017-06-16,Nieokreślone (puste pole),21*01'343,51*33'500,S7,Obszar niezabudowany,Odcinek prosty,Droga krajowa,Ekspresowa,N,POWIAT BIAŁOBRZESKI,STARA BŁOTNICA - OBSZAR WIEJSKI
1,0,1,2017,Opady deszczu,Najechanie na barierę ochronną,Opady deszczu,"Świt, zmrok",Jezdnia,EWK-105683348E,20,2017-03-17,Ciężko,20*51'036,51*52'021,S7,Obszar niezabudowany,Odcinek prosty,Droga krajowa,Ekspresowa,N,POWIAT GRÓJECKI,GRÓJEC - OBSZAR MIEJSKI
1,0,0,2017,Opady deszczu,Najechanie na barierę ochronną,Opady deszczu,"Świt, zmrok",Jezdnia,EWK-105683348E,20,2017-03-17,Nieokreślone (puste pole),20*51'036,51*52'021,S7,Obszar niezabudowany,Odcinek prosty,Droga krajowa,Ekspresowa,N,POWIAT GRÓJECKI,GRÓJEC - OBSZAR MIEJSKI
1,0,1,2017,Opady deszczu,Najechanie na drzewo,Opady deszczu,Noc - droga nieoświetlona,Jezdnia,EWK-106326363G,19,2017-08-19,Ciężko,21*58'584,52*16'589,P4248W,Obszar niezabudowany,"Zakręt, łuk",Droga powiatowa,Jednojezdniowa dwukierunkowa,T,POWIAT WĘGROWSKI,GRĘBKÓW - OBSZAR WIEJSKI
1,0,1,2017,Opady deszczu,Najechanie na drzewo,Opady deszczu,Noc - droga nieoświetlona,Jezdnia,EWK-106326363G,19,2017-08-19,Lekko,21*58'584,52*16'589,P4248W,Obszar niezabudowany,"Zakręt, łuk",Droga powiatowa,Jednojezdniowa dwukierunkowa,T,POWIAT WĘGROWSKI,GRĘBKÓW - OBSZAR WIEJSKI
1,0,1,2017,Opady deszczu,Najechanie na drzewo,Opady deszczu,Noc - droga nieoświetlona,Jezdnia,EWK-106363562L,22,2017-09-05,Lekko,22*11'339,52*49'350,P2655W,Obszar niezabudowany,Odcinek prosty,Droga powiatowa,Jednojezdniowa dwukierunkowa,T,POWIAT OSTROWSKI,ANDRZEJEWO - OBSZAR WIEJSKI
1,0,3,2017,Opady deszczu,Najechanie na drzewo,Opady deszczu,Noc - droga nieoświetlona,Jezdnia,EWK-106408145R,3,2017-09-17,Ciężko,20*08'475,52*13'373,3818W,Obszar niezabudowany,"Zakręt, łuk",Droga powiatowa,Jednojezdniowa dwukierunkowa,N,POWIAT SOCHACZEWSKI,RYBNO - OBSZAR WIEJSKI
1,2,0,2017,Opady deszczu,Najechanie na drzewo,Opady deszczu,Noc - droga nieoświetlona,Jezdnia,EWK-106408145R,3,2017-09-17,Nieokreślone (puste pole),20*08'475,52*13'373,3818W,Obszar niezabudowany,"Zakręt, łuk",Droga powiatowa,Jednojezdniowa dwukierunkowa,N,POWIAT SOCHACZEWSKI,RYBNO - OBSZAR WIEJSKI
1,0,1,2017,Opady deszczu,Najechanie na drzewo,Opady deszczu,Noc - droga nieoświetlona,Jezdnia,EWK-106452692K,18,2017-10-09,Lekko,21*23'540,53*22'019,2515W,Obszar niezabudowany,Odcinek prosty,Droga powiatowa,Jednojezdniowa dwukierunkowa,T,POWIAT OSTROŁĘCKI,MYSZYNIEC - OBSZAR WIEJSKI
1,0,0,2017,Opady deszczu,Najechanie na drzewo,Opady deszczu,Noc - droga nieoświetlona,Jezdnia,EWK-106452692K,18,2017-10-09,Nieokreślone (puste pole),21*23'540,53*22'019,2515W,Obszar niezabudowany,Odcinek prosty,Droga powiatowa,Jednojezdniowa dwukierunkowa,T,POWIAT OSTROŁĘCKI,MYSZYNIEC - OBSZAR WIEJSKI
1,0,1,2017,Opady deszczu,Najechanie na drzewo,Opady deszczu,Noc - droga nieoświetlona,Jezdnia,EWK-106454888L,5,2017-10-08,Lekko,21*39'209,52*51'229,4401W,Obszar niezabudowany,"Zakręt, łuk",Droga powiatowa,Jednojezdniowa dwukierunkowa,N,POWIAT OSTROWSKI,WĄSEWO - OBSZAR WIEJSKI
1,0,0,2017,Opady deszczu,Najechanie na drzewo,Opady deszczu,Noc - droga nieoświetlona,Jezdnia,EWK-106454888L,5,2017-10-08,Nieokreślone (puste pole),21*39'209,52*51'229,4401W,Obszar niezabudowany,"Zakręt, łuk",Droga powiatowa,Jednojezdniowa dwukierunkowa,N,POWIAT OSTROWSKI,WĄSEWO - OBSZAR WIEJSKI
1,0,1,2017,Opady deszczu,Najechanie na drzewo,Opady deszczu,Noc - droga nieoświetlona,Pobocze,EWK-106508550G,18,2017-10-28,Ciężko,21*32'383,51*33'185,79,Obszar niezabudowany,Odcinek prosty,Droga krajowa,Jednojezdniowa dwukierunkowa,N,POWIAT KOZIENICKI,KOZIENICE - OBSZAR WIEJSKI
1,0,2,2017,Opady deszczu,Najechanie na drzewo,Opady deszczu,Noc - droga nieoświetlona,Pobocze,EWK-106508550G,18,2017-10-28,Lekko,21*32'383,51*33'185,79,Obszar niezabudowany,Odcinek prosty,Droga krajowa,Jednojezdniowa dwukierunkowa,N,POWIAT KOZIENICKI,KOZIENICE - OBSZAR WIEJSKI
1,1,0,2017,Opady deszczu,Najechanie na drzewo,Opady deszczu,Noc - droga nieoświetlona,Pobocze,EWK-106508550G,18,2017-10-28,Nieokreślone (puste pole),21*32'383,51*33'185,79,Obszar niezabudowany,Odcinek prosty,Droga krajowa,Jednojezdniowa dwukierunkowa,N,POWIAT KOZIENICKI,KOZIENICE - OBSZAR WIEJSKI
1,0,1,2017,Opady deszczu,Najechanie na drzewo,Opady deszczu,Noc - droga nieoświetlona,Pobocze,EWK-106540332X,20,2017-11-11,Ciężko,21*31'018,51*36'132,79,Obszar niezabudowany,Odcinek prosty,Droga krajowa,Jednojezdniowa dwukierunkowa,T,POWIAT KOZIENICKI,KOZIENICE - OBSZAR WIEJSKI
1,0,3,2017,Opady deszczu,Najechanie na drzewo,Opady deszczu,Noc - droga nieoświetlona,Pobocze,EWK-106540332X,20,2017-11-11,Lekko,21*31'018,51*36'132,79,Obszar niezabudowany,Odcinek prosty,Droga krajowa,Jednojezdniowa dwukierunkowa,T,POWIAT KOZIENICKI,KOZIENICE - OBSZAR WIEJSKI
1,0,0,2017,Opady deszczu,Najechanie na drzewo,Opady deszczu,Noc - droga nieoświetlona,Pobocze,EWK-106540332X,20,2017-11-11,Nieokreślone (puste pole),21*31'018,51*36'132,79,Obszar niezabudowany,Odcinek prosty,Droga krajowa,Jednojezdniowa dwukierunkowa,T,POWIAT KOZIENICKI,KOZIENICE - OBSZAR WIEJSKI
1,1,0,2017,Opady deszczu,Najechanie na drzewo,Opady deszczu,Noc - droga oświetlona,Pobocze,EWK-106595794M,16,2017-12-03,Nieokreślone (puste pole),21*27'050,52*34'391,P4419W,Obszar zabudowany,Odcinek prosty,Droga powiatowa,Jednojezdniowa dwukierunkowa,N,POWIAT WYSZKOWSKI,WYSZKÓW - OBSZAR WIEJSKI
1,0,2,2017,Opady deszczu,Najechanie na drzewo,Opady deszczu,Noc - droga oświetlona,"Wjazd, wyjazd z posesji, pola",EWK-106534397P,21,2017-11-10,Lekko,21*08'340,51*24'322,P5305W,Obszar zabudowany,Odcinek prosty,Droga powiatowa,Dwie jezdnie jednokierunkowe,N,POWIAT RADOM,RADOM - OBSZAR MIEJSKI
1,1,0,2017,Opady deszczu,Najechanie na drzewo,Opady deszczu,Światło dzienne,Jezdnia,EWK-106278373Q,17,2017-07-21,Nieokreślone (puste pole),22*25'122,52*04'217,,Obszar niezabudowany,"Zakręt, łuk",Nieokreślone (puste pole),Jednojezdniowa dwukierunkowa,N,POWIAT SIEDLECKI,ZBUCZYN - OBSZAR WIEJSKI
1,0,2,2017,Opady deszczu,Najechanie na drzewo,Opady deszczu,Światło dzienne,Jezdnia,EWK-106408545W,15,2017-09-17,Lekko,21*31'560,51*24'155,787,Obszar niezabudowany,Odcinek prosty,Droga wojewódzka,Jednojezdniowa dwukierunkowa,T,POWIAT ZWOLEŃSKI,ZWOLEŃ - OBSZAR WIEJSKI
1,0,1,2017,Opady deszczu,Najechanie na drzewo,Opady deszczu,Światło dzienne,Jezdnia,EWK-106520498A,15,2017-10-29,Lekko,21*44'418,51*55'499,,Obszar niezabudowany,Odcinek prosty,Nieokreślone (puste pole),Jednojezdniowa dwukierunkowa,N,POWIAT GARWOLIŃSKI,BOROWIE - OBSZAR WIEJSKI
1,2,0,2017,Opady deszczu,Najechanie na drzewo,Opady deszczu,Światło dzienne,Jezdnia,EWK-106535822R,12,2017-11-11,Nieokreślone (puste pole),22*23'558,52*08'340,P,Obszar niezabudowany,Odcinek prosty,Droga powiatowa,Jednojezdniowa dwukierunkowa,N,POWIAT SIEDLECKI,ZBUCZYN - OBSZAR WIEJSKI
1,0,1,2017,Opady deszczu,Najechanie na drzewo,Opady deszczu,Światło dzienne,Pobocze,EWK-105773386W,10,2017-04-26,Lekko,21*23'085,51*32'303,P1716W,Obszar niezabudowany,"Zakręt, łuk",Droga powiatowa,Jednojezdniowa dwukierunkowa,N,POWIAT KOZIENICKI,GŁOWACZÓW - OBSZAR WIEJSKI
1,0,1,2017,Opady deszczu,Najechanie na drzewo,Opady deszczu,Światło dzienne,Pobocze,EWK-106447485Y,7,2017-10-05,Lekko,19*35'049,52*39'276,6905W,Obszar niezabudowany,Odcinek prosty,Droga powiatowa,Jednojezdniowa dwukierunkowa,N,POWIAT PŁOCKI,BRUDZEŃ DUŻY - OBSZAR WIEJSKI
1,0,0,2017,Opady deszczu,Najechanie na drzewo,Opady deszczu,Światło dzienne,Pobocze,EWK-106447485Y,7,2017-10-05,Nieokreślone (puste pole),19*35'049,52*39'276,6905W,Obszar niezabudowany,Odcinek prosty,Droga powiatowa,Jednojezdniowa dwukierunkowa,N,POWIAT PŁOCKI,BRUDZEŃ DUŻY - OBSZAR WIEJSKI
1,0,1,2017,Opady deszczu,"Najechanie na dziurę, wybój, garb",Opady deszczu,Światło dzienne,"Skarpa, rów",EWK-106280439J,13,2017-07-26,Lekko,20*52'056,53*09'564,57,Obszar niezabudowany,Odcinek prosty,Droga krajowa,Jednojezdniowa dwukierunkowa,N,POWIAT PRZASNYSKI,KRZYNOWŁOGA MAŁA - OBSZAR WIEJSKI
1,0,0,2017,Opady deszczu,"Najechanie na dziurę, wybój, garb",Opady deszczu,Światło dzienne,"Skarpa, rów",EWK-106280439J,13,2017-07-26,Nieokreślone (puste pole),20*52'056,53*09'564,57,Obszar niezabudowany,Odcinek prosty,Droga krajowa,Jednojezdniowa dwukierunkowa,N,POWIAT PRZASNYSKI,KRZYNOWŁOGA MAŁA - OBSZAR WIEJSKI
1,1,0,2017,Opady deszczu,Najechanie na pieszego,Opady deszczu,Noc - droga nieoświetlona,Jezdnia,EWK-105693076F,20,2017-03-23,Nieokreślone (puste pole),21*53'299,52*48'475,627,Obszar zabudowany,Odcinek prosty,Droga wojewódzka,Jednojezdniowa dwukierunkowa,N,POWIAT OSTROWSKI,OSTRÓW MAZOWIECKA - OBSZAR MIEJSKI
1,1,0,2017,Opady deszczu,Najechanie na pieszego,Opady deszczu,Noc - droga nieoświetlona,Jezdnia,EWK-105775647A,21,2017-04-26,Nieokreślone (puste pole),21*06'309,51*16'445,744,Obszar niezabudowany,Odcinek prosty,Droga wojewódzka,Jednojezdniowa dwukierunkowa,N,POWIAT RADOMSKI,WIERZBICA - OBSZAR WIEJSKI
1,0,1,2017,Opady deszczu,Najechanie na pieszego,Opady deszczu,Noc - droga nieoświetlona,Jezdnia,EWK-106420691K,20,2017-09-22,Ciężko,21*03'116,53*13'037,P3212W,Obszar niezabudowany,Odcinek prosty,Droga powiatowa,Jednojezdniowa dwukierunkowa,T,POWIAT PRZASNYSKI,JEDNOROŻEC - OBSZAR WIEJSKI
1,0,0,2017,Opady deszczu,Najechanie na pieszego,Opady deszczu,Noc - droga nieoświetlona,Jezdnia,EWK-106420691K,20,2017-09-22,Nieokreślone (puste pole),21*03'116,53*13'037,P3212W,Obszar niezabudowany,Odcinek prosty,Droga powiatowa,Jednojezdniowa dwukierunkowa,T,POWIAT PRZASNYSKI,JEDNOROŻEC - OBSZAR WIEJSKI
1,0,1,2017,Opady deszczu,Najechanie na pieszego,Opady deszczu,Noc - droga nieoświetlona,Jezdnia,EWK-106444498M,19,2017-10-03,Ciężko,22*00'014,52*17'499,P4248W,Obszar niezabudowany,Odcinek prosty,Droga powiatowa,Jednojezdniowa dwukierunkowa,N,POWIAT WĘGROWSKI,GRĘBKÓW - OBSZAR WIEJSKI
1,0,0,2017,Opady deszczu,Najechanie na pieszego,Opady deszczu,Noc - droga nieoświetlona,Jezdnia,EWK-106444498M,19,2017-10-03,Nieokreślone (puste pole),22*00'014,52*17'499,P4248W,Obszar niezabudowany,Odcinek prosty,Droga powiatowa,Jednojezdniowa dwukierunkowa,N,POWIAT WĘGROWSKI,GRĘBKÓW - OBSZAR WIEJSKI
1,0,1,2017,Opady deszczu,Najechanie na pieszego,Opady deszczu,Noc - droga nieoświetlona,Jezdnia,EWK-106448452Y,22,2017-10-05,Ciężko,21*05'538,51*24'105,G530326W,Obszar zabudowany,Odcinek prosty,Droga gminna,Jednojezdniowa dwukierunkowa,N,POWIAT RADOM,RADOM - OBSZAR MIEJSKI
1,0,0,2017,Opady deszczu,Najechanie na pieszego,Opady deszczu,Noc - droga nieoświetlona,Jezdnia,EWK-106448452Y,22,2017-10-05,Nieokreślone (puste pole),21*05'538,51*24'105,G530326W,Obszar zabudowany,Odcinek prosty,Droga gminna,Jednojezdniowa dwukierunkowa,N,POWIAT RADOM,RADOM - OBSZAR MIEJSKI
1,1,0,2017,Opady deszczu,Najechanie na pieszego,Opady deszczu,Noc - droga nieoświetlona,Jezdnia,EWK-106451193C,18,2017-10-06,Nieokreślone (puste pole),21*35'019,51*48'206,,Obszar niezabudowany,"Zakręt, łuk",Nieokreślone (puste pole),Jednojezdniowa dwukierunkowa,T,POWIAT GARWOLIŃSKI,ŁASKARZEW - OBSZAR MIEJSKI
1,0,1,2017,Opady deszczu,Najechanie na pieszego,Opady deszczu,Noc - droga nieoświetlona,Jezdnia,EWK-106454147A,18,2017-10-08,Ciężko,21*05'022,51*14'579,744,Obszar niezabudowany,Odcinek prosty,Droga wojewódzka,Jednojezdniowa dwukierunkowa,T,POWIAT RADOMSKI,WIERZBICA - OBSZAR WIEJSKI
1,0,0,2017,Opady deszczu,Najechanie na pieszego,Opady deszczu,Noc - droga nieoświetlona,Jezdnia,EWK-106454147A,18,2017-10-08,Nieokreślone (puste pole),21*05'022,51*14'579,744,Obszar niezabudowany,Odcinek prosty,Droga wojewódzka,Jednojezdniowa dwukierunkowa,T,POWIAT RADOMSKI,WIERZBICA - OBSZAR WIEJSKI
1,1,0,2017,Opady deszczu,Najechanie na pieszego,Opady deszczu,Noc - droga nieoświetlona,Jezdnia,EWK-106491048D,20,2017-10-22,Nieokreślone (puste pole),20*51'050,53*01'155,544,Obszar niezabudowany,Odcinek prosty,Droga wojewódzka,Jednojezdniowa dwukierunkowa,N,POWIAT PRZASNYSKI,PRZASNYSZ - OBSZAR MIEJSKI
1,0,1,2017,Opady deszczu,Najechanie na pieszego,Opady deszczu,Noc - droga nieoświetlona,Jezdnia,EWK-106528905X,16,2017-11-07,Ciężko,19*32'232,52*27'071,S60G,Obszar niezabudowany,Odcinek prosty,Droga krajowa,Ekspresowa,N,POWIAT GOSTYNIŃSKI,GOSTYNIN - OBSZAR WIEJSKI
1,0,0,2017,Opady deszczu,Najechanie na pieszego,Opady deszczu,Noc - droga nieoświetlona,Jezdnia,EWK-106528905X,16,2017-11-07,Nieokreślone (puste pole),19*32'232,52*27'071,S60G,Obszar niezabudowany,Odcinek prosty,Droga krajowa,Ekspresowa,N,POWIAT GOSTYNIŃSKI,GOSTYNIN - OBSZAR WIEJSKI
1,1,0,2017,Opady deszczu,Najechanie na pieszego,Opady deszczu,Noc - droga nieoświetlona,Jezdnia,EWK-106543224F,6,2017-11-16,Nieokreślone (puste pole),21*09'019,51*24'500,P5305W,Obszar zabudowany,Odcinek prosty,Droga powiatowa,Dwie jezdnie jednokierunkowe,N,POWIAT RADOM,RADOM - OBSZAR MIEJSKI
1,0,1,2017,Opady deszczu,Najechanie na pieszego,Opady deszczu,Noc - droga nieoświetlona,Jezdnia,EWK-106557726G,19,2017-11-22,Lekko,20*57'543,51*40'558,731,Obszar niezabudowany,Odcinek prosty,Droga wojewódzka,Jednojezdniowa dwukierunkowa,N,POWIAT BIAŁOBRZESKI,PROMNA - OBSZAR WIEJSKI
1,0,0,2017,Opady deszczu,Najechanie na pieszego,Opady deszczu,Noc - droga nieoświetlona,Jezdnia,EWK-106557726G,19,2017-11-22,Nieokreślone (puste pole),20*57'543,51*40'558,731,Obszar niezabudowany,Odcinek prosty,Droga wojewódzka,Jednojezdniowa dwukierunkowa,N,POWIAT BIAŁOBRZESKI,PROMNA - OBSZAR WIEJSKI
1,0,1,2017,Opady deszczu,Najechanie na pieszego,Opady deszczu,Noc - droga nieoświetlona,Przejście dla pieszych,EWK-105958912P,21,2017-06-06,Lekko,20*14'475,52*13'438,705,Obszar zabudowany,,Droga wojewódzka,Jednojezdniowa dwukierunkowa,N,POWIAT SOCHACZEWSKI,SOCHACZEW - OBSZAR MIEJSKI
1,0,0,2017,Opady deszczu,Najechanie na pieszego,Opady deszczu,Noc - droga nieoświetlona,Przejście dla pieszych,EWK-105958912P,21,2017-06-06,Nieokreślone (puste pole),20*14'475,52*13'438,705,Obszar zabudowany,,Droga wojewódzka,Jednojezdniowa dwukierunkowa,N,POWIAT SOCHACZEWSKI,SOCHACZEW - OBSZAR MIEJSKI
1,0,1,2017,Opady deszczu,Najechanie na pieszego,Opady deszczu,Noc - droga oświetlona,Jezdnia,EWK-105349120K,17,2017-01-16,Lekko,20*49'420,53*1''435,P2361W,Obszar zabudowany,Odcinek prosty,Droga powiatowa,Jednojezdniowa dwukierunkowa,N,POWIAT PRZASNYSKI,PRZASNYSZ - OBSZAR WIEJSKI
1,0,0,2017,Opady deszczu,Najechanie na pieszego,Opady deszczu,Noc - droga oświetlona,Jezdnia,EWK-105349120K,17,2017-01-16,Nieokreślone (puste pole),20*49'420,53*1''435,P2361W,Obszar zabudowany,Odcinek prosty,Droga powiatowa,Jednojezdniowa dwukierunkowa,N,POWIAT PRZASNYSKI,PRZASNYSZ - OBSZAR WIEJSKI