Liczba wypadków,Liczba zabitych,Liczba rannych,Rok,Warunki atmosferyczne,Rodzaj zdarzenia,Warunki atmosferyczne,Oświetlenie,Charakterystyka miejsca zdarzenia,IDKSIP zdarzenia,Godzina,Dzień,Ranny,GPS x,GPS y,Numer drogi,Obszar,Geometria drogi,Kategoria drogi 1,Rodzaj drogi,Czy w zdarzeniu był sprawca nietrzeźwy,Powiat,Gmina
1,0,0,2017,Opady deszczu,Najechanie na pieszego,Opady deszczu,Światło dzienne,Jezdnia,EWK-106445704A,17,2017-10-05,Nieokreślone (puste pole),20*20'126,52*07'032,50,Obszar zabudowany,Odcinek prosty,Droga krajowa,Jednojezdniowa dwukierunkowa,T,POWIAT ŻYRARDOWSKI,WISKITKI - OBSZAR WIEJSKI
1,0,1,2017,Opady deszczu,Najechanie na pieszego,Opady deszczu,Światło dzienne,Jezdnia,EWK-106461900U,9,2017-10-11,Ciężko,21*11'204,51*46'510,730,Obszar zabudowany,Odcinek prosty,Droga wojewódzka,Jednojezdniowa dwukierunkowa,N,POWIAT GRÓJECKI,WARKA - OBSZAR MIEJSKI
1,0,0,2017,Opady deszczu,Najechanie na pieszego,Opady deszczu,Światło dzienne,Jezdnia,EWK-106461900U,9,2017-10-11,Nieokreślone (puste pole),21*11'204,51*46'510,730,Obszar zabudowany,Odcinek prosty,Droga wojewódzka,Jednojezdniowa dwukierunkowa,N,POWIAT GRÓJECKI,WARKA - OBSZAR MIEJSKI
1,0,1,2017,Opady deszczu,Najechanie na pieszego,Opady deszczu,Światło dzienne,Jezdnia,EWK-106482470E,17,2017-10-09,Ciężko,22*16'174,52*10'061,P0244T,Obszar zabudowany,Odcinek prosty,Droga powiatowa,Jednojezdniowa dwukierunkowa,N,POWIAT SIEDLCE,SIEDLCE - OBSZAR MIEJSKI
1,0,0,2017,Opady deszczu,Najechanie na pieszego,Opady deszczu,Światło dzienne,Jezdnia,EWK-106482470E,17,2017-10-09,Nieokreślone (puste pole),22*16'174,52*10'061,P0244T,Obszar zabudowany,Odcinek prosty,Droga powiatowa,Jednojezdniowa dwukierunkowa,N,POWIAT SIEDLCE,SIEDLCE - OBSZAR MIEJSKI
1,0,1,2017,Opady deszczu,Najechanie na pieszego,Opady deszczu,Światło dzienne,Przejście dla pieszych,EWK-105774771L,13,2017-04-26,Lekko,21*09'309,51*22'556,P3539W,Obszar zabudowany,Odcinek prosty,Droga powiatowa,Dwie jezdnie jednokierunkowe,N,POWIAT RADOM,RADOM - OBSZAR MIEJSKI
1,0,0,2017,Opady deszczu,Najechanie na pieszego,Opady deszczu,Światło dzienne,Przejście dla pieszych,EWK-105774771L,13,2017-04-26,Nieokreślone (puste pole),21*09'309,51*22'556,P3539W,Obszar zabudowany,Odcinek prosty,Droga powiatowa,Dwie jezdnie jednokierunkowe,N,POWIAT RADOM,RADOM - OBSZAR MIEJSKI
1,0,1,2017,Opady deszczu,Najechanie na pieszego,Opady deszczu,Światło dzienne,Przejście dla pieszych,EWK-105781895K,13,2017-04-26,Lekko,22*17'200,52*10'188,63,Obszar zabudowany,Odcinek prosty,Droga krajowa,Jednojezdniowa dwukierunkowa,N,POWIAT SIEDLCE,SIEDLCE - OBSZAR MIEJSKI
1,0,0,2017,Opady deszczu,Najechanie na pieszego,Opady deszczu,Światło dzienne,Przejście dla pieszych,EWK-105781895K,13,2017-04-26,Nieokreślone (puste pole),22*17'200,52*10'188,63,Obszar zabudowany,Odcinek prosty,Droga krajowa,Jednojezdniowa dwukierunkowa,N,POWIAT SIEDLCE,SIEDLCE - OBSZAR MIEJSKI
1,0,1,2017,Opady deszczu,Najechanie na pieszego,Opady deszczu,Światło dzienne,Przejście dla pieszych,EWK-106019726D,15,2017-06-12,Lekko,19*41'256,52*33'107,5210W,Obszar zabudowany,,Droga powiatowa,Jednojezdniowa dwukierunkowa,N,POWIAT PŁOCK,PŁOCK - OBSZAR MIEJSKI
1,0,0,2017,Opady deszczu,Najechanie na pieszego,Opady deszczu,Światło dzienne,Przejście dla pieszych,EWK-106019726D,15,2017-06-12,Nieokreślone (puste pole),19*41'256,52*33'107,5210W,Obszar zabudowany,,Droga powiatowa,Jednojezdniowa dwukierunkowa,N,POWIAT PŁOCK,PŁOCK - OBSZAR MIEJSKI
1,0,1,2017,Opady deszczu,Najechanie na pieszego,Opady deszczu,Światło dzienne,Przejście dla pieszych,EWK-106166895D,18,2017-06-29,Ciężko,21*07'369,51*28'530,7,Obszar niezabudowany,Odcinek prosty,Droga krajowa,Dwie jezdnie jednokierunkowe,N,POWIAT RADOMSKI,JEDLIŃSK - OBSZAR WIEJSKI
1,0,2,2017,Opady deszczu,Najechanie na pieszego,Opady deszczu,Światło dzienne,Przejście dla pieszych,EWK-106166895D,18,2017-06-29,Lekko,21*07'369,51*28'530,7,Obszar niezabudowany,Odcinek prosty,Droga krajowa,Dwie jezdnie jednokierunkowe,N,POWIAT RADOMSKI,JEDLIŃSK - OBSZAR WIEJSKI
1,0,0,2017,Opady deszczu,Najechanie na pieszego,Opady deszczu,Światło dzienne,Przejście dla pieszych,EWK-106166895D,18,2017-06-29,Nieokreślone (puste pole),21*07'369,51*28'530,7,Obszar niezabudowany,Odcinek prosty,Droga krajowa,Dwie jezdnie jednokierunkowe,N,POWIAT RADOMSKI,JEDLIŃSK - OBSZAR WIEJSKI
1,0,1,2017,Opady deszczu,Najechanie na pieszego,Opady deszczu,Światło dzienne,Przejście dla pieszych,EWK-106170046Y,19,2017-07-01,Ciężko,19*32'132,52*27'060,S60G,Obszar niezabudowany,Odcinek prosty,Droga krajowa,Ekspresowa,N,POWIAT GOSTYNIŃSKI,GOSTYNIN - OBSZAR WIEJSKI
1,0,0,2017,Opady deszczu,Najechanie na pieszego,Opady deszczu,Światło dzienne,Przejście dla pieszych,EWK-106170046Y,19,2017-07-01,Nieokreślone (puste pole),19*32'132,52*27'060,S60G,Obszar niezabudowany,Odcinek prosty,Droga krajowa,Ekspresowa,N,POWIAT GOSTYNIŃSKI,GOSTYNIN - OBSZAR WIEJSKI
1,0,1,2017,Opady deszczu,Najechanie na pieszego,Opady deszczu,Światło dzienne,Przejście dla pieszych,EWK-106281434T,14,2017-07-25,Lekko,21*09'383,51*23'462,P5304W  ,Obszar zabudowany,Odcinek prosty,Droga powiatowa,Jednojezdniowa dwukierunkowa,N,POWIAT RADOM,RADOM - OBSZAR MIEJSKI
1,0,0,2017,Opady deszczu,Najechanie na pieszego,Opady deszczu,Światło dzienne,Przejście dla pieszych,EWK-106281434T,14,2017-07-25,Nieokreślone (puste pole),21*09'383,51*23'462,P5304W  ,Obszar zabudowany,Odcinek prosty,Droga powiatowa,Jednojezdniowa dwukierunkowa,N,POWIAT RADOM,RADOM - OBSZAR MIEJSKI
1,0,1,2017,Opady deszczu,Najechanie na pieszego,Opady deszczu,Światło dzienne,Przejście dla pieszych,EWK-106361716D,9,2017-09-05,Lekko,21*09'069,51*23'502,P5320W,Obszar zabudowany,Odcinek prosty,Droga powiatowa,Jednojezdniowa dwukierunkowa,N,POWIAT RADOM,RADOM - OBSZAR MIEJSKI
1,0,0,2017,Opady deszczu,Najechanie na pieszego,Opady deszczu,Światło dzienne,Przejście dla pieszych,EWK-106361716D,9,2017-09-05,Nieokreślone (puste pole),21*09'069,51*23'502,P5320W,Obszar zabudowany,Odcinek prosty,Droga powiatowa,Jednojezdniowa dwukierunkowa,N,POWIAT RADOM,RADOM - OBSZAR MIEJSKI
1,0,1,2017,Opady deszczu,Najechanie na pieszego,Opady deszczu,Światło dzienne,Przejście dla pieszych,EWK-106413675A,6,2017-09-20,Ciężko,20*52'312,51*51'534,P0244T,Obszar zabudowany,Odcinek prosty,Droga powiatowa,Jednojezdniowa dwukierunkowa,N,POWIAT GRÓJECKI,GRÓJEC - OBSZAR MIEJSKI
1,0,1,2017,Opady deszczu,Najechanie na pieszego,Opady deszczu,Światło dzienne,Przejście dla pieszych,EWK-106413675A,6,2017-09-20,Lekko,20*52'312,51*51'534,P0244T,Obszar zabudowany,Odcinek prosty,Droga powiatowa,Jednojezdniowa dwukierunkowa,N,POWIAT GRÓJECKI,GRÓJEC - OBSZAR MIEJSKI
1,0,1,2017,Opady deszczu,Najechanie na pieszego,Opady deszczu,Światło dzienne,Przejście dla pieszych,EWK-106414443G,11,2017-09-20,Ciężko,21*10'414,51*23'021,P5309W,Obszar zabudowany,Odcinek prosty,Droga powiatowa,Jednojezdniowa dwukierunkowa,N,POWIAT RADOM,RADOM - OBSZAR MIEJSKI
1,0,0,2017,Opady deszczu,Najechanie na pieszego,Opady deszczu,Światło dzienne,Przejście dla pieszych,EWK-106414443G,11,2017-09-20,Nieokreślone (puste pole),21*10'414,51*23'021,P5309W,Obszar zabudowany,Odcinek prosty,Droga powiatowa,Jednojezdniowa dwukierunkowa,N,POWIAT RADOM,RADOM - OBSZAR MIEJSKI
1,0,1,2017,Opady deszczu,Najechanie na pieszego,Opady deszczu,Światło dzienne,Przejście dla pieszych,EWK-106423345H,11,2017-09-24,Lekko,22*16'463,52*09'556,GMINNA,Obszar zabudowany,Odcinek prosty,Droga gminna,Dwie jezdnie jednokierunkowe,N,POWIAT SIEDLCE,SIEDLCE - OBSZAR MIEJSKI
1,0,0,2017,Opady deszczu,Najechanie na pieszego,Opady deszczu,Światło dzienne,Przejście dla pieszych,EWK-106423345H,11,2017-09-24,Nieokreślone (puste pole),22*16'463,52*09'556,GMINNA,Obszar zabudowany,Odcinek prosty,Droga gminna,Dwie jezdnie jednokierunkowe,N,POWIAT SIEDLCE,SIEDLCE - OBSZAR MIEJSKI
1,0,1,2017,Opady deszczu,Najechanie na pieszego,Opady deszczu,Światło dzienne,Przejście dla pieszych,EWK-106445362T,6,2017-10-05,Lekko,21*31'510,51*35'265,G170854W,Obszar zabudowany,"Zakręt, łuk",Droga gminna,Jednojezdniowa dwukierunkowa,N,POWIAT KOZIENICKI,KOZIENICE - OBSZAR MIEJSKI
1,0,0,2017,Opady deszczu,Najechanie na pieszego,Opady deszczu,Światło dzienne,Przejście dla pieszych,EWK-106445362T,6,2017-10-05,Nieokreślone (puste pole),21*31'510,51*35'265,G170854W,Obszar zabudowany,"Zakręt, łuk",Droga gminna,Jednojezdniowa dwukierunkowa,N,POWIAT KOZIENICKI,KOZIENICE - OBSZAR MIEJSKI
1,0,1,2017,Opady deszczu,Najechanie na pieszego,Opady deszczu,Światło dzienne,Przejście dla pieszych,EWK-106501907R,7,2017-10-26,Ciężko,20*53'516,53*15'146,57,Obszar zabudowany,Odcinek prosty,Droga krajowa,Jednojezdniowa dwukierunkowa,N,POWIAT PRZASNYSKI,CHORZELE - OBSZAR MIEJSKI
1,0,0,2017,Opady deszczu,Najechanie na pieszego,Opady deszczu,Światło dzienne,Przejście dla pieszych,EWK-106501907R,7,2017-10-26,Nieokreślone (puste pole),20*53'516,53*15'146,57,Obszar zabudowany,Odcinek prosty,Droga krajowa,Jednojezdniowa dwukierunkowa,N,POWIAT PRZASNYSKI,CHORZELE - OBSZAR MIEJSKI
1,0,1,2017,Opady deszczu,Najechanie na pieszego,Opady deszczu,Światło dzienne,Przystanek komunikacji publicznej,EWK-106367875D,12,2017-09-07,Ciężko,22*43'296,52*12'389,698,Obszar zabudowany,Odcinek prosty,Droga wojewódzka,Jednojezdniowa dwukierunkowa,T,POWIAT ŁOSICKI,ŁOSICE - OBSZAR MIEJSKI
1,0,0,2017,Opady deszczu,Najechanie na pieszego,Opady deszczu,Światło dzienne,Przystanek komunikacji publicznej,EWK-106367875D,12,2017-09-07,Nieokreślone (puste pole),22*43'296,52*12'389,698,Obszar zabudowany,Odcinek prosty,Droga wojewódzka,Jednojezdniowa dwukierunkowa,T,POWIAT ŁOSICKI,ŁOSICE - OBSZAR MIEJSKI
1,0,1,2017,Opady deszczu,Najechanie na pieszego,Opady deszczu,"Świt, zmrok",Jezdnia,EWK-105797980X,0,2017-05-06,Lekko,20*52'099,51*13'388,G400556W,Obszar zabudowany,Odcinek prosty,Droga gminna,Jednojezdniowa dwukierunkowa,T,POWIAT SZYDŁOWIECKI,SZYDŁOWIEC - OBSZAR MIEJSKI
1,0,0,2017,Opady deszczu,Najechanie na pieszego,Opady deszczu,"Świt, zmrok",Jezdnia,EWK-105797980X,0,2017-05-06,Nieokreślone (puste pole),20*52'099,51*13'388,G400556W,Obszar zabudowany,Odcinek prosty,Droga gminna,Jednojezdniowa dwukierunkowa,T,POWIAT SZYDŁOWIECKI,SZYDŁOWIEC - OBSZAR MIEJSKI
1,1,0,2017,Opady deszczu,Najechanie na pieszego,Opady deszczu,"Świt, zmrok",Jezdnia,EWK-106489147Y,6,2017-10-21,Nieokreślone (puste pole),21*01'255,53*01'043,544,Obszar niezabudowany,Odcinek prosty,Droga wojewódzka,Jednojezdniowa dwukierunkowa,T,POWIAT MAKOWSKI,PŁONIAWY-BRAMURA - OBSZAR WIEJSKI
1,0,1,2017,Opady deszczu,Najechanie na pieszego,Opady deszczu,"Świt, zmrok",Jezdnia,EWK-106494290D,18,2017-10-23,Ciężko,21*26'401,52*39'159,P4408W,Obszar zabudowany,Odcinek prosty,Droga powiatowa,Jednojezdniowa dwukierunkowa,T,POWIAT WYSZKOWSKI,WYSZKÓW - OBSZAR WIEJSKI
1,0,0,2017,Opady deszczu,Najechanie na pieszego,Opady deszczu,"Świt, zmrok",Jezdnia,EWK-106494290D,18,2017-10-23,Nieokreślone (puste pole),21*26'401,52*39'159,P4408W,Obszar zabudowany,Odcinek prosty,Droga powiatowa,Jednojezdniowa dwukierunkowa,T,POWIAT WYSZKOWSKI,WYSZKÓW - OBSZAR WIEJSKI
1,1,0,2017,Opady deszczu,Najechanie na pieszego,Opady deszczu,"Świt, zmrok",Jezdnia,EWK-106518344H,18,2017-11-01,Nieokreślone (puste pole),21*23'005,51*17'599,733,Obszar niezabudowany,Odcinek prosty,Droga wojewódzka,Jednojezdniowa dwukierunkowa,T,POWIAT ZWOLEŃSKI,KAZANÓW - OBSZAR WIEJSKI
1,1,0,2017,Opady deszczu,Najechanie na pieszego,Opady deszczu,"Świt, zmrok",Jezdnia,EWK-106534887P,19,2017-11-10,Nieokreślone (puste pole),21*59'387,52*17'186,P4248W,Obszar niezabudowany,Odcinek prosty,Droga powiatowa,Jednojezdniowa dwukierunkowa,N,POWIAT WĘGROWSKI,GRĘBKÓW - OBSZAR WIEJSKI
1,0,1,2017,Opady deszczu,Najechanie na pieszego,Opady deszczu,"Świt, zmrok",Przejście dla pieszych,EWK-106494628C,18,2017-10-23,Ciężko,19*41'329,52*33'231,I2,Obszar zabudowany,,Inna,Jednojezdniowa dwukierunkowa,N,POWIAT PŁOCK,PŁOCK - OBSZAR MIEJSKI
1,0,0,2017,Opady deszczu,Najechanie na pieszego,Opady deszczu,"Świt, zmrok",Przejście dla pieszych,EWK-106494628C,18,2017-10-23,Nieokreślone (puste pole),19*41'329,52*33'231,I2,Obszar zabudowany,,Inna,Jednojezdniowa dwukierunkowa,N,POWIAT PŁOCK,PŁOCK - OBSZAR MIEJSKI
1,0,1,2017,Opady deszczu,Najechanie na pieszego,Opady deszczu,"Świt, zmrok",Przejście dla pieszych,EWK-106601842L,16,2017-12-06,Lekko,21*08'231,51*23'269,12,Obszar zabudowany,,Droga krajowa,Dwie jezdnie jednokierunkowe,N,POWIAT RADOM,RADOM - OBSZAR MIEJSKI
1,0,0,2017,Opady deszczu,Najechanie na pieszego,Opady deszczu,"Świt, zmrok",Przejście dla pieszych,EWK-106601842L,16,2017-12-06,Nieokreślone (puste pole),21*08'231,51*23'269,12,Obszar zabudowany,,Droga krajowa,Dwie jezdnie jednokierunkowe,N,POWIAT RADOM,RADOM - OBSZAR MIEJSKI
1,0,1,2017,Opady deszczu,Najechanie na pieszego,Opady deszczu,"Świt, zmrok",Przejście dla pieszych,EWK-106602169K,6,2017-12-07,Lekko,21*10'359,51*24'524,P5329W,Obszar zabudowany,,Droga powiatowa,Jednojezdniowa dwukierunkowa,N,POWIAT RADOM,RADOM - OBSZAR MIEJSKI
1,0,0,2017,Opady deszczu,Najechanie na pieszego,Opady deszczu,"Świt, zmrok",Przejście dla pieszych,EWK-106602169K,6,2017-12-07,Nieokreślone (puste pole),21*10'359,51*24'524,P5329W,Obszar zabudowany,,Droga powiatowa,Jednojezdniowa dwukierunkowa,N,POWIAT RADOM,RADOM - OBSZAR MIEJSKI
1,0,1,2017,Opady deszczu,Najechanie na pieszego,Opady deszczu,"Świt, zmrok",Przejście dla pieszych,EWK-106602864U,18,2017-12-06,Lekko,21*09'465,51*25'067,P5301W,Obszar zabudowany,Odcinek prosty,Droga powiatowa,Dwie jezdnie jednokierunkowe,N,POWIAT RADOM,RADOM - OBSZAR MIEJSKI
1,0,0,2017,Opady deszczu,Najechanie na pieszego,Opady deszczu,"Świt, zmrok",Przejście dla pieszych,EWK-106602864U,18,2017-12-06,Nieokreślone (puste pole),21*09'465,51*25'067,P5301W,Obszar zabudowany,Odcinek prosty,Droga powiatowa,Dwie jezdnie jednokierunkowe,N,POWIAT RADOM,RADOM - OBSZAR MIEJSKI
1,0,1,2017,Opady deszczu,Najechanie na pieszego,Opady deszczu,"Świt, zmrok",Przejście dla pieszych,EWK-106638051T,16,2017-12-23,Ciężko,22*16'381,52*10'022,GMINNA,Obszar zabudowany,Odcinek prosty,Droga gminna,Jednojezdniowa dwukierunkowa,N,POWIAT SIEDLCE,SIEDLCE - OBSZAR MIEJSKI
1,0,0,2017,Opady deszczu,Najechanie na pieszego,Opady deszczu,"Świt, zmrok",Przejście dla pieszych,EWK-106638051T,16,2017-12-23,Nieokreślone (puste pole),22*16'381,52*10'022,GMINNA,Obszar zabudowany,Odcinek prosty,Droga gminna,Jednojezdniowa dwukierunkowa,N,POWIAT SIEDLCE,SIEDLCE - OBSZAR MIEJSKI
1,0,1,2017,Opady deszczu,Najechanie na pojazd unieruchomiony,Opady deszczu,Noc - droga oświetlona,Jezdnia,EWK-105476566E,17,2017-02-23,Lekko,20*30'304,51*25'108,G330227W,Obszar zabudowany,Odcinek prosty,Droga gminna,Jednojezdniowa dwukierunkowa,N,POWIAT PRZYSUSKI,GIELNIÓW - OBSZAR WIEJSKI
1,0,0,2017,Opady deszczu,Najechanie na pojazd unieruchomiony,Opady deszczu,Noc - droga oświetlona,Jezdnia,EWK-105476566E,17,2017-02-23,Nieokreślone (puste pole),20*30'304,51*25'108,G330227W,Obszar zabudowany,Odcinek prosty,Droga gminna,Jednojezdniowa dwukierunkowa,N,POWIAT PRZYSUSKI,GIELNIÓW - OBSZAR WIEJSKI
1,0,1,2017,Opady deszczu,Najechanie na pojazd unieruchomiony,Opady deszczu,Światło dzienne,Jezdnia,EWK-105577592C,13,2017-03-09,Lekko,20*53'203,51*48'018,S7,Obszar niezabudowany,Odcinek prosty,Droga krajowa,Ekspresowa,N,POWIAT GRÓJECKI,BELSK DUŻY - OBSZAR WIEJSKI
1,0,0,2017,Opady deszczu,Najechanie na pojazd unieruchomiony,Opady deszczu,Światło dzienne,Jezdnia,EWK-105577592C,13,2017-03-09,Nieokreślone (puste pole),20*53'203,51*48'018,S7,Obszar niezabudowany,Odcinek prosty,Droga krajowa,Ekspresowa,N,POWIAT GRÓJECKI,BELSK DUŻY - OBSZAR WIEJSKI
1,0,1,2017,Opady deszczu,"Najechanie na słup, znak",Opady deszczu,Noc - droga oświetlona,Jezdnia,EWK-106513707R,23,2017-10-22,Lekko,22*16'255,52*10'127,GMINNA,Obszar zabudowany,,Droga gminna,Jednojezdniowa dwukierunkowa,T,POWIAT SIEDLCE,SIEDLCE - OBSZAR MIEJSKI
1,0,0,2017,Opady deszczu,"Najechanie na słup, znak",Opady deszczu,Noc - droga oświetlona,Jezdnia,EWK-106513707R,23,2017-10-22,Nieokreślone (puste pole),22*16'255,52*10'127,GMINNA,Obszar zabudowany,,Droga gminna,Jednojezdniowa dwukierunkowa,T,POWIAT SIEDLCE,SIEDLCE - OBSZAR MIEJSKI
1,0,2,2017,Opady deszczu,"Najechanie na słup, znak",Opady deszczu,Noc - droga oświetlona,Jezdnia,EWK-106601862N,17,2017-12-06,Lekko,20*53'044,51*51'494,1455O,Obszar zabudowany,,Droga powiatowa,Jednojezdniowa dwukierunkowa,T,POWIAT GRÓJECKI,GRÓJEC - OBSZAR MIEJSKI
1,0,0,2017,Opady deszczu,"Najechanie na słup, znak",Opady deszczu,Noc - droga oświetlona,Jezdnia,EWK-106601862N,17,2017-12-06,Nieokreślone (puste pole),20*53'044,51*51'494,1455O,Obszar zabudowany,,Droga powiatowa,Jednojezdniowa dwukierunkowa,T,POWIAT GRÓJECKI,GRÓJEC - OBSZAR MIEJSKI
1,0,1,2017,Opady deszczu,"Najechanie na słup, znak",Opady deszczu,Światło dzienne,Jezdnia,EWK-106272892C,14,2017-07-21,Ciężko,21*31'320,51*37'194,P1720W,Obszar niezabudowany,Odcinek prosty,Droga powiatowa,Jednojezdniowa dwukierunkowa,N,POWIAT KOZIENICKI,KOZIENICE - OBSZAR WIEJSKI
1,0,0,2017,Opady deszczu,"Najechanie na słup, znak",Opady deszczu,Światło dzienne,Jezdnia,EWK-106272892C,14,2017-07-21,Nieokreślone (puste pole),21*31'320,51*37'194,P1720W,Obszar niezabudowany,Odcinek prosty,Droga powiatowa,Jednojezdniowa dwukierunkowa,N,POWIAT KOZIENICKI,KOZIENICE - OBSZAR WIEJSKI
1,0,1,2017,Opady deszczu,"Najechanie na słup, znak",Opady deszczu,Światło dzienne,"Wjazd, wyjazd z posesji, pola",EWK-106448154X,13,2017-10-05,Ciężko,21*07'149,51*23'111,G530075W,Obszar zabudowany,Odcinek prosty,Droga gminna,Jednojezdniowa dwukierunkowa,T,POWIAT RADOM,RADOM - OBSZAR MIEJSKI
1,0,2,2017,Opady deszczu,Najechanie na zwierzę,Opady deszczu,Noc - droga nieoświetlona,Jezdnia,EWK-106491100D,0,2017-10-23,Ciężko,20*21'023,52*36'515,10,Obszar niezabudowany,Odcinek prosty,Droga krajowa,Jednojezdniowa dwukierunkowa,N,POWIAT PŁOŃSKI,PŁOŃSK - OBSZAR WIEJSKI
1,0,2,2017,Opady deszczu,Najechanie na zwierzę,Opady deszczu,Noc - droga nieoświetlona,Jezdnia,EWK-106541631K,0,2017-11-15,Ciężko,20*51'521,53*08'580,57,Obszar niezabudowany,Spadek,Droga krajowa,Jednojezdniowa dwukierunkowa,N,POWIAT PRZASNYSKI,KRZYNOWŁOGA MAŁA - OBSZAR WIEJSKI
1,0,4,2017,Opady deszczu,Najechanie na zwierzę,Opady deszczu,Światło dzienne,Jezdnia,EWK-106224077J,19,2017-07-10,Lekko,21*25'477,53*15'436,53,Obszar niezabudowany,Odcinek prosty,Droga krajowa,Jednojezdniowa dwukierunkowa,N,POWIAT OSTROŁĘCKI,KADZIDŁO - OBSZAR WIEJSKI
1,0,1,2017,Opady deszczu,Wywrócenie się pojazdu,Opady deszczu,Noc - droga nieoświetlona,Jezdnia,EWK-105757059F,20,2017-04-14,Ciężko,21*37'152,51*56'440,805,Obszar zabudowany,"Zakręt, łuk",Droga wojewódzka,Jednojezdniowa dwukierunkowa,N,POWIAT GARWOLIŃSKI,PILAWA - OBSZAR WIEJSKI
1,0,0,2017,Opady deszczu,Wywrócenie się pojazdu,Opady deszczu,Noc - droga nieoświetlona,Jezdnia,EWK-105757059F,20,2017-04-14,Nieokreślone (puste pole),21*37'152,51*56'440,805,Obszar zabudowany,"Zakręt, łuk",Droga wojewódzka,Jednojezdniowa dwukierunkowa,N,POWIAT GARWOLIŃSKI,PILAWA - OBSZAR WIEJSKI
1,0,3,2017,Opady deszczu,Wywrócenie się pojazdu,Opady deszczu,Noc - droga nieoświetlona,Jezdnia,EWK-106365268W,22,2017-09-06,Ciężko,21*14'479,51*17'100,9,Obszar niezabudowany,Odcinek prosty,Droga krajowa,Jednojezdniowa dwukierunkowa,N,POWIAT RADOMSKI,SKARYSZEW - OBSZAR MIEJSKI
1,2,0,2017,Opady deszczu,Wywrócenie się pojazdu,Opady deszczu,Noc - droga nieoświetlona,Jezdnia,EWK-106365268W,22,2017-09-06,Nieokreślone (puste pole),21*14'479,51*17'100,9,Obszar niezabudowany,Odcinek prosty,Droga krajowa,Jednojezdniowa dwukierunkowa,N,POWIAT RADOMSKI,SKARYSZEW - OBSZAR MIEJSKI
1,0,1,2017,Opady deszczu,Wywrócenie się pojazdu,Opady deszczu,Noc - droga nieoświetlona,Jezdnia,EWK-106408056F,23,2017-09-16,Lekko,20*17'472,52*13'288,92,Obszar niezabudowany,Odcinek prosty,Droga krajowa,Jednojezdniowa dwukierunkowa,N,POWIAT SOCHACZEWSKI,SOCHACZEW - OBSZAR WIEJSKI
1,0,0,2017,Opady deszczu,Wywrócenie się pojazdu,Opady deszczu,Noc - droga nieoświetlona,Jezdnia,EWK-106408056F,23,2017-09-16,Nieokreślone (puste pole),20*17'472,52*13'288,92,Obszar niezabudowany,Odcinek prosty,Droga krajowa,Jednojezdniowa dwukierunkowa,N,POWIAT SOCHACZEWSKI,SOCHACZEW - OBSZAR WIEJSKI
1,0,1,2017,Opady deszczu,Wywrócenie się pojazdu,Opady deszczu,Noc - droga nieoświetlona,Jezdnia,EWK-106409090F,20,2017-09-17,Lekko,21*08'484,52*51'390,P,Obszar niezabudowany,Odcinek prosty,Droga powiatowa,Jednojezdniowa dwukierunkowa,T,POWIAT MAKOWSKI,SZELKÓW - OBSZAR WIEJSKI
1,0,1,2017,Opady deszczu,Wywrócenie się pojazdu,Opady deszczu,Noc - droga nieoświetlona,Jezdnia,EWK-106641395L,15,2017-12-20,Lekko,21*23'535,51*12'057,P3567W,Obszar niezabudowany,Odcinek prosty,Droga powiatowa,Jednojezdniowa dwukierunkowa,N,POWIAT RADOMSKI,IŁŻA - OBSZAR WIEJSKI
1,0,0,2017,Opady deszczu,Wywrócenie się pojazdu,Opady deszczu,Noc - droga nieoświetlona,Jezdnia,EWK-106641395L,15,2017-12-20,Nieokreślone (puste pole),21*23'535,51*12'057,P3567W,Obszar niezabudowany,Odcinek prosty,Droga powiatowa,Jednojezdniowa dwukierunkowa,N,POWIAT RADOMSKI,IŁŻA - OBSZAR WIEJSKI
1,0,1,2017,Opady deszczu,Wywrócenie się pojazdu,Opady deszczu,Noc - droga nieoświetlona,Pobocze,EWK-106163203U,5,2017-06-29,Lekko,21*23'556,51*15'414,P4517W,Obszar niezabudowany,"Zakręt, łuk",Droga powiatowa,Jednojezdniowa dwukierunkowa,N,POWIAT ZWOLEŃSKI,KAZANÓW - OBSZAR WIEJSKI
1,0,2,2017,Opady deszczu,Wywrócenie się pojazdu,Opady deszczu,Noc - droga nieoświetlona,"Skarpa, rów",EWK-106153254Q,23,2017-06-23,Lekko,22*12'082,52*27'481,627,Obszar niezabudowany,"Zakręt, łuk",Droga wojewódzka,Jednojezdniowa dwukierunkowa,T,POWIAT SOKOŁOWSKI,SOKOŁÓW PODLASKI - OBSZAR WIEJSKI
1,0,1,2017,Opady deszczu,Wywrócenie się pojazdu,Opady deszczu,Noc - droga oświetlona,"Skarpa, rów",EWK-106355701Y,3,2017-09-02,Lekko,21*18'098,51*23'114,12,Obszar zabudowany,Odcinek prosty,Droga krajowa,Jednojezdniowa dwukierunkowa,T,POWIAT RADOMSKI,GÓZD - OBSZAR WIEJSKI