Liczba wypadków,Liczba zabitych,Liczba rannych,Rok,Warunki atmosferyczne,Rodzaj zdarzenia,Warunki atmosferyczne,Oświetlenie,Charakterystyka miejsca zdarzenia,IDKSIP zdarzenia,Godzina,Dzień,Ranny,GPS x,GPS y,Numer drogi,Obszar,Geometria drogi,Kategoria drogi 1,Rodzaj drogi,Czy w zdarzeniu był sprawca nietrzeźwy,Powiat,Gmina
1,0,2,2017,Opady deszczu,Wywrócenie się pojazdu,Opady deszczu,Światło dzienne,Jezdnia,EWK-105400910X,10,2017-02-05,Lekko,21*20'269,51*17'167,P3535W,Obszar niezabudowany,Odcinek prosty,Droga powiatowa,Jednojezdniowa dwukierunkowa,N,POWIAT RADOMSKI,SKARYSZEW - OBSZAR WIEJSKI
1,0,1,2017,Opady deszczu,Wywrócenie się pojazdu,Opady deszczu,Światło dzienne,Jezdnia,EWK-105778179T,14,2017-04-28,Lekko,20*09'434,52*14'187,P0244T,Obszar niezabudowany,Odcinek prosty,Droga powiatowa,Jednojezdniowa dwukierunkowa,N,POWIAT SOCHACZEWSKI,SOCHACZEW - OBSZAR WIEJSKI
1,0,1,2017,Opady deszczu,Wywrócenie się pojazdu,Opady deszczu,Światło dzienne,Jezdnia,EWK-106051331R,20,2017-06-16,Lekko,19*14'160,51*57'360,725,Obszar niezabudowany,"Zakręt, łuk",Droga wojewódzka,Jednojezdniowa dwukierunkowa,N,POWIAT GRÓJECKI,BŁĘDÓW - OBSZAR WIEJSKI
1,0,0,2017,Opady deszczu,Wywrócenie się pojazdu,Opady deszczu,Światło dzienne,Jezdnia,EWK-106051331R,20,2017-06-16,Nieokreślone (puste pole),19*14'160,51*57'360,725,Obszar niezabudowany,"Zakręt, łuk",Droga wojewódzka,Jednojezdniowa dwukierunkowa,N,POWIAT GRÓJECKI,BŁĘDÓW - OBSZAR WIEJSKI
1,0,1,2017,Opady deszczu,Wywrócenie się pojazdu,Opady deszczu,Światło dzienne,Jezdnia,EWK-106178509Y,15,2017-07-05,Ciężko,22*09'478,52*10'478,2,Obszar niezabudowany,Odcinek prosty,Droga krajowa,Jednojezdniowa dwukierunkowa,N,POWIAT SIEDLECKI,KOTUŃ - OBSZAR WIEJSKI
1,0,1,2017,Opady deszczu,Wywrócenie się pojazdu,Opady deszczu,Światło dzienne,Jezdnia,EWK-106368244Y,6,2017-09-08,Lekko,22*52'406,52*18'386,19,Obszar niezabudowany,"Zakręt, łuk",Droga krajowa,Jednojezdniowa dwukierunkowa,N,POWIAT ŁOSICKI,SARNAKI - OBSZAR WIEJSKI
1,0,0,2017,Opady deszczu,Wywrócenie się pojazdu,Opady deszczu,Światło dzienne,Jezdnia,EWK-106368244Y,6,2017-09-08,Nieokreślone (puste pole),22*52'406,52*18'386,19,Obszar niezabudowany,"Zakręt, łuk",Droga krajowa,Jednojezdniowa dwukierunkowa,N,POWIAT ŁOSICKI,SARNAKI - OBSZAR WIEJSKI
1,0,1,2017,Opady deszczu,Wywrócenie się pojazdu,Opady deszczu,Światło dzienne,Jezdnia,EWK-106637870A,14,2017-12-23,Lekko,19*42'029,52*47'341,560,Obszar niezabudowany,Odcinek prosty,Droga wojewódzka,Jednojezdniowa dwukierunkowa,N,POWIAT SIERPECKI,SIERPC - OBSZAR WIEJSKI
1,0,0,2017,Opady deszczu,Wywrócenie się pojazdu,Opady deszczu,Światło dzienne,Jezdnia,EWK-106637870A,14,2017-12-23,Nieokreślone (puste pole),19*42'029,52*47'341,560,Obszar niezabudowany,Odcinek prosty,Droga wojewódzka,Jednojezdniowa dwukierunkowa,N,POWIAT SIERPECKI,SIERPC - OBSZAR WIEJSKI
1,0,1,2017,Opady deszczu,Wywrócenie się pojazdu,Opady deszczu,Światło dzienne,Pobocze,EWK-105773419W,13,2017-04-26,Lekko,21*24'388,51*41'360,79,Obszar niezabudowany,"Zakręt, łuk",Droga krajowa,Jednojezdniowa dwukierunkowa,N,POWIAT KOZIENICKI,MAGNUSZEW - OBSZAR WIEJSKI
1,0,1,2017,Opady deszczu,Wywrócenie się pojazdu,Opady deszczu,Światło dzienne,Pobocze,EWK-106638599X,10,2017-12-24,Lekko,20*38'23,53*11'484,G230745W,Obszar niezabudowany,Odcinek prosty,Droga gminna,Jednojezdniowa dwukierunkowa,T,POWIAT MŁAWSKI,SZREŃSK - OBSZAR WIEJSKI
1,0,0,2017,Opady deszczu,Wywrócenie się pojazdu,Opady deszczu,Światło dzienne,Pobocze,EWK-106638599X,10,2017-12-24,Nieokreślone (puste pole),20*38'23,53*11'484,G230745W,Obszar niezabudowany,Odcinek prosty,Droga gminna,Jednojezdniowa dwukierunkowa,T,POWIAT MŁAWSKI,SZREŃSK - OBSZAR WIEJSKI
1,0,1,2017,Opady deszczu,Wywrócenie się pojazdu,Opady deszczu,Światło dzienne,"Skarpa, rów",EWK-105755244R,18,2017-04-13,Lekko,19*48'008,52*17'576,P1433W,Obszar niezabudowany,"Zakręt, łuk",Droga powiatowa,Jednojezdniowa dwukierunkowa,N,POWIAT GOSTYNIŃSKI,SANNIKI - OBSZAR WIEJSKI
1,1,0,2017,Opady deszczu,Wywrócenie się pojazdu,Opady deszczu,Światło dzienne,"Skarpa, rów",EWK-106363445W,14,2017-09-05,Nieokreślone (puste pole),20*53'543,51*24'127,P3502W,Obszar niezabudowany,Odcinek prosty,Droga powiatowa,Jednojezdniowa dwukierunkowa,N,POWIAT RADOMSKI,PRZYTYK - OBSZAR WIEJSKI
1,0,2,2017,Opady deszczu,Wywrócenie się pojazdu,Opady deszczu,Światło dzienne,"Skarpa, rów",EWK-106600866W,7,2017-12-06,Lekko,20*52'165,53*05'771,57,Obszar niezabudowany,Odcinek prosty,Droga krajowa,Jednojezdniowa dwukierunkowa,N,POWIAT PRZASNYSKI,PRZASNYSZ - OBSZAR WIEJSKI
1,0,0,2017,Opady deszczu,Wywrócenie się pojazdu,Opady deszczu,Światło dzienne,"Skarpa, rów",EWK-106600866W,7,2017-12-06,Nieokreślone (puste pole),20*52'165,53*05'771,57,Obszar niezabudowany,Odcinek prosty,Droga krajowa,Jednojezdniowa dwukierunkowa,N,POWIAT PRZASNYSKI,PRZASNYSZ - OBSZAR WIEJSKI
1,0,1,2017,Opady deszczu,Wywrócenie się pojazdu,Opady deszczu,"Świt, zmrok",Pobocze,EWK-106296051N,20,2017-07-28,Lekko,21*45'217,51*32'053,48,Obszar niezabudowany,"Zakręt, łuk",Droga krajowa,Jednojezdniowa dwukierunkowa,N,POWIAT KOZIENICKI,SIECIECHÓW - OBSZAR WIEJSKI
1,0,1,2017,Opady deszczu,Zdarzenie z pasażerem,Opady deszczu,Noc - droga nieoświetlona,Pobocze,EWK-106372640J,23,2017-09-10,Lekko,22*21'562,52*27'363,G390305W,Obszar zabudowany,Odcinek prosty,Droga gminna,Jednojezdniowa dwukierunkowa,N,POWIAT SOKOŁOWSKI,JABŁONNA LACKA - OBSZAR WIEJSKI
1,0,0,2017,Opady deszczu,Zdarzenie z pasażerem,Opady deszczu,Noc - droga nieoświetlona,Pobocze,EWK-106372640J,23,2017-09-10,Nieokreślone (puste pole),22*21'562,52*27'363,G390305W,Obszar zabudowany,Odcinek prosty,Droga gminna,Jednojezdniowa dwukierunkowa,N,POWIAT SOKOŁOWSKI,JABŁONNA LACKA - OBSZAR WIEJSKI
1,0,1,2017,Opady deszczu,Zderzenie pojazdów boczne,Opady deszczu,Noc - droga nieoświetlona,Jezdnia,EWK-105359394F,5,2017-01-20,Lekko,20*46'231,51*46'463,728,Obszar niezabudowany,Odcinek prosty,Droga wojewódzka,Jednojezdniowa dwukierunkowa,N,POWIAT GRÓJECKI,BELSK DUŻY - OBSZAR WIEJSKI
1,0,0,2017,Opady deszczu,Zderzenie pojazdów boczne,Opady deszczu,Noc - droga nieoświetlona,Jezdnia,EWK-105359394F,5,2017-01-20,Nieokreślone (puste pole),20*46'231,51*46'463,728,Obszar niezabudowany,Odcinek prosty,Droga wojewódzka,Jednojezdniowa dwukierunkowa,N,POWIAT GRÓJECKI,BELSK DUŻY - OBSZAR WIEJSKI
1,0,1,2017,Opady deszczu,Zderzenie pojazdów boczne,Opady deszczu,Noc - droga nieoświetlona,Jezdnia,EWK-105395976H,19,2017-01-20,Lekko,21*34'092,51*57'379,17,Obszar niezabudowany,Odcinek prosty,Droga krajowa,Jednojezdniowa dwukierunkowa,N,POWIAT GARWOLIŃSKI,PILAWA - OBSZAR WIEJSKI
1,0,0,2017,Opady deszczu,Zderzenie pojazdów boczne,Opady deszczu,Noc - droga nieoświetlona,Jezdnia,EWK-105395976H,19,2017-01-20,Nieokreślone (puste pole),21*34'092,51*57'379,17,Obszar niezabudowany,Odcinek prosty,Droga krajowa,Jednojezdniowa dwukierunkowa,N,POWIAT GARWOLIŃSKI,PILAWA - OBSZAR WIEJSKI
1,0,1,2017,Opady deszczu,Zderzenie pojazdów boczne,Opady deszczu,Noc - droga nieoświetlona,Jezdnia,EWK-105476793C,5,2017-02-24,Lekko,21*27'056,52*37'334,P4408W,Obszar niezabudowany,Odcinek prosty,Droga powiatowa,Jednojezdniowa dwukierunkowa,N,POWIAT WYSZKOWSKI,WYSZKÓW - OBSZAR WIEJSKI
1,0,0,2017,Opady deszczu,Zderzenie pojazdów boczne,Opady deszczu,Noc - droga nieoświetlona,Jezdnia,EWK-105476793C,5,2017-02-24,Nieokreślone (puste pole),21*27'056,52*37'334,P4408W,Obszar niezabudowany,Odcinek prosty,Droga powiatowa,Jednojezdniowa dwukierunkowa,N,POWIAT WYSZKOWSKI,WYSZKÓW - OBSZAR WIEJSKI
1,0,1,2017,Opady deszczu,Zderzenie pojazdów boczne,Opady deszczu,Noc - droga nieoświetlona,Jezdnia,EWK-105753145M,19,2017-04-12,Lekko,21*18'212,51*23'103,12,Obszar zabudowany,,Droga krajowa,Jednojezdniowa dwukierunkowa,N,POWIAT RADOMSKI,GÓZD - OBSZAR WIEJSKI
1,0,0,2017,Opady deszczu,Zderzenie pojazdów boczne,Opady deszczu,Noc - droga nieoświetlona,Jezdnia,EWK-105753145M,19,2017-04-12,Nieokreślone (puste pole),21*18'212,51*23'103,12,Obszar zabudowany,,Droga krajowa,Jednojezdniowa dwukierunkowa,N,POWIAT RADOMSKI,GÓZD - OBSZAR WIEJSKI
1,0,1,2017,Opady deszczu,Zderzenie pojazdów boczne,Opady deszczu,Noc - droga nieoświetlona,Jezdnia,EWK-106372609C,22,2017-09-10,Ciężko,21*04'395,51*38'523,48,Obszar niezabudowany,,Droga krajowa,Jednojezdniowa dwukierunkowa,T,POWIAT BIAŁOBRZESKI,STROMIEC - OBSZAR WIEJSKI
1,0,1,2017,Opady deszczu,Zderzenie pojazdów boczne,Opady deszczu,Noc - droga nieoświetlona,Jezdnia,EWK-106372609C,22,2017-09-10,Lekko,21*04'395,51*38'523,48,Obszar niezabudowany,,Droga krajowa,Jednojezdniowa dwukierunkowa,T,POWIAT BIAŁOBRZESKI,STROMIEC - OBSZAR WIEJSKI
1,0,0,2017,Opady deszczu,Zderzenie pojazdów boczne,Opady deszczu,Noc - droga nieoświetlona,Jezdnia,EWK-106372609C,22,2017-09-10,Nieokreślone (puste pole),21*04'395,51*38'523,48,Obszar niezabudowany,,Droga krajowa,Jednojezdniowa dwukierunkowa,T,POWIAT BIAŁOBRZESKI,STROMIEC - OBSZAR WIEJSKI
1,0,2,2017,Opady deszczu,Zderzenie pojazdów boczne,Opady deszczu,Noc - droga nieoświetlona,Jezdnia,EWK-106461341F,18,2017-10-11,Lekko,21*28'065,52*35'145,62,Obszar niezabudowany,Odcinek prosty,Droga krajowa,Jednojezdniowa dwukierunkowa,N,POWIAT WYSZKOWSKI,WYSZKÓW - OBSZAR WIEJSKI
1,0,0,2017,Opady deszczu,Zderzenie pojazdów boczne,Opady deszczu,Noc - droga nieoświetlona,Jezdnia,EWK-106461341F,18,2017-10-11,Nieokreślone (puste pole),21*28'065,52*35'145,62,Obszar niezabudowany,Odcinek prosty,Droga krajowa,Jednojezdniowa dwukierunkowa,N,POWIAT WYSZKOWSKI,WYSZKÓW - OBSZAR WIEJSKI
1,0,1,2017,Opady deszczu,Zderzenie pojazdów boczne,Opady deszczu,Noc - droga nieoświetlona,Jezdnia,EWK-106621316K,18,2017-12-15,Lekko,19*45'259,52*42'055,1455O,Obszar niezabudowany,Odcinek prosty,Droga powiatowa,Jednojezdniowa dwukierunkowa,N,POWIAT SIERPECKI,GOZDOWO - OBSZAR WIEJSKI
1,0,0,2017,Opady deszczu,Zderzenie pojazdów boczne,Opady deszczu,Noc - droga nieoświetlona,Jezdnia,EWK-106621316K,18,2017-12-15,Nieokreślone (puste pole),19*45'259,52*42'055,1455O,Obszar niezabudowany,Odcinek prosty,Droga powiatowa,Jednojezdniowa dwukierunkowa,N,POWIAT SIERPECKI,GOZDOWO - OBSZAR WIEJSKI
1,0,1,2017,Opady deszczu,Zderzenie pojazdów boczne,Opady deszczu,Noc - droga oświetlona,Jezdnia,EWK-105790616W,21,2017-05-06,Lekko,20*57'052,51*38'591,P1121W,Obszar zabudowany,,Droga powiatowa,Jednojezdniowa dwukierunkowa,N,POWIAT BIAŁOBRZESKI,BIAŁOBRZEGI - OBSZAR MIEJSKI
1,0,0,2017,Opady deszczu,Zderzenie pojazdów boczne,Opady deszczu,Noc - droga oświetlona,Jezdnia,EWK-105790616W,21,2017-05-06,Nieokreślone (puste pole),20*57'052,51*38'591,P1121W,Obszar zabudowany,,Droga powiatowa,Jednojezdniowa dwukierunkowa,N,POWIAT BIAŁOBRZESKI,BIAŁOBRZEGI - OBSZAR MIEJSKI
1,0,1,2017,Opady deszczu,Zderzenie pojazdów boczne,Opady deszczu,Noc - droga oświetlona,Jezdnia,EWK-106183733N,22,2017-07-07,Lekko,21*09'477,51*25'107,P5301W,Obszar zabudowany,,Droga powiatowa,Dwie jezdnie jednokierunkowe,N,POWIAT RADOM,RADOM - OBSZAR MIEJSKI
1,0,0,2017,Opady deszczu,Zderzenie pojazdów boczne,Opady deszczu,Noc - droga oświetlona,Jezdnia,EWK-106183733N,22,2017-07-07,Nieokreślone (puste pole),21*09'477,51*25'107,P5301W,Obszar zabudowany,,Droga powiatowa,Dwie jezdnie jednokierunkowe,N,POWIAT RADOM,RADOM - OBSZAR MIEJSKI
1,0,2,2017,Opady deszczu,Zderzenie pojazdów boczne,Opady deszczu,Noc - droga oświetlona,Jezdnia,EWK-106415901N,20,2017-09-20,Ciężko,21*08'300,51*23'560,P5323W,Obszar zabudowany,Odcinek prosty,Droga powiatowa,Dwie jezdnie jednokierunkowe,N,POWIAT RADOM,RADOM - OBSZAR MIEJSKI
1,0,0,2017,Opady deszczu,Zderzenie pojazdów boczne,Opady deszczu,Noc - droga oświetlona,Jezdnia,EWK-106415901N,20,2017-09-20,Nieokreślone (puste pole),21*08'300,51*23'560,P5323W,Obszar zabudowany,Odcinek prosty,Droga powiatowa,Dwie jezdnie jednokierunkowe,N,POWIAT RADOM,RADOM - OBSZAR MIEJSKI
1,0,1,2017,Opady deszczu,Zderzenie pojazdów boczne,Opady deszczu,Noc - droga oświetlona,Jezdnia,EWK-106452158T,19,2017-10-08,Lekko,21*38'511,51*58'360,P1314W,Obszar zabudowany,,Droga powiatowa,Jednojezdniowa dwukierunkowa,N,POWIAT GARWOLIŃSKI,PARYSÓW - OBSZAR WIEJSKI
1,0,0,2017,Opady deszczu,Zderzenie pojazdów boczne,Opady deszczu,Noc - droga oświetlona,Jezdnia,EWK-106452158T,19,2017-10-08,Nieokreślone (puste pole),21*38'511,51*58'360,P1314W,Obszar zabudowany,,Droga powiatowa,Jednojezdniowa dwukierunkowa,N,POWIAT GARWOLIŃSKI,PARYSÓW - OBSZAR WIEJSKI
1,0,1,2017,Opady deszczu,Zderzenie pojazdów boczne,Opady deszczu,Noc - droga oświetlona,Jezdnia,EWK-106557947A,17,2017-11-22,Lekko,21*11'487,51*23'486,9,Obszar zabudowany,,Droga krajowa,Dwie jezdnie jednokierunkowe,N,POWIAT RADOM,RADOM - OBSZAR MIEJSKI
1,0,0,2017,Opady deszczu,Zderzenie pojazdów boczne,Opady deszczu,Noc - droga oświetlona,Jezdnia,EWK-106557947A,17,2017-11-22,Nieokreślone (puste pole),21*11'487,51*23'486,9,Obszar zabudowany,,Droga krajowa,Dwie jezdnie jednokierunkowe,N,POWIAT RADOM,RADOM - OBSZAR MIEJSKI
1,0,1,2017,Opady deszczu,Zderzenie pojazdów boczne,Opady deszczu,Noc - droga oświetlona,Jezdnia,EWK-106585641W,17,2017-11-28,Lekko,22*02'374,52*41'316,694,Obszar zabudowany,Odcinek prosty,Droga wojewódzka,Jednojezdniowa dwukierunkowa,N,POWIAT OSTROWSKI,MAŁKINIA GÓRNA - OBSZAR WIEJSKI
1,0,0,2017,Opady deszczu,Zderzenie pojazdów boczne,Opady deszczu,Noc - droga oświetlona,Jezdnia,EWK-106585641W,17,2017-11-28,Nieokreślone (puste pole),22*02'374,52*41'316,694,Obszar zabudowany,Odcinek prosty,Droga wojewódzka,Jednojezdniowa dwukierunkowa,N,POWIAT OSTROWSKI,MAŁKINIA GÓRNA - OBSZAR WIEJSKI
1,0,1,2017,Opady deszczu,Zderzenie pojazdów boczne,Opady deszczu,Noc - droga oświetlona,Jezdnia,EWK-106601326A,15,2017-12-06,Ciężko,20*52'069,51*51'356,P0244T,Obszar zabudowany,,Droga powiatowa,Jednojezdniowa dwukierunkowa,N,POWIAT GRÓJECKI,GRÓJEC - OBSZAR MIEJSKI
1,0,0,2017,Opady deszczu,Zderzenie pojazdów boczne,Opady deszczu,Noc - droga oświetlona,Jezdnia,EWK-106601326A,15,2017-12-06,Nieokreślone (puste pole),20*52'069,51*51'356,P0244T,Obszar zabudowany,,Droga powiatowa,Jednojezdniowa dwukierunkowa,N,POWIAT GRÓJECKI,GRÓJEC - OBSZAR MIEJSKI
1,0,2,2017,Opady deszczu,Zderzenie pojazdów boczne,Opady deszczu,Światło dzienne,Jezdnia,EWK-105473664K,13,2017-02-17,Lekko,20*31'332,52*30'372,P3071W,Obszar zabudowany,,Droga powiatowa,Jednojezdniowa dwukierunkowa,N,POWIAT PŁOŃSKI,ZAŁUSKI - OBSZAR WIEJSKI
1,0,0,2017,Opady deszczu,Zderzenie pojazdów boczne,Opady deszczu,Światło dzienne,Jezdnia,EWK-105473664K,13,2017-02-17,Nieokreślone (puste pole),20*31'332,52*30'372,P3071W,Obszar zabudowany,,Droga powiatowa,Jednojezdniowa dwukierunkowa,N,POWIAT PŁOŃSKI,ZAŁUSKI - OBSZAR WIEJSKI
1,0,1,2017,Opady deszczu,Zderzenie pojazdów boczne,Opady deszczu,Światło dzienne,Jezdnia,EWK-105682741A,13,2017-03-18,Lekko,21*44'475,52*33'267,50,Obszar niezabudowany,Odcinek prosty,Droga krajowa,Jednojezdniowa dwukierunkowa,N,POWIAT WĘGROWSKI,ŁOCHÓW - OBSZAR WIEJSKI
1,0,0,2017,Opady deszczu,Zderzenie pojazdów boczne,Opady deszczu,Światło dzienne,Jezdnia,EWK-105682741A,13,2017-03-18,Nieokreślone (puste pole),21*44'475,52*33'267,50,Obszar niezabudowany,Odcinek prosty,Droga krajowa,Jednojezdniowa dwukierunkowa,N,POWIAT WĘGROWSKI,ŁOCHÓW - OBSZAR WIEJSKI
1,0,1,2017,Opady deszczu,Zderzenie pojazdów boczne,Opady deszczu,Światło dzienne,Jezdnia,EWK-105756626E,7,2017-04-14,Lekko,19*43'282,52*46'053,P3762W,Obszar niezabudowany,,Droga powiatowa,Jednojezdniowa dwukierunkowa,N,POWIAT SIERPECKI,SIERPC - OBSZAR WIEJSKI
1,0,0,2017,Opady deszczu,Zderzenie pojazdów boczne,Opady deszczu,Światło dzienne,Jezdnia,EWK-105756626E,7,2017-04-14,Nieokreślone (puste pole),19*43'282,52*46'053,P3762W,Obszar niezabudowany,,Droga powiatowa,Jednojezdniowa dwukierunkowa,N,POWIAT SIERPECKI,SIERPC - OBSZAR WIEJSKI
1,0,1,2017,Opady deszczu,Zderzenie pojazdów boczne,Opady deszczu,Światło dzienne,Jezdnia,EWK-105762738M,6,2017-04-13,Lekko,20*30'555,51*58'270,GMINNA,Obszar zabudowany,Odcinek prosty,Droga gminna,Jednojezdniowa dwukierunkowa,N,POWIAT ŻYRARDOWSKI,MSZCZONÓW - OBSZAR MIEJSKI
1,0,0,2017,Opady deszczu,Zderzenie pojazdów boczne,Opady deszczu,Światło dzienne,Jezdnia,EWK-105762738M,6,2017-04-13,Nieokreślone (puste pole),20*30'555,51*58'270,GMINNA,Obszar zabudowany,Odcinek prosty,Droga gminna,Jednojezdniowa dwukierunkowa,N,POWIAT ŻYRARDOWSKI,MSZCZONÓW - OBSZAR MIEJSKI
1,0,1,2017,Opady deszczu,Zderzenie pojazdów boczne,Opady deszczu,Światło dzienne,Jezdnia,EWK-105775419U,10,2017-04-27,Lekko,21*43'567,51*56'590,76,Obszar zabudowany,"Zakręt, łuk",Droga krajowa,Jednojezdniowa dwukierunkowa,N,POWIAT GARWOLIŃSKI,BOROWIE - OBSZAR WIEJSKI
1,0,0,2017,Opady deszczu,Zderzenie pojazdów boczne,Opady deszczu,Światło dzienne,Jezdnia,EWK-105775419U,10,2017-04-27,Nieokreślone (puste pole),21*43'567,51*56'590,76,Obszar zabudowany,"Zakręt, łuk",Droga krajowa,Jednojezdniowa dwukierunkowa,N,POWIAT GARWOLIŃSKI,BOROWIE - OBSZAR WIEJSKI
1,0,1,2017,Opady deszczu,Zderzenie pojazdów boczne,Opady deszczu,Światło dzienne,Jezdnia,EWK-105785134H,17,2017-04-28,Ciężko,19*51'402,52*47'541,10,Obszar niezabudowany,,Droga krajowa,Jednojezdniowa dwukierunkowa,N,POWIAT SIERPECKI,ZAWIDZ - OBSZAR WIEJSKI
1,0,1,2017,Opady deszczu,Zderzenie pojazdów boczne,Opady deszczu,Światło dzienne,Jezdnia,EWK-105785134H,17,2017-04-28,Lekko,19*51'402,52*47'541,10,Obszar niezabudowany,,Droga krajowa,Jednojezdniowa dwukierunkowa,N,POWIAT SIERPECKI,ZAWIDZ - OBSZAR WIEJSKI
1,0,0,2017,Opady deszczu,Zderzenie pojazdów boczne,Opady deszczu,Światło dzienne,Jezdnia,EWK-105785134H,17,2017-04-28,Nieokreślone (puste pole),19*51'402,52*47'541,10,Obszar niezabudowany,,Droga krajowa,Jednojezdniowa dwukierunkowa,N,POWIAT SIERPECKI,ZAWIDZ - OBSZAR WIEJSKI
1,0,1,2017,Opady deszczu,Zderzenie pojazdów boczne,Opady deszczu,Światło dzienne,Jezdnia,EWK-106003182P,17,2017-06-12,Lekko,21*10'179,51*23'237,P5309W,Obszar zabudowany,Odcinek prosty,Droga powiatowa,Jednojezdniowa dwukierunkowa,N,POWIAT RADOM,RADOM - OBSZAR MIEJSKI
1,0,0,2017,Opady deszczu,Zderzenie pojazdów boczne,Opady deszczu,Światło dzienne,Jezdnia,EWK-106003182P,17,2017-06-12,Nieokreślone (puste pole),21*10'179,51*23'237,P5309W,Obszar zabudowany,Odcinek prosty,Droga powiatowa,Jednojezdniowa dwukierunkowa,N,POWIAT RADOM,RADOM - OBSZAR MIEJSKI
1,0,1,2017,Opady deszczu,Zderzenie pojazdów boczne,Opady deszczu,Światło dzienne,Jezdnia,EWK-106151255H,8,2017-06-23,Lekko,20*31'025,51*59'011,K50B,Obszar niezabudowany,,Droga krajowa,Jednojezdniowa dwukierunkowa,N,POWIAT ŻYRARDOWSKI,MSZCZONÓW - OBSZAR WIEJSKI
1,0,0,2017,Opady deszczu,Zderzenie pojazdów boczne,Opady deszczu,Światło dzienne,Jezdnia,EWK-106151255H,8,2017-06-23,Nieokreślone (puste pole),20*31'025,51*59'011,K50B,Obszar niezabudowany,,Droga krajowa,Jednojezdniowa dwukierunkowa,N,POWIAT ŻYRARDOWSKI,MSZCZONÓW - OBSZAR WIEJSKI
1,1,0,2017,Opady deszczu,Zderzenie pojazdów boczne,Opady deszczu,Światło dzienne,Jezdnia,EWK-106152225Y,7,2017-06-23,Nieokreślone (puste pole),21*35'322,51*54'508,,Obszar niezabudowany,"Zakręt, łuk",Nieokreślone (puste pole),Jednojezdniowa dwukierunkowa,N,POWIAT GARWOLIŃSKI,GARWOLIN - OBSZAR WIEJSKI
1,0,1,2017,Opady deszczu,Zderzenie pojazdów boczne,Opady deszczu,Światło dzienne,Jezdnia,EWK-106154202X,5,2017-06-24,Lekko,22*19'589,52*09'576,698,Obszar zabudowany,"Zakręt, łuk",Droga wojewódzka,Jednojezdniowa dwukierunkowa,N,POWIAT SIEDLECKI,SIEDLCE - OBSZAR WIEJSKI
1,0,0,2017,Opady deszczu,Zderzenie pojazdów boczne,Opady deszczu,Światło dzienne,Jezdnia,EWK-106154202X,5,2017-06-24,Nieokreślone (puste pole),22*19'589,52*09'576,698,Obszar zabudowany,"Zakręt, łuk",Droga wojewódzka,Jednojezdniowa dwukierunkowa,N,POWIAT SIEDLECKI,SIEDLCE - OBSZAR WIEJSKI
1,0,1,2017,Opady deszczu,Zderzenie pojazdów boczne,Opady deszczu,Światło dzienne,Jezdnia,EWK-106256820U,11,2017-07-13,Lekko,21*34'595,51*21'441,79,Obszar zabudowany,Odcinek prosty,Droga krajowa,Jednojezdniowa dwukierunkowa,N,POWIAT ZWOLEŃSKI,ZWOLEŃ - OBSZAR MIEJSKI
1,0,0,2017,Opady deszczu,Zderzenie pojazdów boczne,Opady deszczu,Światło dzienne,Jezdnia,EWK-106256820U,11,2017-07-13,Nieokreślone (puste pole),21*34'595,51*21'441,79,Obszar zabudowany,Odcinek prosty,Droga krajowa,Jednojezdniowa dwukierunkowa,N,POWIAT ZWOLEŃSKI,ZWOLEŃ - OBSZAR MIEJSKI
1,0,2,2017,Opady deszczu,Zderzenie pojazdów boczne,Opady deszczu,Światło dzienne,Jezdnia,EWK-106271282D,14,2017-07-21,Lekko,20*36'023,51*24'010,34335W,Obszar zabudowany,"Zakręt, łuk",Droga powiatowa,Jednojezdniowa dwukierunkowa,N,POWIAT PRZYSUSKI,RUSINÓW - OBSZAR WIEJSKI
1,0,0,2017,Opady deszczu,Zderzenie pojazdów boczne,Opady deszczu,Światło dzienne,Jezdnia,EWK-106271282D,14,2017-07-21,Nieokreślone (puste pole),20*36'023,51*24'010,34335W,Obszar zabudowany,"Zakręt, łuk",Droga powiatowa,Jednojezdniowa dwukierunkowa,N,POWIAT PRZYSUSKI,RUSINÓW - OBSZAR WIEJSKI
1,0,1,2017,Opady deszczu,Zderzenie pojazdów boczne,Opady deszczu,Światło dzienne,Jezdnia,EWK-106286176T,11,2017-07-28,Lekko,22*26'345,52*16'540,,Obszar zabudowany,Odcinek prosty,Nieokreślone (puste pole),Jednojezdniowa dwukierunkowa,N,POWIAT SIEDLECKI,PAPROTNIA - OBSZAR WIEJSKI
1,0,0,2017,Opady deszczu,Zderzenie pojazdów boczne,Opady deszczu,Światło dzienne,Jezdnia,EWK-106286176T,11,2017-07-28,Nieokreślone (puste pole),22*26'345,52*16'540,,Obszar zabudowany,Odcinek prosty,Nieokreślone (puste pole),Jednojezdniowa dwukierunkowa,N,POWIAT SIEDLECKI,PAPROTNIA - OBSZAR WIEJSKI
1,0,1,2017,Opady deszczu,Zderzenie pojazdów boczne,Opady deszczu,Światło dzienne,Jezdnia,EWK-106317307J,13,2017-08-12,Ciężko,20*54'210,51*52'339,K50S,Obszar niezabudowany,,Droga krajowa,Jednojezdniowa dwukierunkowa,N,POWIAT GRÓJECKI,GRÓJEC - OBSZAR WIEJSKI
1,0,1,2017,Opady deszczu,Zderzenie pojazdów boczne,Opady deszczu,Światło dzienne,Jezdnia,EWK-106317307J,13,2017-08-12,Lekko,20*54'210,51*52'339,K50S,Obszar niezabudowany,,Droga krajowa,Jednojezdniowa dwukierunkowa,N,POWIAT GRÓJECKI,GRÓJEC - OBSZAR WIEJSKI