Liczba wypadków,Liczba zabitych,Liczba rannych,Rok,Warunki atmosferyczne,Rodzaj zdarzenia,Warunki atmosferyczne,Oświetlenie,Charakterystyka miejsca zdarzenia,IDKSIP zdarzenia,Godzina,Dzień,Ranny,GPS x,GPS y,Numer drogi,Obszar,Geometria drogi,Kategoria drogi 1,Rodzaj drogi,Czy w zdarzeniu był sprawca nietrzeźwy,Powiat,Gmina
1,0,0,2017,Opady deszczu,Zderzenie pojazdów boczne,Opady deszczu,Światło dzienne,Jezdnia,EWK-106317307J,13,2017-08-12,Nieokreślone (puste pole),20*54'210,51*52'339,K50S,Obszar niezabudowany,,Droga krajowa,Jednojezdniowa dwukierunkowa,N,POWIAT GRÓJECKI,GRÓJEC - OBSZAR WIEJSKI
1,0,1,2017,Opady deszczu,Zderzenie pojazdów boczne,Opady deszczu,Światło dzienne,Jezdnia,EWK-106326342K,18,2017-08-19,Lekko,20*24'411,52*02'090,719,Obszar niezabudowany,"Zakręt, łuk",Droga wojewódzka,Jednojezdniowa dwukierunkowa,T,POWIAT ŻYRARDOWSKI,WISKITKI - OBSZAR WIEJSKI
1,0,0,2017,Opady deszczu,Zderzenie pojazdów boczne,Opady deszczu,Światło dzienne,Jezdnia,EWK-106326342K,18,2017-08-19,Nieokreślone (puste pole),20*24'411,52*02'090,719,Obszar niezabudowany,"Zakręt, łuk",Droga wojewódzka,Jednojezdniowa dwukierunkowa,T,POWIAT ŻYRARDOWSKI,WISKITKI - OBSZAR WIEJSKI
1,0,1,2017,Opady deszczu,Zderzenie pojazdów boczne,Opady deszczu,Światło dzienne,Jezdnia,EWK-106327055T,8,2017-08-20,Lekko,20*54'210,51*52'343,K50S,Obszar niezabudowany,,Droga krajowa,Jednojezdniowa dwukierunkowa,N,POWIAT GRÓJECKI,GRÓJEC - OBSZAR WIEJSKI
1,0,0,2017,Opady deszczu,Zderzenie pojazdów boczne,Opady deszczu,Światło dzienne,Jezdnia,EWK-106327055T,8,2017-08-20,Nieokreślone (puste pole),20*54'210,51*52'343,K50S,Obszar niezabudowany,,Droga krajowa,Jednojezdniowa dwukierunkowa,N,POWIAT GRÓJECKI,GRÓJEC - OBSZAR WIEJSKI
1,0,1,2017,Opady deszczu,Zderzenie pojazdów boczne,Opady deszczu,Światło dzienne,Jezdnia,EWK-106332780Y,17,2017-08-19,Lekko,21*14'075,51*09'467,P3554W,Obszar zabudowany,,Droga powiatowa,Jednojezdniowa dwukierunkowa,N,POWIAT RADOMSKI,IŁŻA - OBSZAR MIEJSKI
1,0,0,2017,Opady deszczu,Zderzenie pojazdów boczne,Opady deszczu,Światło dzienne,Jezdnia,EWK-106332780Y,17,2017-08-19,Nieokreślone (puste pole),21*14'075,51*09'467,P3554W,Obszar zabudowany,,Droga powiatowa,Jednojezdniowa dwukierunkowa,N,POWIAT RADOMSKI,IŁŻA - OBSZAR MIEJSKI
1,0,1,2017,Opady deszczu,Zderzenie pojazdów boczne,Opady deszczu,Światło dzienne,Jezdnia,EWK-106364456N,14,2017-09-06,Ciężko,21*03'536,51*20'519,P3564W,Obszar zabudowany,,Droga powiatowa,Jednojezdniowa dwukierunkowa,N,POWIAT RADOMSKI,KOWALA - OBSZAR WIEJSKI
1,0,2,2017,Opady deszczu,Zderzenie pojazdów boczne,Opady deszczu,Światło dzienne,Jezdnia,EWK-106364456N,14,2017-09-06,Lekko,21*03'536,51*20'519,P3564W,Obszar zabudowany,,Droga powiatowa,Jednojezdniowa dwukierunkowa,N,POWIAT RADOMSKI,KOWALA - OBSZAR WIEJSKI
1,0,0,2017,Opady deszczu,Zderzenie pojazdów boczne,Opady deszczu,Światło dzienne,Jezdnia,EWK-106364456N,14,2017-09-06,Nieokreślone (puste pole),21*03'536,51*20'519,P3564W,Obszar zabudowany,,Droga powiatowa,Jednojezdniowa dwukierunkowa,N,POWIAT RADOMSKI,KOWALA - OBSZAR WIEJSKI
1,0,1,2017,Opady deszczu,Zderzenie pojazdów boczne,Opady deszczu,Światło dzienne,Jezdnia,EWK-106376673G,12,2017-09-12,Ciężko,21*27'444,51*28'509,GMINNA,Obszar zabudowany,Odcinek prosty,Droga gminna,Jednojezdniowa dwukierunkowa,N,POWIAT RADOMSKI,PIONKI - OBSZAR MIEJSKI
1,0,0,2017,Opady deszczu,Zderzenie pojazdów boczne,Opady deszczu,Światło dzienne,Jezdnia,EWK-106376673G,12,2017-09-12,Nieokreślone (puste pole),21*27'444,51*28'509,GMINNA,Obszar zabudowany,Odcinek prosty,Droga gminna,Jednojezdniowa dwukierunkowa,N,POWIAT RADOMSKI,PIONKI - OBSZAR MIEJSKI
1,0,2,2017,Opady deszczu,Zderzenie pojazdów boczne,Opady deszczu,Światło dzienne,Jezdnia,EWK-106408824X,17,2017-09-17,Lekko,21*30'340,52*46'387,P2648W,Obszar zabudowany,,Droga powiatowa,Jednojezdniowa dwukierunkowa,N,POWIAT WYSZKOWSKI,DŁUGOSIODŁO - OBSZAR WIEJSKI
1,0,0,2017,Opady deszczu,Zderzenie pojazdów boczne,Opady deszczu,Światło dzienne,Jezdnia,EWK-106408824X,17,2017-09-17,Nieokreślone (puste pole),21*30'340,52*46'387,P2648W,Obszar zabudowany,,Droga powiatowa,Jednojezdniowa dwukierunkowa,N,POWIAT WYSZKOWSKI,DŁUGOSIODŁO - OBSZAR WIEJSKI
1,0,1,2017,Opady deszczu,Zderzenie pojazdów boczne,Opady deszczu,Światło dzienne,Jezdnia,EWK-106414109A,11,2017-09-20,Lekko,21*11'264,53*14'534,2514W,Obszar niezabudowany,,Droga powiatowa,Jednojezdniowa dwukierunkowa,N,POWIAT OSTROŁĘCKI,BARANOWO - OBSZAR WIEJSKI
1,0,0,2017,Opady deszczu,Zderzenie pojazdów boczne,Opady deszczu,Światło dzienne,Jezdnia,EWK-106414109A,11,2017-09-20,Nieokreślone (puste pole),21*11'264,53*14'534,2514W,Obszar niezabudowany,,Droga powiatowa,Jednojezdniowa dwukierunkowa,N,POWIAT OSTROŁĘCKI,BARANOWO - OBSZAR WIEJSKI
1,0,1,2017,Opady deszczu,Zderzenie pojazdów boczne,Opady deszczu,Światło dzienne,Jezdnia,EWK-106417450A,17,2017-09-21,Lekko,20*25'448,52*03'160,GMINNA,Obszar zabudowany,,Droga gminna,Jednojezdniowa dwukierunkowa,N,POWIAT ŻYRARDOWSKI,ŻYRARDÓW - OBSZAR MIEJSKI
1,0,0,2017,Opady deszczu,Zderzenie pojazdów boczne,Opady deszczu,Światło dzienne,Jezdnia,EWK-106417450A,17,2017-09-21,Nieokreślone (puste pole),20*25'448,52*03'160,GMINNA,Obszar zabudowany,,Droga gminna,Jednojezdniowa dwukierunkowa,N,POWIAT ŻYRARDOWSKI,ŻYRARDÓW - OBSZAR MIEJSKI
1,0,1,2017,Opady deszczu,Zderzenie pojazdów boczne,Opady deszczu,Światło dzienne,Jezdnia,EWK-106418087X,10,2017-09-21,Ciężko,20*58'375,53*19'362,P3208W,Obszar zabudowany,"Zakręt, łuk",Droga powiatowa,Jednojezdniowa dwukierunkowa,N,POWIAT PRZASNYSKI,CHORZELE - OBSZAR WIEJSKI
1,0,0,2017,Opady deszczu,Zderzenie pojazdów boczne,Opady deszczu,Światło dzienne,Jezdnia,EWK-106418087X,10,2017-09-21,Nieokreślone (puste pole),20*58'375,53*19'362,P3208W,Obszar zabudowany,"Zakręt, łuk",Droga powiatowa,Jednojezdniowa dwukierunkowa,N,POWIAT PRZASNYSKI,CHORZELE - OBSZAR WIEJSKI
1,0,2,2017,Opady deszczu,Zderzenie pojazdów boczne,Opady deszczu,Światło dzienne,Jezdnia,EWK-106462524Q,13,2017-10-12,Lekko,20*17'103,52*55'523,7,Obszar niezabudowany,Odcinek prosty,Droga krajowa,Jednojezdniowa dwukierunkowa,N,POWIAT MŁAWSKI,STRZEGOWO - OBSZAR WIEJSKI
1,0,0,2017,Opady deszczu,Zderzenie pojazdów boczne,Opady deszczu,Światło dzienne,Jezdnia,EWK-106462524Q,13,2017-10-12,Nieokreślone (puste pole),20*17'103,52*55'523,7,Obszar niezabudowany,Odcinek prosty,Droga krajowa,Jednojezdniowa dwukierunkowa,N,POWIAT MŁAWSKI,STRZEGOWO - OBSZAR WIEJSKI
1,0,1,2017,Opady deszczu,Zderzenie pojazdów boczne,Opady deszczu,Światło dzienne,Jezdnia,EWK-106491739Q,18,2017-10-22,Lekko,20*25'178,52*12'440,92,Obszar zabudowany,,Droga krajowa,Jednojezdniowa dwukierunkowa,N,POWIAT SOCHACZEWSKI,TERESIN - OBSZAR WIEJSKI
1,0,0,2017,Opady deszczu,Zderzenie pojazdów boczne,Opady deszczu,Światło dzienne,Jezdnia,EWK-106491739Q,18,2017-10-22,Nieokreślone (puste pole),20*25'178,52*12'440,92,Obszar zabudowany,,Droga krajowa,Jednojezdniowa dwukierunkowa,N,POWIAT SOCHACZEWSKI,TERESIN - OBSZAR WIEJSKI
1,0,1,2017,Opady deszczu,Zderzenie pojazdów boczne,Opady deszczu,Światło dzienne,Jezdnia,EWK-106533499T,7,2017-11-10,Lekko,22*17'105,52*9''452,,Obszar zabudowany,,Nieokreślone (puste pole),Jednojezdniowa dwukierunkowa,N,POWIAT SIEDLCE,SIEDLCE - OBSZAR MIEJSKI
1,0,0,2017,Opady deszczu,Zderzenie pojazdów boczne,Opady deszczu,Światło dzienne,Jezdnia,EWK-106533499T,7,2017-11-10,Nieokreślone (puste pole),22*17'105,52*9''452,,Obszar zabudowany,,Nieokreślone (puste pole),Jednojezdniowa dwukierunkowa,N,POWIAT SIEDLCE,SIEDLCE - OBSZAR MIEJSKI
1,0,1,2017,Opady deszczu,Zderzenie pojazdów boczne,Opady deszczu,Światło dzienne,Jezdnia,EWK-106538509G,11,2017-11-13,Lekko,21*02'133,51*18'482,P4010W,Obszar zabudowany,,Droga powiatowa,Jednojezdniowa dwukierunkowa,N,POWIAT RADOMSKI,KOWALA - OBSZAR WIEJSKI
1,0,0,2017,Opady deszczu,Zderzenie pojazdów boczne,Opady deszczu,Światło dzienne,Jezdnia,EWK-106538509G,11,2017-11-13,Nieokreślone (puste pole),21*02'133,51*18'482,P4010W,Obszar zabudowany,,Droga powiatowa,Jednojezdniowa dwukierunkowa,N,POWIAT RADOMSKI,KOWALA - OBSZAR WIEJSKI
1,0,1,2017,Opady deszczu,Zderzenie pojazdów boczne,Opady deszczu,Światło dzienne,Jezdnia,EWK-106587769R,8,2017-11-29,Lekko,21*09'087,51*14'460,P3542W,Obszar zabudowany,,Droga powiatowa,Jednojezdniowa dwukierunkowa,N,POWIAT RADOMSKI,WIERZBICA - OBSZAR WIEJSKI
1,0,0,2017,Opady deszczu,Zderzenie pojazdów boczne,Opady deszczu,Światło dzienne,Jezdnia,EWK-106587769R,8,2017-11-29,Nieokreślone (puste pole),21*09'087,51*14'460,P3542W,Obszar zabudowany,,Droga powiatowa,Jednojezdniowa dwukierunkowa,N,POWIAT RADOMSKI,WIERZBICA - OBSZAR WIEJSKI
1,0,1,2017,Opady deszczu,Zderzenie pojazdów boczne,Opady deszczu,Światło dzienne,Jezdnia,EWK-106595295U,10,2017-11-29,Ciężko,20*10'593,52*37'190,G300301W,Obszar zabudowany,,Droga gminna,Jednojezdniowa dwukierunkowa,N,POWIAT PŁOŃSKI,DZIERZĄŻNIA - OBSZAR WIEJSKI
1,1,0,2017,Opady deszczu,Zderzenie pojazdów boczne,Opady deszczu,Światło dzienne,Jezdnia,EWK-106595295U,10,2017-11-29,Nieokreślone (puste pole),20*10'593,52*37'190,G300301W,Obszar zabudowany,,Droga gminna,Jednojezdniowa dwukierunkowa,N,POWIAT PŁOŃSKI,DZIERZĄŻNIA - OBSZAR WIEJSKI
1,0,1,2017,Opady deszczu,Zderzenie pojazdów boczne,Opady deszczu,Światło dzienne,Pas dzielący jezdnie,EWK-106411820F,21,2017-09-17,Lekko,20*30'380,51*58'458,S8,Obszar niezabudowany,"Zakręt, łuk",Droga krajowa,Ekspresowa,N,POWIAT ŻYRARDOWSKI,MSZCZONÓW - OBSZAR WIEJSKI
1,0,0,2017,Opady deszczu,Zderzenie pojazdów boczne,Opady deszczu,Światło dzienne,Pas dzielący jezdnie,EWK-106411820F,21,2017-09-17,Nieokreślone (puste pole),20*30'380,51*58'458,S8,Obszar niezabudowany,"Zakręt, łuk",Droga krajowa,Ekspresowa,N,POWIAT ŻYRARDOWSKI,MSZCZONÓW - OBSZAR WIEJSKI
1,0,1,2017,Opady deszczu,Zderzenie pojazdów boczne,Opady deszczu,Światło dzienne,Przejazd dla rowerzystów,EWK-106330184G,17,2017-08-19,Ciężko,21*09'342,51*23'009,P3539W,Obszar zabudowany,Odcinek prosty,Droga powiatowa,Jednojezdniowa dwukierunkowa,N,POWIAT RADOM,RADOM - OBSZAR MIEJSKI
1,0,0,2017,Opady deszczu,Zderzenie pojazdów boczne,Opady deszczu,Światło dzienne,Przejazd dla rowerzystów,EWK-106330184G,17,2017-08-19,Nieokreślone (puste pole),21*09'342,51*23'009,P3539W,Obszar zabudowany,Odcinek prosty,Droga powiatowa,Jednojezdniowa dwukierunkowa,N,POWIAT RADOM,RADOM - OBSZAR MIEJSKI
1,0,5,2017,Opady deszczu,Zderzenie pojazdów boczne,Opady deszczu,Światło dzienne,"Wjazd, wyjazd z posesji, pola",EWK-106509852A,11,2017-10-29,Lekko,20*02'212,52*31'382,P2947W,Obszar niezabudowany,Odcinek prosty,Droga powiatowa,Jednojezdniowa dwukierunkowa,N,POWIAT PŁOCKI,BODZANÓW - OBSZAR WIEJSKI
1,0,0,2017,Opady deszczu,Zderzenie pojazdów boczne,Opady deszczu,Światło dzienne,"Wjazd, wyjazd z posesji, pola",EWK-106509852A,11,2017-10-29,Nieokreślone (puste pole),20*02'212,52*31'382,P2947W,Obszar niezabudowany,Odcinek prosty,Droga powiatowa,Jednojezdniowa dwukierunkowa,N,POWIAT PŁOCKI,BODZANÓW - OBSZAR WIEJSKI
1,1,0,2017,Opady deszczu,Zderzenie pojazdów boczne,Opady deszczu,"Świt, zmrok",Jezdnia,EWK-105467109D,18,2017-02-20,Nieokreślone (puste pole),21*07'318,53*05'252,3227W,Obszar zabudowany,Odcinek prosty,Droga powiatowa,Jednojezdniowa dwukierunkowa,T,POWIAT MAKOWSKI,KRASNOSIELC - OBSZAR WIEJSKI
1,0,1,2017,Opady deszczu,Zderzenie pojazdów boczne,Opady deszczu,"Świt, zmrok",Jezdnia,EWK-105506839P,17,2017-03-03,Lekko,21*06'026,52*51'537,60,Obszar zabudowany,,Droga krajowa,Jednojezdniowa dwukierunkowa,N,POWIAT MAKOWSKI,MAKÓW MAZOWIECKI - OBSZAR MIEJSKI
1,0,0,2017,Opady deszczu,Zderzenie pojazdów boczne,Opady deszczu,"Świt, zmrok",Jezdnia,EWK-105506839P,17,2017-03-03,Nieokreślone (puste pole),21*06'026,52*51'537,60,Obszar zabudowany,,Droga krajowa,Jednojezdniowa dwukierunkowa,N,POWIAT MAKOWSKI,MAKÓW MAZOWIECKI - OBSZAR MIEJSKI
1,0,1,2017,Opady deszczu,Zderzenie pojazdów boczne,Opady deszczu,"Świt, zmrok",Jezdnia,EWK-106409825U,18,2017-09-16,Lekko,19*51'397,52*47'542,10,Obszar niezabudowany,,Droga krajowa,Jednojezdniowa dwukierunkowa,N,POWIAT SIERPECKI,ZAWIDZ - OBSZAR WIEJSKI
1,0,0,2017,Opady deszczu,Zderzenie pojazdów boczne,Opady deszczu,"Świt, zmrok",Jezdnia,EWK-106409825U,18,2017-09-16,Nieokreślone (puste pole),19*51'397,52*47'542,10,Obszar niezabudowany,,Droga krajowa,Jednojezdniowa dwukierunkowa,N,POWIAT SIERPECKI,ZAWIDZ - OBSZAR WIEJSKI
1,0,2,2017,Opady deszczu,Zderzenie pojazdów boczne,Opady deszczu,"Świt, zmrok",Jezdnia,EWK-106621139A,14,2017-12-15,Lekko,21*29'560,52*34'141,S8W,Obszar niezabudowany,Odcinek prosty,Droga krajowa,Ekspresowa,N,POWIAT WYSZKOWSKI,WYSZKÓW - OBSZAR WIEJSKI
1,0,1,2017,Opady deszczu,Zderzenie pojazdów czołowe,Opady deszczu,Noc - droga nieoświetlona,Jezdnia,EWK-105369253L,5,2017-01-20,Lekko,22*12'159,52*13'572,696,Obszar niezabudowany,Odcinek prosty,Droga wojewódzka,Jednojezdniowa dwukierunkowa,N,POWIAT SIEDLECKI,SUCHOŻEBRY - OBSZAR WIEJSKI
1,0,0,2017,Opady deszczu,Zderzenie pojazdów czołowe,Opady deszczu,Noc - droga nieoświetlona,Jezdnia,EWK-105369253L,5,2017-01-20,Nieokreślone (puste pole),22*12'159,52*13'572,696,Obszar niezabudowany,Odcinek prosty,Droga wojewódzka,Jednojezdniowa dwukierunkowa,N,POWIAT SIEDLECKI,SUCHOŻEBRY - OBSZAR WIEJSKI
1,0,1,2017,Opady deszczu,Zderzenie pojazdów czołowe,Opady deszczu,Noc - droga nieoświetlona,Jezdnia,EWK-106602265P,5,2017-12-06,Lekko,19*41'280,52*40'208,P3704W,Obszar niezabudowany,Odcinek prosty,Droga powiatowa,Jednojezdniowa dwukierunkowa,N,POWIAT PŁOCKI,STARA BIAŁA - OBSZAR WIEJSKI
1,1,0,2017,Opady deszczu,Zderzenie pojazdów czołowe,Opady deszczu,Noc - droga nieoświetlona,Jezdnia,EWK-106602265P,5,2017-12-06,Nieokreślone (puste pole),19*41'280,52*40'208,P3704W,Obszar niezabudowany,Odcinek prosty,Droga powiatowa,Jednojezdniowa dwukierunkowa,N,POWIAT PŁOCKI,STARA BIAŁA - OBSZAR WIEJSKI
1,0,2,2017,Opady deszczu,Zderzenie pojazdów czołowe,Opady deszczu,Noc - droga oświetlona,Jezdnia,EWK-105685346D,21,2017-03-21,Lekko,19*41'158,52*33'369,5212W,Obszar zabudowany,,Droga powiatowa,Jednojezdniowa dwukierunkowa,N,POWIAT PŁOCK,PŁOCK - OBSZAR MIEJSKI
1,0,2,2017,Opady deszczu,Zderzenie pojazdów czołowe,Opady deszczu,Noc - droga oświetlona,Jezdnia,EWK-106467498J,17,2017-10-14,Lekko,20*37'203,53*11'785,544,Obszar zabudowany,Odcinek prosty,Droga wojewódzka,Jednojezdniowa dwukierunkowa,N,POWIAT MŁAWSKI,MŁAWA - OBSZAR MIEJSKI
1,0,1,2017,Opady deszczu,Zderzenie pojazdów czołowe,Opady deszczu,Światło dzienne,Jezdnia,EWK-105358838C,7,2017-01-20,Ciężko,21*36'162,52*41'548,4403W,Obszar zabudowany,Odcinek prosty,Droga powiatowa,Jednojezdniowa dwukierunkowa,N,POWIAT WYSZKOWSKI,BRAŃSZCZYK - OBSZAR WIEJSKI
1,0,0,2017,Opady deszczu,Zderzenie pojazdów czołowe,Opady deszczu,Światło dzienne,Jezdnia,EWK-105358838C,7,2017-01-20,Nieokreślone (puste pole),21*36'162,52*41'548,4403W,Obszar zabudowany,Odcinek prosty,Droga powiatowa,Jednojezdniowa dwukierunkowa,N,POWIAT WYSZKOWSKI,BRAŃSZCZYK - OBSZAR WIEJSKI
1,0,2,2017,Opady deszczu,Zderzenie pojazdów czołowe,Opady deszczu,Światło dzienne,Jezdnia,EWK-105373875T,10,2017-01-24,Lekko,21*11'360,51*50'170,731,Obszar niezabudowany,"Zakręt, łuk",Droga wojewódzka,Jednojezdniowa dwukierunkowa,N,POWIAT GRÓJECKI,WARKA - OBSZAR WIEJSKI
1,0,0,2017,Opady deszczu,Zderzenie pojazdów czołowe,Opady deszczu,Światło dzienne,Jezdnia,EWK-105373875T,10,2017-01-24,Nieokreślone (puste pole),21*11'360,51*50'170,731,Obszar niezabudowany,"Zakręt, łuk",Droga wojewódzka,Jednojezdniowa dwukierunkowa,N,POWIAT GRÓJECKI,WARKA - OBSZAR WIEJSKI
1,0,1,2017,Opady deszczu,Zderzenie pojazdów czołowe,Opady deszczu,Światło dzienne,Jezdnia,EWK-105774978E,18,2017-04-26,Ciężko,20*12'446,52*12'539,K92S,Obszar niezabudowany,Odcinek prosty,Droga krajowa,Jednojezdniowa dwukierunkowa,N,POWIAT SOCHACZEWSKI,SOCHACZEW - OBSZAR WIEJSKI
1,0,0,2017,Opady deszczu,Zderzenie pojazdów czołowe,Opady deszczu,Światło dzienne,Jezdnia,EWK-105774978E,18,2017-04-26,Nieokreślone (puste pole),20*12'446,52*12'539,K92S,Obszar niezabudowany,Odcinek prosty,Droga krajowa,Jednojezdniowa dwukierunkowa,N,POWIAT SOCHACZEWSKI,SOCHACZEW - OBSZAR WIEJSKI
1,0,1,2017,Opady deszczu,Zderzenie pojazdów czołowe,Opady deszczu,Światło dzienne,Jezdnia,EWK-105776926R,13,2017-04-27,Ciężko,21*04'140,51*25'149,740,Obszar zabudowany,"Zakręt, łuk",Droga wojewódzka,Jednojezdniowa dwukierunkowa,N,POWIAT RADOMSKI,ZAKRZEW - OBSZAR WIEJSKI
1,0,1,2017,Opady deszczu,Zderzenie pojazdów czołowe,Opady deszczu,Światło dzienne,Jezdnia,EWK-105776926R,13,2017-04-27,Lekko,21*04'140,51*25'149,740,Obszar zabudowany,"Zakręt, łuk",Droga wojewódzka,Jednojezdniowa dwukierunkowa,N,POWIAT RADOMSKI,ZAKRZEW - OBSZAR WIEJSKI
1,0,0,2017,Opady deszczu,Zderzenie pojazdów czołowe,Opady deszczu,Światło dzienne,Jezdnia,EWK-105776926R,13,2017-04-27,Nieokreślone (puste pole),21*04'140,51*25'149,740,Obszar zabudowany,"Zakręt, łuk",Droga wojewódzka,Jednojezdniowa dwukierunkowa,N,POWIAT RADOMSKI,ZAKRZEW - OBSZAR WIEJSKI
1,0,1,2017,Opady deszczu,Zderzenie pojazdów czołowe,Opady deszczu,Światło dzienne,Jezdnia,EWK-105778053M,9,2017-04-28,Lekko,20*21'502,52*37'588,P3021W,Obszar zabudowany,,Droga powiatowa,Jednojezdniowa dwukierunkowa,N,POWIAT PŁOŃSKI,PŁOŃSK - OBSZAR MIEJSKI
1,0,0,2017,Opady deszczu,Zderzenie pojazdów czołowe,Opady deszczu,Światło dzienne,Jezdnia,EWK-105778053M,9,2017-04-28,Nieokreślone (puste pole),20*21'502,52*37'588,P3021W,Obszar zabudowany,,Droga powiatowa,Jednojezdniowa dwukierunkowa,N,POWIAT PŁOŃSKI,PŁOŃSK - OBSZAR MIEJSKI
1,0,1,2017,Opady deszczu,Zderzenie pojazdów czołowe,Opady deszczu,Światło dzienne,Jezdnia,EWK-105917459D,18,2017-05-24,Lekko,20*45'000,52*21'000,92,Obszar niezabudowany,Odcinek prosty,Droga krajowa,Jednojezdniowa dwukierunkowa,N,POWIAT SOCHACZEWSKI,TERESIN - OBSZAR WIEJSKI
1,0,0,2017,Opady deszczu,Zderzenie pojazdów czołowe,Opady deszczu,Światło dzienne,Jezdnia,EWK-105917459D,18,2017-05-24,Nieokreślone (puste pole),20*45'000,52*21'000,92,Obszar niezabudowany,Odcinek prosty,Droga krajowa,Jednojezdniowa dwukierunkowa,N,POWIAT SOCHACZEWSKI,TERESIN - OBSZAR WIEJSKI
1,0,1,2017,Opady deszczu,Zderzenie pojazdów czołowe,Opady deszczu,Światło dzienne,Jezdnia,EWK-106042767L,18,2017-06-16,Lekko,21*30'105,51*27'156,P3520W,Obszar zabudowany,Odcinek prosty,Droga powiatowa,Jednojezdniowa dwukierunkowa,N,POWIAT RADOMSKI,PIONKI - OBSZAR WIEJSKI
1,0,0,2017,Opady deszczu,Zderzenie pojazdów czołowe,Opady deszczu,Światło dzienne,Jezdnia,EWK-106042767L,18,2017-06-16,Nieokreślone (puste pole),21*30'105,51*27'156,P3520W,Obszar zabudowany,Odcinek prosty,Droga powiatowa,Jednojezdniowa dwukierunkowa,N,POWIAT RADOMSKI,PIONKI - OBSZAR WIEJSKI
1,0,1,2017,Opady deszczu,Zderzenie pojazdów czołowe,Opady deszczu,Światło dzienne,Jezdnia,EWK-106275749Q,16,2017-07-23,Ciężko,19*35'182,52*56'204,560,Obszar niezabudowany,Odcinek prosty,Droga wojewódzka,Jednojezdniowa dwukierunkowa,T,POWIAT SIERPECKI,SZCZUTOWO - OBSZAR WIEJSKI
1,0,1,2017,Opady deszczu,Zderzenie pojazdów czołowe,Opady deszczu,Światło dzienne,Jezdnia,EWK-106275749Q,16,2017-07-23,Lekko,19*35'182,52*56'204,560,Obszar niezabudowany,Odcinek prosty,Droga wojewódzka,Jednojezdniowa dwukierunkowa,T,POWIAT SIERPECKI,SZCZUTOWO - OBSZAR WIEJSKI
1,1,0,2017,Opady deszczu,Zderzenie pojazdów czołowe,Opady deszczu,Światło dzienne,Jezdnia,EWK-106275749Q,16,2017-07-23,Nieokreślone (puste pole),19*35'182,52*56'204,560,Obszar niezabudowany,Odcinek prosty,Droga wojewódzka,Jednojezdniowa dwukierunkowa,T,POWIAT SIERPECKI,SZCZUTOWO - OBSZAR WIEJSKI
1,0,1,2017,Opady deszczu,Zderzenie pojazdów czołowe,Opady deszczu,Światło dzienne,Jezdnia,EWK-106287132P,16,2017-07-28,Lekko,21*05'303,51*21'500,P3564W,Obszar zabudowany,Odcinek prosty,Droga powiatowa,Jednojezdniowa dwukierunkowa,N,POWIAT RADOM,RADOM - OBSZAR MIEJSKI
1,0,0,2017,Opady deszczu,Zderzenie pojazdów czołowe,Opady deszczu,Światło dzienne,Jezdnia,EWK-106287132P,16,2017-07-28,Nieokreślone (puste pole),21*05'303,51*21'500,P3564W,Obszar zabudowany,Odcinek prosty,Droga powiatowa,Jednojezdniowa dwukierunkowa,N,POWIAT RADOM,RADOM - OBSZAR MIEJSKI
1,0,1,2017,Opady deszczu,Zderzenie pojazdów czołowe,Opady deszczu,Światło dzienne,Jezdnia,EWK-106310331A,8,2017-08-10,Lekko,20*15'395,52*14'204,705,Obszar zabudowany,,Droga wojewódzka,Jednojezdniowa dwukierunkowa,N,POWIAT SOCHACZEWSKI,SOCHACZEW - OBSZAR MIEJSKI
1,0,0,2017,Opady deszczu,Zderzenie pojazdów czołowe,Opady deszczu,Światło dzienne,Jezdnia,EWK-106310331A,8,2017-08-10,Nieokreślone (puste pole),20*15'395,52*14'204,705,Obszar zabudowany,,Droga wojewódzka,Jednojezdniowa dwukierunkowa,N,POWIAT SOCHACZEWSKI,SOCHACZEW - OBSZAR MIEJSKI
1,0,2,2017,Opady deszczu,Zderzenie pojazdów czołowe,Opady deszczu,Światło dzienne,Jezdnia,EWK-106310969T,8,2017-08-10,Lekko,21*12'100,51*24'286,12,Obszar zabudowany,Spadek,Droga krajowa,Jednojezdniowa dwukierunkowa,N,POWIAT RADOM,RADOM - OBSZAR MIEJSKI
1,1,0,2017,Opady deszczu,Zderzenie pojazdów czołowe,Opady deszczu,Światło dzienne,Jezdnia,EWK-106310969T,8,2017-08-10,Nieokreślone (puste pole),21*12'100,51*24'286,12,Obszar zabudowany,Spadek,Droga krajowa,Jednojezdniowa dwukierunkowa,N,POWIAT RADOM,RADOM - OBSZAR MIEJSKI
1,0,3,2017,Opady deszczu,Zderzenie pojazdów czołowe,Opady deszczu,Światło dzienne,Jezdnia,EWK-106326526E,5,2017-08-20,Lekko,21*30'028,51*21'566,12,Obszar niezabudowany,Odcinek prosty,Droga krajowa,Jednojezdniowa dwukierunkowa,N,POWIAT ZWOLEŃSKI,TCZÓW - OBSZAR WIEJSKI
1,0,3,2017,Opady deszczu,Zderzenie pojazdów czołowe,Opady deszczu,Światło dzienne,Jezdnia,EWK-106327890R,19,2017-08-20,Lekko,20*32'429,51*29'129,34335W,Obszar niezabudowany,"Zakręt, łuk",Droga powiatowa,Jednojezdniowa dwukierunkowa,N,POWIAT PRZYSUSKI,ODRZYWÓŁ - OBSZAR WIEJSKI
1,1,0,2017,Opady deszczu,Zderzenie pojazdów czołowe,Opady deszczu,Światło dzienne,Jezdnia,EWK-106327890R,19,2017-08-20,Nieokreślone (puste pole),20*32'429,51*29'129,34335W,Obszar niezabudowany,"Zakręt, łuk",Droga powiatowa,Jednojezdniowa dwukierunkowa,N,POWIAT PRZYSUSKI,ODRZYWÓŁ - OBSZAR WIEJSKI