Liczba wypadków,Liczba zabitych,Liczba rannych,Rok,Warunki atmosferyczne,Rodzaj zdarzenia,Warunki atmosferyczne,Oświetlenie,Charakterystyka miejsca zdarzenia,IDKSIP zdarzenia,Godzina,Dzień,Ranny,GPS x,GPS y,Numer drogi,Obszar,Geometria drogi,Kategoria drogi 1,Rodzaj drogi,Czy w zdarzeniu był sprawca nietrzeźwy,Powiat,Gmina
1,0,2,2017,Opady deszczu,Zderzenie pojazdów czołowe,Opady deszczu,Światło dzienne,Jezdnia,EWK-106331409E,16,2017-08-22,Lekko,19*58'404,52*44'255,GMINNA,Obszar niezabudowany,Odcinek prosty,Droga gminna,Jednojezdniowa dwukierunkowa,N,POWIAT PŁOCKI,DROBIN - OBSZAR MIEJSKI
1,0,0,2017,Opady deszczu,Zderzenie pojazdów czołowe,Opady deszczu,Światło dzienne,Jezdnia,EWK-106331409E,16,2017-08-22,Nieokreślone (puste pole),19*58'404,52*44'255,GMINNA,Obszar niezabudowany,Odcinek prosty,Droga gminna,Jednojezdniowa dwukierunkowa,N,POWIAT PŁOCKI,DROBIN - OBSZAR MIEJSKI
1,0,1,2017,Opady deszczu,Zderzenie pojazdów czołowe,Opady deszczu,Światło dzienne,Jezdnia,EWK-106335835U,14,2017-08-23,Lekko,22*43'06,52*12'482,P2056W,Obszar zabudowany,"Zakręt, łuk",Droga powiatowa,Jednojezdniowa dwukierunkowa,N,POWIAT ŁOSICKI,ŁOSICE - OBSZAR MIEJSKI
1,0,0,2017,Opady deszczu,Zderzenie pojazdów czołowe,Opady deszczu,Światło dzienne,Jezdnia,EWK-106335835U,14,2017-08-23,Nieokreślone (puste pole),22*43'06,52*12'482,P2056W,Obszar zabudowany,"Zakręt, łuk",Droga powiatowa,Jednojezdniowa dwukierunkowa,N,POWIAT ŁOSICKI,ŁOSICE - OBSZAR MIEJSKI
1,0,2,2017,Opady deszczu,Zderzenie pojazdów czołowe,Opady deszczu,Światło dzienne,Jezdnia,EWK-106342213L,19,2017-08-27,Lekko,22*13'548,52*10'122,P,Obszar zabudowany,Odcinek prosty,Droga powiatowa,Jednojezdniowa dwukierunkowa,N,POWIAT SIEDLCE,SIEDLCE - OBSZAR MIEJSKI
1,0,1,2017,Opady deszczu,Zderzenie pojazdów czołowe,Opady deszczu,Światło dzienne,Jezdnia,EWK-106365692H,7,2017-09-07,Ciężko,19*38'302,52*54'098,560,Obszar niezabudowany,Odcinek prosty,Droga wojewódzka,Jednojezdniowa dwukierunkowa,N,POWIAT SIERPECKI,SZCZUTOWO - OBSZAR WIEJSKI
1,0,1,2017,Opady deszczu,Zderzenie pojazdów czołowe,Opady deszczu,Światło dzienne,Jezdnia,EWK-106365692H,7,2017-09-07,Lekko,19*38'302,52*54'098,560,Obszar niezabudowany,Odcinek prosty,Droga wojewódzka,Jednojezdniowa dwukierunkowa,N,POWIAT SIERPECKI,SZCZUTOWO - OBSZAR WIEJSKI
1,0,0,2017,Opady deszczu,Zderzenie pojazdów czołowe,Opady deszczu,Światło dzienne,Jezdnia,EWK-106365692H,7,2017-09-07,Nieokreślone (puste pole),19*38'302,52*54'098,560,Obszar niezabudowany,Odcinek prosty,Droga wojewódzka,Jednojezdniowa dwukierunkowa,N,POWIAT SIERPECKI,SZCZUTOWO - OBSZAR WIEJSKI
1,0,1,2017,Opady deszczu,Zderzenie pojazdów czołowe,Opady deszczu,Światło dzienne,Jezdnia,EWK-106372754N,7,2017-09-11,Ciężko,20*54'008,52*46'505,618,Obszar niezabudowany,Odcinek prosty,Droga wojewódzka,Jednojezdniowa dwukierunkowa,N,POWIAT CIECHANOWSKI,GOŁYMIN-OŚRODEK - OBSZAR WIEJSKI
1,0,0,2017,Opady deszczu,Zderzenie pojazdów czołowe,Opady deszczu,Światło dzienne,Jezdnia,EWK-106372754N,7,2017-09-11,Nieokreślone (puste pole),20*54'008,52*46'505,618,Obszar niezabudowany,Odcinek prosty,Droga wojewódzka,Jednojezdniowa dwukierunkowa,N,POWIAT CIECHANOWSKI,GOŁYMIN-OŚRODEK - OBSZAR WIEJSKI
1,0,1,2017,Opady deszczu,Zderzenie pojazdów czołowe,Opady deszczu,Światło dzienne,Jezdnia,EWK-106409082F,18,2017-09-17,Ciężko,21*00'376,52*47'456,3238W,Obszar zabudowany,Odcinek prosty,Droga powiatowa,Jednojezdniowa dwukierunkowa,N,POWIAT MAKOWSKI,KARNIEWO - OBSZAR WIEJSKI
1,0,0,2017,Opady deszczu,Zderzenie pojazdów czołowe,Opady deszczu,Światło dzienne,Jezdnia,EWK-106409082F,18,2017-09-17,Nieokreślone (puste pole),21*00'376,52*47'456,3238W,Obszar zabudowany,Odcinek prosty,Droga powiatowa,Jednojezdniowa dwukierunkowa,N,POWIAT MAKOWSKI,KARNIEWO - OBSZAR WIEJSKI
1,0,1,2017,Opady deszczu,Zderzenie pojazdów czołowe,Opady deszczu,Światło dzienne,Jezdnia,EWK-106430624D,12,2017-09-17,Ciężko,22*30'089,52*12'070,698,Obszar niezabudowany,Odcinek prosty,Droga wojewódzka,Jednojezdniowa dwukierunkowa,N,POWIAT SIEDLECKI,MORDY - OBSZAR MIEJSKI
1,0,1,2017,Opady deszczu,Zderzenie pojazdów czołowe,Opady deszczu,Światło dzienne,Jezdnia,EWK-106430624D,12,2017-09-17,Lekko,22*30'089,52*12'070,698,Obszar niezabudowany,Odcinek prosty,Droga wojewódzka,Jednojezdniowa dwukierunkowa,N,POWIAT SIEDLECKI,MORDY - OBSZAR MIEJSKI
1,0,1,2017,Opady deszczu,Zderzenie pojazdów czołowe,Opady deszczu,Światło dzienne,Jezdnia,EWK-106455959Q,18,2017-10-09,Lekko,22*16'479,52*10'091,GMINNA,Obszar zabudowany,,Droga gminna,Jednojezdniowa dwukierunkowa,N,POWIAT SIEDLCE,SIEDLCE - OBSZAR MIEJSKI
1,0,0,2017,Opady deszczu,Zderzenie pojazdów czołowe,Opady deszczu,Światło dzienne,Jezdnia,EWK-106455959Q,18,2017-10-09,Nieokreślone (puste pole),22*16'479,52*10'091,GMINNA,Obszar zabudowany,,Droga gminna,Jednojezdniowa dwukierunkowa,N,POWIAT SIEDLCE,SIEDLCE - OBSZAR MIEJSKI
1,0,1,2017,Opady deszczu,Zderzenie pojazdów czołowe,Opady deszczu,Światło dzienne,Jezdnia,EWK-106460454M,17,2017-10-11,Ciężko,19*44'439,52*33'176,567,Obszar niezabudowany,Odcinek prosty,Droga wojewódzka,Jednojezdniowa dwukierunkowa,N,POWIAT PŁOCKI,RADZANOWO - OBSZAR WIEJSKI
1,0,1,2017,Opady deszczu,Zderzenie pojazdów czołowe,Opady deszczu,Światło dzienne,Jezdnia,EWK-106460454M,17,2017-10-11,Lekko,19*44'439,52*33'176,567,Obszar niezabudowany,Odcinek prosty,Droga wojewódzka,Jednojezdniowa dwukierunkowa,N,POWIAT PŁOCKI,RADZANOWO - OBSZAR WIEJSKI
1,0,0,2017,Opady deszczu,Zderzenie pojazdów czołowe,Opady deszczu,Światło dzienne,Jezdnia,EWK-106460454M,17,2017-10-11,Nieokreślone (puste pole),19*44'439,52*33'176,567,Obszar niezabudowany,Odcinek prosty,Droga wojewódzka,Jednojezdniowa dwukierunkowa,N,POWIAT PŁOCKI,RADZANOWO - OBSZAR WIEJSKI
1,0,1,2017,Opady deszczu,Zderzenie pojazdów czołowe,Opady deszczu,Światło dzienne,Jezdnia,EWK-106489792G,9,2017-10-21,Lekko,21*40'411,51*44'156,,Obszar zabudowany,,Nieokreślone (puste pole),Jednojezdniowa dwukierunkowa,N,POWIAT GARWOLIŃSKI,SOBOLEW - OBSZAR WIEJSKI
1,0,0,2017,Opady deszczu,Zderzenie pojazdów czołowe,Opady deszczu,Światło dzienne,Jezdnia,EWK-106489792G,9,2017-10-21,Nieokreślone (puste pole),21*40'411,51*44'156,,Obszar zabudowany,,Nieokreślone (puste pole),Jednojezdniowa dwukierunkowa,N,POWIAT GARWOLIŃSKI,SOBOLEW - OBSZAR WIEJSKI
1,0,2,2017,Opady deszczu,Zderzenie pojazdów czołowe,Opady deszczu,Światło dzienne,Jezdnia,EWK-106609833Y,12,2017-12-08,Ciężko,19*47'344,52*35'536,60,Obszar niezabudowany,"Zakręt, łuk",Droga krajowa,Jednojezdniowa dwukierunkowa,N,POWIAT PŁOCKI,RADZANOWO - OBSZAR WIEJSKI
1,0,3,2017,Opady deszczu,Zderzenie pojazdów czołowe,Opady deszczu,"Świt, zmrok",Jezdnia,EWK-106490709W,19,2017-10-22,Lekko,21*34'525,51*56'349,17,Obszar niezabudowany,Odcinek prosty,Droga krajowa,Jednojezdniowa dwukierunkowa,N,POWIAT GARWOLIŃSKI,PILAWA - OBSZAR WIEJSKI
1,0,0,2017,Opady deszczu,Zderzenie pojazdów czołowe,Opady deszczu,"Świt, zmrok",Jezdnia,EWK-106490709W,19,2017-10-22,Nieokreślone (puste pole),21*34'525,51*56'349,17,Obszar niezabudowany,Odcinek prosty,Droga krajowa,Jednojezdniowa dwukierunkowa,N,POWIAT GARWOLIŃSKI,PILAWA - OBSZAR WIEJSKI
1,1,0,2017,Opady deszczu,Zderzenie pojazdów czołowe,Opady deszczu,"Świt, zmrok",Jezdnia,EWK-106652304X,7,2017-12-29,Nieokreślone (puste pole),19*38'055,52*28'522,60,Obszar niezabudowany,Odcinek prosty,Droga krajowa,Jednojezdniowa dwukierunkowa,N,POWIAT PŁOCKI,ŁĄCK - OBSZAR WIEJSKI
1,0,1,2017,Opady deszczu,Zderzenie pojazdów tylne,Opady deszczu,Noc - droga nieoświetlona,Jezdnia,EWK-105571191X,19,2017-03-07,Ciężko,22*44'158,52*13'161,19,Obszar niezabudowany,Odcinek prosty,Droga krajowa,Jednojezdniowa dwukierunkowa,N,POWIAT ŁOSICKI,ŁOSICE - OBSZAR MIEJSKI
1,0,0,2017,Opady deszczu,Zderzenie pojazdów tylne,Opady deszczu,Noc - droga nieoświetlona,Jezdnia,EWK-105571191X,19,2017-03-07,Nieokreślone (puste pole),22*44'158,52*13'161,19,Obszar niezabudowany,Odcinek prosty,Droga krajowa,Jednojezdniowa dwukierunkowa,N,POWIAT ŁOSICKI,ŁOSICE - OBSZAR MIEJSKI
1,0,1,2017,Opady deszczu,Zderzenie pojazdów tylne,Opady deszczu,Noc - droga nieoświetlona,Jezdnia,EWK-106448996G,18,2017-10-05,Ciężko,21*41'268,52*41'124,694,Obszar zabudowany,,Droga wojewódzka,Jednojezdniowa dwukierunkowa,N,POWIAT WYSZKOWSKI,BRAŃSZCZYK - OBSZAR WIEJSKI
1,0,0,2017,Opady deszczu,Zderzenie pojazdów tylne,Opady deszczu,Noc - droga nieoświetlona,Jezdnia,EWK-106448996G,18,2017-10-05,Nieokreślone (puste pole),21*41'268,52*41'124,694,Obszar zabudowany,,Droga wojewódzka,Jednojezdniowa dwukierunkowa,N,POWIAT WYSZKOWSKI,BRAŃSZCZYK - OBSZAR WIEJSKI
1,0,1,2017,Opady deszczu,Zderzenie pojazdów tylne,Opady deszczu,Noc - droga nieoświetlona,Jezdnia,EWK-106491845C,17,2017-10-22,Ciężko,20*54'019,51*28'196,P1115W,Obszar niezabudowany,Odcinek prosty,Droga powiatowa,Jednojezdniowa dwukierunkowa,N,POWIAT RADOMSKI,PRZYTYK - OBSZAR WIEJSKI
1,0,0,2017,Opady deszczu,Zderzenie pojazdów tylne,Opady deszczu,Noc - droga nieoświetlona,Jezdnia,EWK-106491845C,17,2017-10-22,Nieokreślone (puste pole),20*54'019,51*28'196,P1115W,Obszar niezabudowany,Odcinek prosty,Droga powiatowa,Jednojezdniowa dwukierunkowa,N,POWIAT RADOMSKI,PRZYTYK - OBSZAR WIEJSKI
1,0,1,2017,Opady deszczu,Zderzenie pojazdów tylne,Opady deszczu,Noc - droga nieoświetlona,Jezdnia,EWK-106520085P,21,2017-11-02,Lekko,19*40'365,52*49'346,560,Obszar niezabudowany,Odcinek prosty,Droga wojewódzka,Jednojezdniowa dwukierunkowa,N,POWIAT SIERPECKI,SIERPC - OBSZAR WIEJSKI
1,0,0,2017,Opady deszczu,Zderzenie pojazdów tylne,Opady deszczu,Noc - droga nieoświetlona,Jezdnia,EWK-106520085P,21,2017-11-02,Nieokreślone (puste pole),19*40'365,52*49'346,560,Obszar niezabudowany,Odcinek prosty,Droga wojewódzka,Jednojezdniowa dwukierunkowa,N,POWIAT SIERPECKI,SIERPC - OBSZAR WIEJSKI
1,0,1,2017,Opady deszczu,Zderzenie pojazdów tylne,Opady deszczu,Noc - droga nieoświetlona,Jezdnia,EWK-106530363J,16,2017-11-08,Lekko,21*25'174,51*31'218,,Obszar niezabudowany,Odcinek prosty,Nieokreślone (puste pole),Jednojezdniowa dwukierunkowa,N,POWIAT RADOMSKI,PIONKI - OBSZAR WIEJSKI
1,0,0,2017,Opady deszczu,Zderzenie pojazdów tylne,Opady deszczu,Noc - droga nieoświetlona,Jezdnia,EWK-106530363J,16,2017-11-08,Nieokreślone (puste pole),21*25'174,51*31'218,,Obszar niezabudowany,Odcinek prosty,Nieokreślone (puste pole),Jednojezdniowa dwukierunkowa,N,POWIAT RADOMSKI,PIONKI - OBSZAR WIEJSKI
1,0,1,2017,Opady deszczu,Zderzenie pojazdów tylne,Opady deszczu,Noc - droga nieoświetlona,Jezdnia,EWK-106534332E,21,2017-11-10,Lekko,21*47'343,52*45'217,8,Obszar niezabudowany,Odcinek prosty,Droga krajowa,Jednojezdniowa dwukierunkowa,N,POWIAT OSTROWSKI,OSTRÓW MAZOWIECKA - OBSZAR WIEJSKI
1,0,0,2017,Opady deszczu,Zderzenie pojazdów tylne,Opady deszczu,Noc - droga nieoświetlona,Jezdnia,EWK-106534332E,21,2017-11-10,Nieokreślone (puste pole),21*47'343,52*45'217,8,Obszar niezabudowany,Odcinek prosty,Droga krajowa,Jednojezdniowa dwukierunkowa,N,POWIAT OSTROWSKI,OSTRÓW MAZOWIECKA - OBSZAR WIEJSKI
1,0,1,2017,Opady deszczu,Zderzenie pojazdów tylne,Opady deszczu,Noc - droga nieoświetlona,Jezdnia,EWK-106546703N,16,2017-11-17,Ciężko,21*51'156,51*27'153,738,Obszar niezabudowany,Odcinek prosty,Droga wojewódzka,Jednojezdniowa dwukierunkowa,N,POWIAT KOZIENICKI,GNIEWOSZÓW - OBSZAR WIEJSKI
1,0,0,2017,Opady deszczu,Zderzenie pojazdów tylne,Opady deszczu,Noc - droga nieoświetlona,Jezdnia,EWK-106546703N,16,2017-11-17,Nieokreślone (puste pole),21*51'156,51*27'153,738,Obszar niezabudowany,Odcinek prosty,Droga wojewódzka,Jednojezdniowa dwukierunkowa,N,POWIAT KOZIENICKI,GNIEWOSZÓW - OBSZAR WIEJSKI
1,0,1,2017,Opady deszczu,Zderzenie pojazdów tylne,Opady deszczu,Noc - droga nieoświetlona,Jezdnia,EWK-106601670P,17,2017-12-06,Lekko,19*54'444,53*03'451,,Obszar niezabudowany,Odcinek prosty,Nieokreślone (puste pole),Jednojezdniowa dwukierunkowa,N,POWIAT ŻUROMIŃSKI,ŻUROMIN - OBSZAR MIEJSKI
1,0,0,2017,Opady deszczu,Zderzenie pojazdów tylne,Opady deszczu,Noc - droga nieoświetlona,Jezdnia,EWK-106601670P,17,2017-12-06,Nieokreślone (puste pole),19*54'444,53*03'451,,Obszar niezabudowany,Odcinek prosty,Nieokreślone (puste pole),Jednojezdniowa dwukierunkowa,N,POWIAT ŻUROMIŃSKI,ŻUROMIN - OBSZAR MIEJSKI
1,0,1,2017,Opady deszczu,Zderzenie pojazdów tylne,Opady deszczu,Noc - droga oświetlona,Jezdnia,EWK-106161258L,2,2017-06-28,Ciężko,21*08'322,51*27'077,7,Obszar zabudowany,,Droga krajowa,Dwie jezdnie jednokierunkowe,N,POWIAT RADOM,RADOM - OBSZAR MIEJSKI
1,0,2,2017,Opady deszczu,Zderzenie pojazdów tylne,Opady deszczu,Noc - droga oświetlona,Jezdnia,EWK-106161258L,2,2017-06-28,Lekko,21*08'322,51*27'077,7,Obszar zabudowany,,Droga krajowa,Dwie jezdnie jednokierunkowe,N,POWIAT RADOM,RADOM - OBSZAR MIEJSKI
1,0,0,2017,Opady deszczu,Zderzenie pojazdów tylne,Opady deszczu,Noc - droga oświetlona,Jezdnia,EWK-106161258L,2,2017-06-28,Nieokreślone (puste pole),21*08'322,51*27'077,7,Obszar zabudowany,,Droga krajowa,Dwie jezdnie jednokierunkowe,N,POWIAT RADOM,RADOM - OBSZAR MIEJSKI
1,0,1,2017,Opady deszczu,Zderzenie pojazdów tylne,Opady deszczu,Noc - droga oświetlona,Jezdnia,EWK-106507049U,17,2017-10-27,Lekko,22*17'172,52*09'521,,Obszar zabudowany,Odcinek prosty,Nieokreślone (puste pole),Jednojezdniowa dwukierunkowa,N,POWIAT SIEDLCE,SIEDLCE - OBSZAR MIEJSKI
1,0,0,2017,Opady deszczu,Zderzenie pojazdów tylne,Opady deszczu,Noc - droga oświetlona,Jezdnia,EWK-106507049U,17,2017-10-27,Nieokreślone (puste pole),22*17'172,52*09'521,,Obszar zabudowany,Odcinek prosty,Nieokreślone (puste pole),Jednojezdniowa dwukierunkowa,N,POWIAT SIEDLCE,SIEDLCE - OBSZAR MIEJSKI
1,0,2,2017,Opady deszczu,Zderzenie pojazdów tylne,Opady deszczu,Noc - droga oświetlona,Jezdnia,EWK-106557978P,20,2017-11-22,Lekko,19*42'193,52*32'301,P5219W,Obszar zabudowany,Odcinek prosty,Droga powiatowa,Jednojezdniowa dwukierunkowa,N,POWIAT PŁOCK,PŁOCK - OBSZAR MIEJSKI
1,0,0,2017,Opady deszczu,Zderzenie pojazdów tylne,Opady deszczu,Noc - droga oświetlona,Jezdnia,EWK-106557978P,20,2017-11-22,Nieokreślone (puste pole),19*42'193,52*32'301,P5219W,Obszar zabudowany,Odcinek prosty,Droga powiatowa,Jednojezdniowa dwukierunkowa,N,POWIAT PŁOCK,PŁOCK - OBSZAR MIEJSKI
1,0,1,2017,Opady deszczu,Zderzenie pojazdów tylne,Opady deszczu,Noc - droga oświetlona,Jezdnia,EWK-106601594L,17,2017-12-06,Lekko,19*34'213,52*32'449,62,Obszar zabudowany,Odcinek prosty,Droga krajowa,Jednojezdniowa dwukierunkowa,N,POWIAT PŁOCKI,NOWY DUNINÓW - OBSZAR WIEJSKI
1,0,0,2017,Opady deszczu,Zderzenie pojazdów tylne,Opady deszczu,Noc - droga oświetlona,Jezdnia,EWK-106601594L,17,2017-12-06,Nieokreślone (puste pole),19*34'213,52*32'449,62,Obszar zabudowany,Odcinek prosty,Droga krajowa,Jednojezdniowa dwukierunkowa,N,POWIAT PŁOCKI,NOWY DUNINÓW - OBSZAR WIEJSKI
1,0,1,2017,Opady deszczu,Zderzenie pojazdów tylne,Opady deszczu,Noc - droga oświetlona,Jezdnia,EWK-106633209U,17,2017-12-21,Lekko,21*14'556,51*18'550,9,Obszar zabudowany,Odcinek prosty,Droga krajowa,Jednojezdniowa dwukierunkowa,N,POWIAT RADOMSKI,SKARYSZEW - OBSZAR MIEJSKI
1,0,0,2017,Opady deszczu,Zderzenie pojazdów tylne,Opady deszczu,Noc - droga oświetlona,Jezdnia,EWK-106633209U,17,2017-12-21,Nieokreślone (puste pole),21*14'556,51*18'550,9,Obszar zabudowany,Odcinek prosty,Droga krajowa,Jednojezdniowa dwukierunkowa,N,POWIAT RADOMSKI,SKARYSZEW - OBSZAR MIEJSKI
1,0,4,2017,Opady deszczu,Zderzenie pojazdów tylne,Opady deszczu,Światło dzienne,Jezdnia,EWK-105478460K,13,2017-02-24,Lekko,21*05'522,52*37'462,61,Obszar niezabudowany,Odcinek prosty,Droga krajowa,Jednojezdniowa dwukierunkowa,N,POWIAT PUŁTUSKI,POKRZYWNICA - OBSZAR WIEJSKI
1,0,0,2017,Opady deszczu,Zderzenie pojazdów tylne,Opady deszczu,Światło dzienne,Jezdnia,EWK-105478460K,13,2017-02-24,Nieokreślone (puste pole),21*05'522,52*37'462,61,Obszar niezabudowany,Odcinek prosty,Droga krajowa,Jednojezdniowa dwukierunkowa,N,POWIAT PUŁTUSKI,POKRZYWNICA - OBSZAR WIEJSKI
1,0,1,2017,Opady deszczu,Zderzenie pojazdów tylne,Opady deszczu,Światło dzienne,Jezdnia,EWK-105687525P,16,2017-03-21,Ciężko,20*48'384,53*01'166,544,Obszar zabudowany,,Droga wojewódzka,Jednojezdniowa dwukierunkowa,N,POWIAT PRZASNYSKI,CZERNICE BOROWE - OBSZAR WIEJSKI
1,0,0,2017,Opady deszczu,Zderzenie pojazdów tylne,Opady deszczu,Światło dzienne,Jezdnia,EWK-105687525P,16,2017-03-21,Nieokreślone (puste pole),20*48'384,53*01'166,544,Obszar zabudowany,,Droga wojewódzka,Jednojezdniowa dwukierunkowa,N,POWIAT PRZASNYSKI,CZERNICE BOROWE - OBSZAR WIEJSKI
1,0,1,2017,Opady deszczu,Zderzenie pojazdów tylne,Opady deszczu,Światło dzienne,Jezdnia,EWK-105742732J,8,2017-04-06,Lekko,20*35'040,51*25'454,34335W,Obszar zabudowany,Odcinek prosty,Droga powiatowa,Jednojezdniowa dwukierunkowa,N,POWIAT PRZYSUSKI,RUSINÓW - OBSZAR WIEJSKI
1,0,0,2017,Opady deszczu,Zderzenie pojazdów tylne,Opady deszczu,Światło dzienne,Jezdnia,EWK-105742732J,8,2017-04-06,Nieokreślone (puste pole),20*35'040,51*25'454,34335W,Obszar zabudowany,Odcinek prosty,Droga powiatowa,Jednojezdniowa dwukierunkowa,N,POWIAT PRZYSUSKI,RUSINÓW - OBSZAR WIEJSKI
1,0,1,2017,Opady deszczu,Zderzenie pojazdów tylne,Opady deszczu,Światło dzienne,Jezdnia,EWK-105753853Y,13,2017-04-12,Ciężko,19*29'565,52*39'273,GMINNA,Obszar zabudowany,,Droga gminna,Jednojezdniowa dwukierunkowa,N,POWIAT PŁOCKI,BRUDZEŃ DUŻY - OBSZAR WIEJSKI
1,0,0,2017,Opady deszczu,Zderzenie pojazdów tylne,Opady deszczu,Światło dzienne,Jezdnia,EWK-105753853Y,13,2017-04-12,Nieokreślone (puste pole),19*29'565,52*39'273,GMINNA,Obszar zabudowany,,Droga gminna,Jednojezdniowa dwukierunkowa,N,POWIAT PŁOCKI,BRUDZEŃ DUŻY - OBSZAR WIEJSKI
1,0,2,2017,Opady deszczu,Zderzenie pojazdów tylne,Opady deszczu,Światło dzienne,Jezdnia,EWK-105922152F,17,2017-05-26,Lekko,21*34'269,51*57'123,17,Obszar niezabudowany,Odcinek prosty,Droga krajowa,Jednojezdniowa dwukierunkowa,N,POWIAT GARWOLIŃSKI,PILAWA - OBSZAR WIEJSKI
1,0,0,2017,Opady deszczu,Zderzenie pojazdów tylne,Opady deszczu,Światło dzienne,Jezdnia,EWK-105922152F,17,2017-05-26,Nieokreślone (puste pole),21*34'269,51*57'123,17,Obszar niezabudowany,Odcinek prosty,Droga krajowa,Jednojezdniowa dwukierunkowa,N,POWIAT GARWOLIŃSKI,PILAWA - OBSZAR WIEJSKI
1,0,1,2017,Opady deszczu,Zderzenie pojazdów tylne,Opady deszczu,Światło dzienne,Jezdnia,EWK-106272632J,12,2017-07-21,Ciężko,20*31'541,51*58'520,K50B,Obszar niezabudowany,Odcinek prosty,Droga krajowa,Jednojezdniowa dwukierunkowa,N,POWIAT ŻYRARDOWSKI,MSZCZONÓW - OBSZAR MIEJSKI
1,0,0,2017,Opady deszczu,Zderzenie pojazdów tylne,Opady deszczu,Światło dzienne,Jezdnia,EWK-106272632J,12,2017-07-21,Nieokreślone (puste pole),20*31'541,51*58'520,K50B,Obszar niezabudowany,Odcinek prosty,Droga krajowa,Jednojezdniowa dwukierunkowa,N,POWIAT ŻYRARDOWSKI,MSZCZONÓW - OBSZAR MIEJSKI
1,0,1,2017,Opady deszczu,Zderzenie pojazdów tylne,Opady deszczu,Światło dzienne,Jezdnia,EWK-106327180U,15,2017-08-20,Lekko,21*35'287,51*55'460,S17G,Obszar niezabudowany,Odcinek prosty,Droga krajowa,Ekspresowa,N,POWIAT GARWOLIŃSKI,GARWOLIN - OBSZAR WIEJSKI
1,0,0,2017,Opady deszczu,Zderzenie pojazdów tylne,Opady deszczu,Światło dzienne,Jezdnia,EWK-106327180U,15,2017-08-20,Nieokreślone (puste pole),21*35'287,51*55'460,S17G,Obszar niezabudowany,Odcinek prosty,Droga krajowa,Ekspresowa,N,POWIAT GARWOLIŃSKI,GARWOLIN - OBSZAR WIEJSKI
1,0,1,2017,Opady deszczu,Zderzenie pojazdów tylne,Opady deszczu,Światło dzienne,Jezdnia,EWK-106334068Y,15,2017-08-23,Lekko,19*40'204,52*33'094,559,Obszar zabudowany,Odcinek prosty,Droga wojewódzka,Jednojezdniowa dwukierunkowa,N,POWIAT PŁOCK,PŁOCK - OBSZAR MIEJSKI
1,0,0,2017,Opady deszczu,Zderzenie pojazdów tylne,Opady deszczu,Światło dzienne,Jezdnia,EWK-106334068Y,15,2017-08-23,Nieokreślone (puste pole),19*40'204,52*33'094,559,Obszar zabudowany,Odcinek prosty,Droga wojewódzka,Jednojezdniowa dwukierunkowa,N,POWIAT PŁOCK,PŁOCK - OBSZAR MIEJSKI
1,0,3,2017,Opady deszczu,Zderzenie pojazdów tylne,Opady deszczu,Światło dzienne,Jezdnia,EWK-106376177J,10,2017-09-12,Lekko,21*03'397,51*11'590,P4015W,Obszar zabudowany,Odcinek prosty,Droga powiatowa,Jednojezdniowa dwukierunkowa,N,POWIAT SZYDŁOWIECKI,MIRÓW - OBSZAR WIEJSKI
1,0,0,2017,Opady deszczu,Zderzenie pojazdów tylne,Opady deszczu,Światło dzienne,Jezdnia,EWK-106376177J,10,2017-09-12,Nieokreślone (puste pole),21*03'397,51*11'590,P4015W,Obszar zabudowany,Odcinek prosty,Droga powiatowa,Jednojezdniowa dwukierunkowa,N,POWIAT SZYDŁOWIECKI,MIRÓW - OBSZAR WIEJSKI
1,0,1,2017,Opady deszczu,Zderzenie pojazdów tylne,Opady deszczu,Światło dzienne,Jezdnia,EWK-106409654D,18,2017-09-16,Ciężko,19*54'508,52*46'347,10,Obszar niezabudowany,Odcinek prosty,Droga krajowa,Jednojezdniowa dwukierunkowa,T,POWIAT SIERPECKI,ZAWIDZ - OBSZAR WIEJSKI
1,0,2,2017,Opady deszczu,Zderzenie pojazdów tylne,Opady deszczu,Światło dzienne,Jezdnia,EWK-106409654D,18,2017-09-16,Lekko,19*54'508,52*46'347,10,Obszar niezabudowany,Odcinek prosty,Droga krajowa,Jednojezdniowa dwukierunkowa,T,POWIAT SIERPECKI,ZAWIDZ - OBSZAR WIEJSKI
1,0,0,2017,Opady deszczu,Zderzenie pojazdów tylne,Opady deszczu,Światło dzienne,Jezdnia,EWK-106409654D,18,2017-09-16,Nieokreślone (puste pole),19*54'508,52*46'347,10,Obszar niezabudowany,Odcinek prosty,Droga krajowa,Jednojezdniowa dwukierunkowa,T,POWIAT SIERPECKI,ZAWIDZ - OBSZAR WIEJSKI
1,0,1,2017,Opady deszczu,Zderzenie pojazdów tylne,Opady deszczu,Światło dzienne,Jezdnia,EWK-106443354X,7,2017-10-03,Lekko,21*05'466,51*23'588,12,Obszar zabudowany,Odcinek prosty,Droga krajowa,Jednojezdniowa dwukierunkowa,N,POWIAT RADOM,RADOM - OBSZAR MIEJSKI
1,0,0,2017,Opady deszczu,Zderzenie pojazdów tylne,Opady deszczu,Światło dzienne,Jezdnia,EWK-106443354X,7,2017-10-03,Nieokreślone (puste pole),21*05'466,51*23'588,12,Obszar zabudowany,Odcinek prosty,Droga krajowa,Jednojezdniowa dwukierunkowa,N,POWIAT RADOM,RADOM - OBSZAR MIEJSKI