Liczba wypadków,Liczba zabitych,Liczba rannych,Rok,Warunki atmosferyczne,Rodzaj zdarzenia,Warunki atmosferyczne,Oświetlenie,Charakterystyka miejsca zdarzenia,IDKSIP zdarzenia,Godzina,Dzień,Ranny,GPS x,GPS y,Numer drogi,Obszar,Geometria drogi,Kategoria drogi 1,Rodzaj drogi,Czy w zdarzeniu był sprawca nietrzeźwy,Powiat,Gmina
1,0,1,2017,Opady deszczu,Zderzenie pojazdów tylne,Opady deszczu,Światło dzienne,Jezdnia,EWK-106463793Y,14,2017-10-12,Lekko,21*52'257,52*50'049,677,Obszar niezabudowany,Odcinek prosty,Droga wojewódzka,Jednojezdniowa dwukierunkowa,N,POWIAT OSTROWSKI,OSTRÓW MAZOWIECKA - OBSZAR WIEJSKI
1,0,0,2017,Opady deszczu,Zderzenie pojazdów tylne,Opady deszczu,Światło dzienne,Jezdnia,EWK-106463793Y,14,2017-10-12,Nieokreślone (puste pole),21*52'257,52*50'049,677,Obszar niezabudowany,Odcinek prosty,Droga wojewódzka,Jednojezdniowa dwukierunkowa,N,POWIAT OSTROWSKI,OSTRÓW MAZOWIECKA - OBSZAR WIEJSKI
1,0,1,2017,Opady deszczu,Zderzenie pojazdów tylne,Opady deszczu,Światło dzienne,Jezdnia,EWK-106509130C,14,2017-10-29,Lekko,21*07'094,51*29'419,7,Obszar zabudowany,,Droga krajowa,Dwie jezdnie jednokierunkowe,N,POWIAT RADOMSKI,JEDLIŃSK - OBSZAR WIEJSKI
1,0,0,2017,Opady deszczu,Zderzenie pojazdów tylne,Opady deszczu,Światło dzienne,Jezdnia,EWK-106509130C,14,2017-10-29,Nieokreślone (puste pole),21*07'094,51*29'419,7,Obszar zabudowany,,Droga krajowa,Dwie jezdnie jednokierunkowe,N,POWIAT RADOMSKI,JEDLIŃSK - OBSZAR WIEJSKI
1,0,1,2017,Opady deszczu,Zderzenie pojazdów tylne,Opady deszczu,Światło dzienne,Jezdnia,EWK-106601059H,13,2017-12-06,Lekko,21*33'489,51*53'550,,Obszar zabudowany,Odcinek prosty,Nieokreślone (puste pole),Jednojezdniowa dwukierunkowa,N,POWIAT GARWOLIŃSKI,GARWOLIN - OBSZAR WIEJSKI
1,0,0,2017,Opady deszczu,Zderzenie pojazdów tylne,Opady deszczu,Światło dzienne,Jezdnia,EWK-106601059H,13,2017-12-06,Nieokreślone (puste pole),21*33'489,51*53'550,,Obszar zabudowany,Odcinek prosty,Nieokreślone (puste pole),Jednojezdniowa dwukierunkowa,N,POWIAT GARWOLIŃSKI,GARWOLIN - OBSZAR WIEJSKI
1,0,2,2017,Opady deszczu,Zderzenie pojazdów tylne,Opady deszczu,Światło dzienne,Jezdnia,EWK-106635199L,10,2017-12-22,Lekko,19*52'549,53*03'207,563,Obszar niezabudowany,Odcinek prosty,Droga wojewódzka,Jednojezdniowa dwukierunkowa,N,POWIAT ŻUROMIŃSKI,ŻUROMIN - OBSZAR WIEJSKI
1,0,0,2017,Opady deszczu,Zderzenie pojazdów tylne,Opady deszczu,Światło dzienne,Jezdnia,EWK-106635199L,10,2017-12-22,Nieokreślone (puste pole),19*52'549,53*03'207,563,Obszar niezabudowany,Odcinek prosty,Droga wojewódzka,Jednojezdniowa dwukierunkowa,N,POWIAT ŻUROMIŃSKI,ŻUROMIN - OBSZAR WIEJSKI
1,0,1,2017,Opady deszczu,Zderzenie pojazdów tylne,Opady deszczu,Światło dzienne,Jezdnia,EWK-106651881H,7,2017-12-23,Ciężko,21*07'102,51*30'418,P3512W,Obszar zabudowany,Odcinek prosty,Droga powiatowa,Jednojezdniowa dwukierunkowa,T,POWIAT RADOMSKI,JEDLIŃSK - OBSZAR WIEJSKI
1,0,0,2017,Opady deszczu,Zderzenie pojazdów tylne,Opady deszczu,Światło dzienne,Jezdnia,EWK-106651881H,7,2017-12-23,Nieokreślone (puste pole),21*07'102,51*30'418,P3512W,Obszar zabudowany,Odcinek prosty,Droga powiatowa,Jednojezdniowa dwukierunkowa,T,POWIAT RADOMSKI,JEDLIŃSK - OBSZAR WIEJSKI
1,0,1,2017,Opady deszczu,Zderzenie pojazdów tylne,Opady deszczu,Światło dzienne,"Wjazd, wyjazd z posesji, pola",EWK-106419825R,13,2017-09-21,Lekko,21*09'000,51*23'256,12,Obszar zabudowany,Odcinek prosty,Droga krajowa,Dwie jezdnie jednokierunkowe,N,POWIAT RADOM,RADOM - OBSZAR MIEJSKI
1,0,0,2017,Opady deszczu,Zderzenie pojazdów tylne,Opady deszczu,Światło dzienne,"Wjazd, wyjazd z posesji, pola",EWK-106419825R,13,2017-09-21,Nieokreślone (puste pole),21*09'000,51*23'256,12,Obszar zabudowany,Odcinek prosty,Droga krajowa,Dwie jezdnie jednokierunkowe,N,POWIAT RADOM,RADOM - OBSZAR MIEJSKI
1,0,1,2017,Opady deszczu,Zderzenie pojazdów tylne,Opady deszczu,"Świt, zmrok",Jezdnia,EWK-105688277L,17,2017-03-20,Ciężko,20*41'570,52*55'490,617,Obszar niezabudowany,Odcinek prosty,Droga wojewódzka,Jednojezdniowa dwukierunkowa,N,POWIAT CIECHANOWSKI,OPINOGÓRA GÓRNA - OBSZAR WIEJSKI
1,0,0,2017,Opady deszczu,Zderzenie pojazdów tylne,Opady deszczu,"Świt, zmrok",Jezdnia,EWK-105688277L,17,2017-03-20,Nieokreślone (puste pole),20*41'570,52*55'490,617,Obszar niezabudowany,Odcinek prosty,Droga wojewódzka,Jednojezdniowa dwukierunkowa,N,POWIAT CIECHANOWSKI,OPINOGÓRA GÓRNA - OBSZAR WIEJSKI
1,0,1,2017,Opady deszczu,Zderzenie pojazdów tylne,Opady deszczu,"Świt, zmrok",Jezdnia,EWK-105789920M,20,2017-05-05,Lekko,21*13'234,51*07'030,9,Obszar zabudowany,,Droga krajowa,Jednojezdniowa dwukierunkowa,N,POWIAT RADOMSKI,IŁŻA - OBSZAR WIEJSKI
1,0,0,2017,Opady deszczu,Zderzenie pojazdów tylne,Opady deszczu,"Świt, zmrok",Jezdnia,EWK-105789920M,20,2017-05-05,Nieokreślone (puste pole),21*13'234,51*07'030,9,Obszar zabudowany,,Droga krajowa,Jednojezdniowa dwukierunkowa,N,POWIAT RADOMSKI,IŁŻA - OBSZAR WIEJSKI
1,0,1,2017,Opady deszczu,Zderzenie pojazdów tylne,Opady deszczu,"Świt, zmrok",Jezdnia,EWK-106442889H,5,2017-10-03,Lekko,22*13'190,52*25'274,P3966W,Obszar zabudowany,Odcinek prosty,Droga powiatowa,Jednojezdniowa dwukierunkowa,N,POWIAT SOKOŁOWSKI,SOKOŁÓW PODLASKI - OBSZAR MIEJSKI
1,0,0,2017,Opady deszczu,Zderzenie pojazdów tylne,Opady deszczu,"Świt, zmrok",Jezdnia,EWK-106442889H,5,2017-10-03,Nieokreślone (puste pole),22*13'190,52*25'274,P3966W,Obszar zabudowany,Odcinek prosty,Droga powiatowa,Jednojezdniowa dwukierunkowa,N,POWIAT SOKOŁOWSKI,SOKOŁÓW PODLASKI - OBSZAR MIEJSKI
1,0,1,2017,Opady deszczu,Zderzenie pojazdów tylne,Opady deszczu,"Świt, zmrok",Jezdnia,EWK-106521149T,16,2017-11-03,Lekko,21*32'989,51*09'234,747,Obszar zabudowany,Odcinek prosty,Droga wojewódzka,Jednojezdniowa dwukierunkowa,N,POWIAT LIPSKI,LIPSKO - OBSZAR WIEJSKI
1,0,0,2017,Opady deszczu,Zderzenie pojazdów tylne,Opady deszczu,"Świt, zmrok",Jezdnia,EWK-106521149T,16,2017-11-03,Nieokreślone (puste pole),21*32'989,51*09'234,747,Obszar zabudowany,Odcinek prosty,Droga wojewódzka,Jednojezdniowa dwukierunkowa,N,POWIAT LIPSKI,LIPSKO - OBSZAR WIEJSKI
1,0,1,2017,Opady deszczu,Zderzenie pojazdów tylne,Opady deszczu,"Świt, zmrok",Jezdnia,EWK-106588122C,16,2017-11-29,Lekko,20*24'248,52*22'359,705,Obszar zabudowany,Odcinek prosty,Droga wojewódzka,Jednojezdniowa dwukierunkowa,T,POWIAT SOCHACZEWSKI,SOCHACZEW - OBSZAR MIEJSKI
1,0,0,2017,Opady deszczu,Zderzenie pojazdów tylne,Opady deszczu,"Świt, zmrok",Jezdnia,EWK-106588122C,16,2017-11-29,Nieokreślone (puste pole),20*24'248,52*22'359,705,Obszar zabudowany,Odcinek prosty,Droga wojewódzka,Jednojezdniowa dwukierunkowa,T,POWIAT SOCHACZEWSKI,SOCHACZEW - OBSZAR MIEJSKI
1,0,1,2017,Opady deszczu,Zderzenie pojazdów tylne,Opady deszczu,"Świt, zmrok",Jezdnia,EWK-106589914X,16,2017-11-30,Lekko,19*45'426,52*33'067,G520048W,Obszar zabudowany,Odcinek prosty,Droga gminna,Jednojezdniowa dwukierunkowa,N,POWIAT PŁOCK,PŁOCK - OBSZAR MIEJSKI
1,0,0,2017,Opady deszczu,Zderzenie pojazdów tylne,Opady deszczu,"Świt, zmrok",Jezdnia,EWK-106589914X,16,2017-11-30,Nieokreślone (puste pole),19*45'426,52*33'067,G520048W,Obszar zabudowany,Odcinek prosty,Droga gminna,Jednojezdniowa dwukierunkowa,N,POWIAT PŁOCK,PŁOCK - OBSZAR MIEJSKI
1,0,2,2017,Opady deszczu,Zderzenie pojazdów tylne,Opady deszczu,"Świt, zmrok",Jezdnia,EWK-106633147E,15,2017-12-21,Lekko,20*19'525,52*07'331,50,Obszar niezabudowany,Odcinek prosty,Droga krajowa,Jednojezdniowa dwukierunkowa,T,POWIAT ŻYRARDOWSKI,WISKITKI - OBSZAR WIEJSKI
1,0,0,2017,Opady deszczu,Zderzenie pojazdów tylne,Opady deszczu,"Świt, zmrok",Jezdnia,EWK-106633147E,15,2017-12-21,Nieokreślone (puste pole),20*19'525,52*07'331,50,Obszar niezabudowany,Odcinek prosty,Droga krajowa,Jednojezdniowa dwukierunkowa,T,POWIAT ŻYRARDOWSKI,WISKITKI - OBSZAR WIEJSKI
1,0,1,2017,"Opady deszczu; Opady śniegu, gradu",Najechanie na pieszego,"Opady deszczu; Opady śniegu, gradu",Noc - droga oświetlona,Przejście dla pieszych,EWK-106619186N,17,2017-12-14,Lekko,21*04'492,52*41'510,P3435W,Obszar zabudowany,Odcinek prosty,Droga powiatowa,Jednojezdniowa dwukierunkowa,N,POWIAT PUŁTUSKI,PUŁTUSK - OBSZAR MIEJSKI
1,0,0,2017,"Opady deszczu; Opady śniegu, gradu",Najechanie na pieszego,"Opady deszczu; Opady śniegu, gradu",Noc - droga oświetlona,Przejście dla pieszych,EWK-106619186N,17,2017-12-14,Nieokreślone (puste pole),21*04'492,52*41'510,P3435W,Obszar zabudowany,Odcinek prosty,Droga powiatowa,Jednojezdniowa dwukierunkowa,N,POWIAT PUŁTUSKI,PUŁTUSK - OBSZAR MIEJSKI
1,0,1,2017,"Opady deszczu; Opady śniegu, gradu",Zderzenie pojazdów czołowe,"Opady deszczu; Opady śniegu, gradu",Światło dzienne,Jezdnia,EWK-106646550R,10,2017-12-29,Lekko,21*59'557,52*25'450,62,Obszar niezabudowany,,Droga krajowa,Jednojezdniowa dwukierunkowa,N,POWIAT WĘGROWSKI,LIW - OBSZAR WIEJSKI
1,0,0,2017,"Opady deszczu; Opady śniegu, gradu",Zderzenie pojazdów czołowe,"Opady deszczu; Opady śniegu, gradu",Światło dzienne,Jezdnia,EWK-106646550R,10,2017-12-29,Nieokreślone (puste pole),21*59'557,52*25'450,62,Obszar niezabudowany,,Droga krajowa,Jednojezdniowa dwukierunkowa,N,POWIAT WĘGROWSKI,LIW - OBSZAR WIEJSKI
1,0,2,2017,"Opady śniegu, gradu",Inne,"Opady śniegu, gradu",Noc - droga nieoświetlona,Jezdnia,EWK-105346206Y,20,2017-01-15,Lekko,21*33'246,51*45'166,31325W,Obszar zabudowany,Odcinek prosty,Droga powiatowa,Jednojezdniowa dwukierunkowa,N,POWIAT GARWOLIŃSKI,ŁASKARZEW - OBSZAR WIEJSKI
1,0,0,2017,"Opady śniegu, gradu",Inne,"Opady śniegu, gradu",Noc - droga nieoświetlona,Jezdnia,EWK-105346206Y,20,2017-01-15,Nieokreślone (puste pole),21*33'246,51*45'166,31325W,Obszar zabudowany,Odcinek prosty,Droga powiatowa,Jednojezdniowa dwukierunkowa,N,POWIAT GARWOLIŃSKI,ŁASKARZEW - OBSZAR WIEJSKI
1,0,1,2017,"Opady śniegu, gradu",Inne,"Opady śniegu, gradu",Noc - droga nieoświetlona,Jezdnia,EWK-106617779A,17,2017-12-14,Ciężko,21*16'582,52*50'567,61,Obszar niezabudowany,Odcinek prosty,Droga krajowa,Jednojezdniowa dwukierunkowa,N,POWIAT MAKOWSKI,RZEWNIE - OBSZAR WIEJSKI
1,0,0,2017,"Opady śniegu, gradu",Inne,"Opady śniegu, gradu",Noc - droga nieoświetlona,Jezdnia,EWK-106617779A,17,2017-12-14,Nieokreślone (puste pole),21*16'582,52*50'567,61,Obszar niezabudowany,Odcinek prosty,Droga krajowa,Jednojezdniowa dwukierunkowa,N,POWIAT MAKOWSKI,RZEWNIE - OBSZAR WIEJSKI
1,0,1,2017,"Opady śniegu, gradu",Inne,"Opady śniegu, gradu","Świt, zmrok",Jezdnia,EWK-106551939M,5,2017-11-20,Lekko,20*34'121,52*28'071,7,Obszar niezabudowany,Odcinek prosty,Droga krajowa,Dwie jezdnie jednokierunkowe,N,POWIAT PŁOŃSKI,ZAŁUSKI - OBSZAR WIEJSKI
1,0,0,2017,"Opady śniegu, gradu",Inne,"Opady śniegu, gradu","Świt, zmrok",Jezdnia,EWK-106551939M,5,2017-11-20,Nieokreślone (puste pole),20*34'121,52*28'071,7,Obszar niezabudowany,Odcinek prosty,Droga krajowa,Dwie jezdnie jednokierunkowe,N,POWIAT PŁOŃSKI,ZAŁUSKI - OBSZAR WIEJSKI
1,0,1,2017,"Opady śniegu, gradu",Najechanie na drzewo,"Opady śniegu, gradu",Noc - droga nieoświetlona,Jezdnia,EWK-105323932E,17,2017-01-04,Ciężko,21*05'307,53*07'015,P3234W,Obszar niezabudowany,Odcinek prosty,Droga powiatowa,Jednojezdniowa dwukierunkowa,T,POWIAT PRZASNYSKI,JEDNOROŻEC - OBSZAR WIEJSKI
1,0,1,2017,"Opady śniegu, gradu",Najechanie na drzewo,"Opady śniegu, gradu",Noc - droga nieoświetlona,Jezdnia,EWK-106590329Y,17,2017-11-30,Lekko,21*51'393,52*45'529,50,Obszar niezabudowany,Odcinek prosty,Droga krajowa,Jednojezdniowa dwukierunkowa,N,POWIAT OSTROWSKI,OSTRÓW MAZOWIECKA - OBSZAR WIEJSKI
1,0,1,2017,"Opady śniegu, gradu",Najechanie na drzewo,"Opady śniegu, gradu",Noc - droga nieoświetlona,Pobocze,EWK-105324406H,20,2017-01-04,Ciężko,22*48'266,52*07'125,02317W,Obszar niezabudowany,"Zakręt, łuk",Droga powiatowa,Jednojezdniowa dwukierunkowa,N,POWIAT ŁOSICKI,HUSZLEW - OBSZAR WIEJSKI
1,0,0,2017,"Opady śniegu, gradu",Najechanie na drzewo,"Opady śniegu, gradu",Noc - droga nieoświetlona,Pobocze,EWK-105324406H,20,2017-01-04,Nieokreślone (puste pole),22*48'266,52*07'125,02317W,Obszar niezabudowany,"Zakręt, łuk",Droga powiatowa,Jednojezdniowa dwukierunkowa,N,POWIAT ŁOSICKI,HUSZLEW - OBSZAR WIEJSKI
1,0,1,2017,"Opady śniegu, gradu",Najechanie na drzewo,"Opady śniegu, gradu",Światło dzienne,Jezdnia,EWK-105400832N,22,2017-02-06,Lekko,20*42'019,53*17'050,7,Obszar niezabudowany,Odcinek prosty,Droga krajowa,Jednojezdniowa dwukierunkowa,N,POWIAT MŁAWSKI,WIECZFNIA KOŚCIELNA - OBSZAR WIEJSKI
1,0,1,2017,"Opady śniegu, gradu",Najechanie na drzewo,"Opady śniegu, gradu",Światło dzienne,Jezdnia,EWK-105405921C,7,2017-02-07,Lekko,21*28'168,53*10'033,53,Obszar niezabudowany,Odcinek prosty,Droga krajowa,Jednojezdniowa dwukierunkowa,N,POWIAT OSTROŁĘCKI,KADZIDŁO - OBSZAR WIEJSKI
1,1,0,2017,"Opady śniegu, gradu",Najechanie na drzewo,"Opady śniegu, gradu",Światło dzienne,"Skarpa, rów",EWK-105319651U,12,2017-01-02,Nieokreślone (puste pole),22*05'454,52*32'411,P4219W,Obszar zabudowany,Odcinek prosty,Droga powiatowa,Jednojezdniowa dwukierunkowa,N,POWIAT SOKOŁOWSKI,KOSÓW LACKI - OBSZAR WIEJSKI
1,0,1,2017,"Opady śniegu, gradu",Najechanie na pieszego,"Opady śniegu, gradu",Noc - droga oświetlona,"Chodnik, droga dla pieszych",EWK-106589083K,6,2017-11-30,Lekko,21*27'541,51*34'226,P1711W,Obszar zabudowany,"Zakręt, łuk",Droga powiatowa,Jednojezdniowa dwukierunkowa,N,POWIAT KOZIENICKI,KOZIENICE - OBSZAR WIEJSKI
1,0,0,2017,"Opady śniegu, gradu",Najechanie na pieszego,"Opady śniegu, gradu",Noc - droga oświetlona,"Chodnik, droga dla pieszych",EWK-106589083K,6,2017-11-30,Nieokreślone (puste pole),21*27'541,51*34'226,P1711W,Obszar zabudowany,"Zakręt, łuk",Droga powiatowa,Jednojezdniowa dwukierunkowa,N,POWIAT KOZIENICKI,KOZIENICE - OBSZAR WIEJSKI
1,0,1,2017,"Opady śniegu, gradu",Najechanie na pieszego,"Opady śniegu, gradu",Noc - droga oświetlona,Jezdnia,EWK-105346728M,16,2017-01-15,Lekko,20*20'598,52*13'122,92,Obszar niezabudowany,Odcinek prosty,Droga krajowa,Jednojezdniowa dwukierunkowa,N,POWIAT SOCHACZEWSKI,SOCHACZEW - OBSZAR WIEJSKI
1,0,0,2017,"Opady śniegu, gradu",Najechanie na pieszego,"Opady śniegu, gradu",Noc - droga oświetlona,Jezdnia,EWK-105346728M,16,2017-01-15,Nieokreślone (puste pole),20*20'598,52*13'122,92,Obszar niezabudowany,Odcinek prosty,Droga krajowa,Jednojezdniowa dwukierunkowa,N,POWIAT SOCHACZEWSKI,SOCHACZEW - OBSZAR WIEJSKI
1,0,1,2017,"Opady śniegu, gradu",Najechanie na pieszego,"Opady śniegu, gradu",Światło dzienne,"Chodnik, droga dla pieszych",EWK-106591910J,9,2017-11-30,Lekko,21*51'031,52*24'532,P4226W,Obszar zabudowany,Spadek,Droga powiatowa,Jednojezdniowa dwukierunkowa,N,POWIAT WĘGROWSKI,KORYTNICA - OBSZAR WIEJSKI
1,0,0,2017,"Opady śniegu, gradu",Najechanie na pieszego,"Opady śniegu, gradu",Światło dzienne,"Chodnik, droga dla pieszych",EWK-106591910J,9,2017-11-30,Nieokreślone (puste pole),21*51'031,52*24'532,P4226W,Obszar zabudowany,Spadek,Droga powiatowa,Jednojezdniowa dwukierunkowa,N,POWIAT WĘGROWSKI,KORYTNICA - OBSZAR WIEJSKI
1,0,1,2017,"Opady śniegu, gradu",Najechanie na pieszego,"Opady śniegu, gradu",Światło dzienne,"Chodnik, droga dla pieszych",EWK-106629505U,8,2017-12-20,Lekko,21*10'070,51*23'584,P5347W,Obszar zabudowany,Odcinek prosty,Droga powiatowa,Jednojezdniowa dwukierunkowa,N,POWIAT RADOM,RADOM - OBSZAR MIEJSKI
1,0,0,2017,"Opady śniegu, gradu",Najechanie na pieszego,"Opady śniegu, gradu",Światło dzienne,"Chodnik, droga dla pieszych",EWK-106629505U,8,2017-12-20,Nieokreślone (puste pole),21*10'070,51*23'584,P5347W,Obszar zabudowany,Odcinek prosty,Droga powiatowa,Jednojezdniowa dwukierunkowa,N,POWIAT RADOM,RADOM - OBSZAR MIEJSKI
1,0,1,2017,"Opady śniegu, gradu",Najechanie na pieszego,"Opady śniegu, gradu",Światło dzienne,Jezdnia,EWK-106628400E,12,2017-12-20,Lekko,21*23'428,51*23'109,GMINNA,Obszar niezabudowany,Odcinek prosty,Droga gminna,Jednojezdniowa dwukierunkowa,N,POWIAT RADOMSKI,GÓZD - OBSZAR WIEJSKI
1,0,0,2017,"Opady śniegu, gradu",Najechanie na pieszego,"Opady śniegu, gradu",Światło dzienne,Jezdnia,EWK-106628400E,12,2017-12-20,Nieokreślone (puste pole),21*23'428,51*23'109,GMINNA,Obszar niezabudowany,Odcinek prosty,Droga gminna,Jednojezdniowa dwukierunkowa,N,POWIAT RADOMSKI,GÓZD - OBSZAR WIEJSKI
1,0,1,2017,"Opady śniegu, gradu",Najechanie na pieszego,"Opady śniegu, gradu","Świt, zmrok",Jezdnia,EWK-105321751F,15,2017-01-03,Ciężko,21*10'405,51*22'211,G530173W,Obszar zabudowany,Odcinek prosty,Droga gminna,Jednojezdniowa dwukierunkowa,N,POWIAT RADOM,RADOM - OBSZAR MIEJSKI
1,0,0,2017,"Opady śniegu, gradu",Najechanie na pieszego,"Opady śniegu, gradu","Świt, zmrok",Jezdnia,EWK-105321751F,15,2017-01-03,Nieokreślone (puste pole),21*10'405,51*22'211,G530173W,Obszar zabudowany,Odcinek prosty,Droga gminna,Jednojezdniowa dwukierunkowa,N,POWIAT RADOM,RADOM - OBSZAR MIEJSKI
1,0,1,2017,"Opady śniegu, gradu",Najechanie na pieszego,"Opady śniegu, gradu","Świt, zmrok",Jezdnia,EWK-106632820P,17,2017-12-21,Lekko,21*35'215,51*47'382,,Obszar zabudowany,,Nieokreślone (puste pole),Jednojezdniowa dwukierunkowa,N,POWIAT GARWOLIŃSKI,ŁASKARZEW - OBSZAR MIEJSKI
1,0,0,2017,"Opady śniegu, gradu",Najechanie na pieszego,"Opady śniegu, gradu","Świt, zmrok",Jezdnia,EWK-106632820P,17,2017-12-21,Nieokreślone (puste pole),21*35'215,51*47'382,,Obszar zabudowany,,Nieokreślone (puste pole),Jednojezdniowa dwukierunkowa,N,POWIAT GARWOLIŃSKI,ŁASKARZEW - OBSZAR MIEJSKI
1,0,1,2017,"Opady śniegu, gradu",Najechanie na pieszego,"Opady śniegu, gradu","Świt, zmrok",Przejście dla pieszych,EWK-106584541G,15,2017-11-28,Ciężko,21*06'057,52*52'060,57,Obszar zabudowany,Odcinek prosty,Droga krajowa,Jednojezdniowa dwukierunkowa,N,POWIAT MAKOWSKI,MAKÓW MAZOWIECKI - OBSZAR MIEJSKI
1,0,0,2017,"Opady śniegu, gradu",Najechanie na pieszego,"Opady śniegu, gradu","Świt, zmrok",Przejście dla pieszych,EWK-106584541G,15,2017-11-28,Nieokreślone (puste pole),21*06'057,52*52'060,57,Obszar zabudowany,Odcinek prosty,Droga krajowa,Jednojezdniowa dwukierunkowa,N,POWIAT MAKOWSKI,MAKÓW MAZOWIECKI - OBSZAR MIEJSKI
1,0,1,2017,"Opady śniegu, gradu",Najechanie na pojazd unieruchomiony,"Opady śniegu, gradu",Noc - droga nieoświetlona,Jezdnia,EWK-105403010Q,19,2017-02-07,Lekko,19*46'508,52*38'262,60,Obszar niezabudowany,Odcinek prosty,Droga krajowa,Jednojezdniowa dwukierunkowa,N,POWIAT PŁOCKI,BIELSK - OBSZAR WIEJSKI
1,0,0,2017,"Opady śniegu, gradu",Najechanie na pojazd unieruchomiony,"Opady śniegu, gradu",Noc - droga nieoświetlona,Jezdnia,EWK-105403010Q,19,2017-02-07,Nieokreślone (puste pole),19*46'508,52*38'262,60,Obszar niezabudowany,Odcinek prosty,Droga krajowa,Jednojezdniowa dwukierunkowa,N,POWIAT PŁOCKI,BIELSK - OBSZAR WIEJSKI
1,0,2,2017,"Opady śniegu, gradu","Najechanie na słup, znak","Opady śniegu, gradu",Noc - droga oświetlona,Jezdnia,EWK-105478741R,4,2017-02-25,Lekko,21*08'292,51*24'236,P5305W,Obszar zabudowany,Odcinek prosty,Droga powiatowa,Dwie jezdnie jednokierunkowe,N,POWIAT RADOM,RADOM - OBSZAR MIEJSKI
1,0,0,2017,"Opady śniegu, gradu","Najechanie na słup, znak","Opady śniegu, gradu",Noc - droga oświetlona,Jezdnia,EWK-105478741R,4,2017-02-25,Nieokreślone (puste pole),21*08'292,51*24'236,P5305W,Obszar zabudowany,Odcinek prosty,Droga powiatowa,Dwie jezdnie jednokierunkowe,N,POWIAT RADOM,RADOM - OBSZAR MIEJSKI
1,0,1,2017,"Opady śniegu, gradu",Wywrócenie się pojazdu,"Opady śniegu, gradu",Noc - droga oświetlona,Jezdnia,EWK-106619505J,21,2017-12-14,Lekko,19*33'185,52*42'481,2999W,Obszar zabudowany,"Zakręt, łuk",Droga powiatowa,Jednojezdniowa dwukierunkowa,N,POWIAT SIERPECKI,MOCHOWO - OBSZAR WIEJSKI
1,0,0,2017,"Opady śniegu, gradu",Wywrócenie się pojazdu,"Opady śniegu, gradu",Noc - droga oświetlona,Jezdnia,EWK-106619505J,21,2017-12-14,Nieokreślone (puste pole),19*33'185,52*42'481,2999W,Obszar zabudowany,"Zakręt, łuk",Droga powiatowa,Jednojezdniowa dwukierunkowa,N,POWIAT SIERPECKI,MOCHOWO - OBSZAR WIEJSKI
1,0,1,2017,"Opady śniegu, gradu",Wywrócenie się pojazdu,"Opady śniegu, gradu",Światło dzienne,Jezdnia,EWK-105344106J,9,2017-01-14,Lekko,21*23'255,51*29'096,737,Obszar niezabudowany,Odcinek prosty,Droga wojewódzka,Jednojezdniowa dwukierunkowa,N,POWIAT RADOMSKI,PIONKI - OBSZAR WIEJSKI
1,0,0,2017,"Opady śniegu, gradu",Wywrócenie się pojazdu,"Opady śniegu, gradu",Światło dzienne,Jezdnia,EWK-105344106J,9,2017-01-14,Nieokreślone (puste pole),21*23'255,51*29'096,737,Obszar niezabudowany,Odcinek prosty,Droga wojewódzka,Jednojezdniowa dwukierunkowa,N,POWIAT RADOMSKI,PIONKI - OBSZAR WIEJSKI
1,1,0,2017,"Opady śniegu, gradu",Wywrócenie się pojazdu,"Opady śniegu, gradu",Światło dzienne,Jezdnia,EWK-106589750L,13,2017-11-30,Nieokreślone (puste pole),20*31'258,52*31'359,7,Obszar niezabudowany,Odcinek prosty,Droga krajowa,Jednojezdniowa dwukierunkowa,N,POWIAT PŁOŃSKI,ZAŁUSKI - OBSZAR WIEJSKI
1,1,0,2017,"Opady śniegu, gradu",Wywrócenie się pojazdu,"Opady śniegu, gradu",Światło dzienne,Jezdnia,EWK-106590818Y,11,2017-11-30,Nieokreślone (puste pole),20*31'055,51*36'567,P0244T,Obszar zabudowany,Odcinek prosty,Droga powiatowa,Jednojezdniowa dwukierunkowa,N,POWIAT GRÓJECKI,NOWE MIASTO NAD PILICĄ - OBSZAR WIEJSKI
1,0,1,2017,"Opady śniegu, gradu",Wywrócenie się pojazdu,"Opady śniegu, gradu",Światło dzienne,Jezdnia,EWK-106621714P,11,2017-12-16,Lekko,19*35'116,52*50'374,P3726W,Obszar niezabudowany,"Zakręt, łuk",Droga powiatowa,Jednojezdniowa dwukierunkowa,N,POWIAT SIERPECKI,SIERPC - OBSZAR WIEJSKI
1,0,1,2017,"Opady śniegu, gradu",Zderzenie pojazdów boczne,"Opady śniegu, gradu",Noc - droga oświetlona,Jezdnia,EWK-106590066G,18,2017-11-30,Lekko,21*37'138,51*53'250,,Obszar zabudowany,,Nieokreślone (puste pole),Jednojezdniowa dwukierunkowa,N,POWIAT GARWOLIŃSKI,GARWOLIN - OBSZAR MIEJSKI
1,0,0,2017,"Opady śniegu, gradu",Zderzenie pojazdów boczne,"Opady śniegu, gradu",Noc - droga oświetlona,Jezdnia,EWK-106590066G,18,2017-11-30,Nieokreślone (puste pole),21*37'138,51*53'250,,Obszar zabudowany,,Nieokreślone (puste pole),Jednojezdniowa dwukierunkowa,N,POWIAT GARWOLIŃSKI,GARWOLIN - OBSZAR MIEJSKI
1,0,1,2017,"Opady śniegu, gradu",Zderzenie pojazdów boczne,"Opady śniegu, gradu",Światło dzienne,Jezdnia,EWK-105402076Q,14,2017-02-07,Lekko,19*43'298,52*33'019,567,Obszar zabudowany,,Droga wojewódzka,Jednojezdniowa dwukierunkowa,N,POWIAT PŁOCK,PŁOCK - OBSZAR MIEJSKI