Liczba wypadków,Liczba zabitych,Liczba rannych,Rok,Warunki atmosferyczne,Rodzaj zdarzenia,Warunki atmosferyczne,Oświetlenie,Charakterystyka miejsca zdarzenia,IDKSIP zdarzenia,Godzina,Dzień,Ranny,GPS x,GPS y,Numer drogi,Obszar,Geometria drogi,Kategoria drogi 1,Rodzaj drogi,Czy w zdarzeniu był sprawca nietrzeźwy,Powiat,Gmina
1,0,0,2017,"Opady śniegu, gradu",Zderzenie pojazdów boczne,"Opady śniegu, gradu",Światło dzienne,Jezdnia,EWK-105402076Q,14,2017-02-07,Nieokreślone (puste pole),19*43'298,52*33'019,567,Obszar zabudowany,,Droga wojewódzka,Jednojezdniowa dwukierunkowa,N,POWIAT PŁOCK,PŁOCK - OBSZAR MIEJSKI
1,0,1,2017,"Opady śniegu, gradu",Zderzenie pojazdów boczne,"Opady śniegu, gradu",Światło dzienne,Jezdnia,EWK-105759535N,5,2017-04-18,Lekko,20*56'018,51*12'320,P4015W,Obszar zabudowany,Odcinek prosty,Droga powiatowa,Jednojezdniowa dwukierunkowa,N,POWIAT SZYDŁOWIECKI,JASTRZĄB - OBSZAR WIEJSKI
1,0,0,2017,"Opady śniegu, gradu",Zderzenie pojazdów boczne,"Opady śniegu, gradu",Światło dzienne,Jezdnia,EWK-105759535N,5,2017-04-18,Nieokreślone (puste pole),20*56'018,51*12'320,P4015W,Obszar zabudowany,Odcinek prosty,Droga powiatowa,Jednojezdniowa dwukierunkowa,N,POWIAT SZYDŁOWIECKI,JASTRZĄB - OBSZAR WIEJSKI
1,0,1,2017,"Opady śniegu, gradu",Zderzenie pojazdów boczne,"Opady śniegu, gradu",Światło dzienne,Jezdnia,EWK-106633250H,13,2017-12-21,Lekko,21*26'183,52*35'332,G440598W,Obszar zabudowany,,Droga gminna,Jednojezdniowa dwukierunkowa,N,POWIAT WYSZKOWSKI,WYSZKÓW - OBSZAR MIEJSKI
1,0,0,2017,"Opady śniegu, gradu",Zderzenie pojazdów boczne,"Opady śniegu, gradu",Światło dzienne,Jezdnia,EWK-106633250H,13,2017-12-21,Nieokreślone (puste pole),21*26'183,52*35'332,G440598W,Obszar zabudowany,,Droga gminna,Jednojezdniowa dwukierunkowa,N,POWIAT WYSZKOWSKI,WYSZKÓW - OBSZAR MIEJSKI
1,0,2,2017,"Opady śniegu, gradu",Zderzenie pojazdów czołowe,"Opady śniegu, gradu",Noc - droga nieoświetlona,Jezdnia,EWK-105401208T,17,2017-02-05,Lekko,22*17'452,52*05'088,63,Obszar niezabudowany,"Zakręt, łuk",Droga krajowa,Jednojezdniowa dwukierunkowa,N,POWIAT SIEDLECKI,WIŚNIEW - OBSZAR WIEJSKI
1,0,0,2017,"Opady śniegu, gradu",Zderzenie pojazdów czołowe,"Opady śniegu, gradu",Noc - droga nieoświetlona,Jezdnia,EWK-105401208T,17,2017-02-05,Nieokreślone (puste pole),22*17'452,52*05'088,63,Obszar niezabudowany,"Zakręt, łuk",Droga krajowa,Jednojezdniowa dwukierunkowa,N,POWIAT SIEDLECKI,WIŚNIEW - OBSZAR WIEJSKI
1,0,1,2017,"Opady śniegu, gradu",Zderzenie pojazdów czołowe,"Opady śniegu, gradu",Noc - droga oświetlona,Jezdnia,EWK-105324036N,19,2017-01-04,Lekko,20*53'143,53*02'046,G320788W,Obszar zabudowany,Odcinek prosty,Droga gminna,Jednojezdniowa dwukierunkowa,N,POWIAT PRZASNYSKI,PRZASNYSZ - OBSZAR MIEJSKI
1,0,0,2017,"Opady śniegu, gradu",Zderzenie pojazdów czołowe,"Opady śniegu, gradu",Noc - droga oświetlona,Jezdnia,EWK-105324036N,19,2017-01-04,Nieokreślone (puste pole),20*53'143,53*02'046,G320788W,Obszar zabudowany,Odcinek prosty,Droga gminna,Jednojezdniowa dwukierunkowa,N,POWIAT PRZASNYSKI,PRZASNYSZ - OBSZAR MIEJSKI
1,0,2,2017,"Opady śniegu, gradu",Zderzenie pojazdów czołowe,"Opady śniegu, gradu",Światło dzienne,Jezdnia,EWK-105343260K,11,2017-01-13,Ciężko,20*54'545,52*57'530,P3238W  ,Obszar niezabudowany,"Zakręt, łuk",Droga powiatowa,Jednojezdniowa dwukierunkowa,N,POWIAT PRZASNYSKI,PRZASNYSZ - OBSZAR WIEJSKI
1,0,1,2017,"Opady śniegu, gradu",Zderzenie pojazdów czołowe,"Opady śniegu, gradu",Światło dzienne,Jezdnia,EWK-105393372A,10,2017-02-02,Lekko,21*03'350,51*16'103,P3557W,Obszar niezabudowany,Odcinek prosty,Droga powiatowa,Jednojezdniowa dwukierunkowa,N,POWIAT RADOMSKI,WIERZBICA - OBSZAR WIEJSKI
1,0,0,2017,"Opady śniegu, gradu",Zderzenie pojazdów czołowe,"Opady śniegu, gradu",Światło dzienne,Jezdnia,EWK-105393372A,10,2017-02-02,Nieokreślone (puste pole),21*03'350,51*16'103,P3557W,Obszar niezabudowany,Odcinek prosty,Droga powiatowa,Jednojezdniowa dwukierunkowa,N,POWIAT RADOMSKI,WIERZBICA - OBSZAR WIEJSKI
1,0,1,2017,"Opady śniegu, gradu",Zderzenie pojazdów czołowe,"Opady śniegu, gradu",Światło dzienne,Jezdnia,EWK-105393596Y,13,2017-02-02,Lekko,21*13'518,51*42'427,730,Obszar niezabudowany,"Zakręt, łuk",Droga wojewódzka,Jednojezdniowa dwukierunkowa,N,POWIAT KOZIENICKI,GRABÓW NAD PILICĄ - OBSZAR WIEJSKI
1,0,0,2017,"Opady śniegu, gradu",Zderzenie pojazdów czołowe,"Opady śniegu, gradu",Światło dzienne,Jezdnia,EWK-105393596Y,13,2017-02-02,Nieokreślone (puste pole),21*13'518,51*42'427,730,Obszar niezabudowany,"Zakręt, łuk",Droga wojewódzka,Jednojezdniowa dwukierunkowa,N,POWIAT KOZIENICKI,GRABÓW NAD PILICĄ - OBSZAR WIEJSKI
1,0,2,2017,"Opady śniegu, gradu",Zderzenie pojazdów czołowe,"Opady śniegu, gradu",Światło dzienne,Jezdnia,EWK-105394309F,7,2017-02-02,Lekko,20*55'284,51*25'072,P3503W,Obszar niezabudowany,Odcinek prosty,Droga powiatowa,Jednojezdniowa dwukierunkowa,N,POWIAT RADOMSKI,WOLANÓW - OBSZAR WIEJSKI
1,0,1,2017,"Opady śniegu, gradu",Zderzenie pojazdów czołowe,"Opady śniegu, gradu",Światło dzienne,Jezdnia,EWK-105411089P,14,2017-02-09,Ciężko,21*50'590,52*28'315,62,Obszar zabudowany,"Zakręt, łuk",Droga krajowa,Jednojezdniowa dwukierunkowa,N,POWIAT WĘGROWSKI,ŁOCHÓW - OBSZAR WIEJSKI
1,0,0,2017,"Opady śniegu, gradu",Zderzenie pojazdów czołowe,"Opady śniegu, gradu",Światło dzienne,Jezdnia,EWK-105411089P,14,2017-02-09,Nieokreślone (puste pole),21*50'590,52*28'315,62,Obszar zabudowany,"Zakręt, łuk",Droga krajowa,Jednojezdniowa dwukierunkowa,N,POWIAT WĘGROWSKI,ŁOCHÓW - OBSZAR WIEJSKI
1,0,1,2017,"Opady śniegu, gradu",Zderzenie pojazdów czołowe,"Opady śniegu, gradu",Światło dzienne,Jezdnia,EWK-106587565A,10,2017-11-30,Lekko,21*14'226,51*52'519,GMINNA,Obszar zabudowany,"Zakręt, łuk",Droga gminna,Jednojezdniowa dwukierunkowa,N,POWIAT GRÓJECKI,WARKA - OBSZAR WIEJSKI
1,0,0,2017,"Opady śniegu, gradu",Zderzenie pojazdów czołowe,"Opady śniegu, gradu",Światło dzienne,Jezdnia,EWK-106587565A,10,2017-11-30,Nieokreślone (puste pole),21*14'226,51*52'519,GMINNA,Obszar zabudowany,"Zakręt, łuk",Droga gminna,Jednojezdniowa dwukierunkowa,N,POWIAT GRÓJECKI,WARKA - OBSZAR WIEJSKI
1,0,1,2017,"Opady śniegu, gradu",Zderzenie pojazdów czołowe,"Opady śniegu, gradu",Światło dzienne,Jezdnia,EWK-106588794C,8,2017-11-30,Lekko,21*47'470,51*43'312,17,Obszar zabudowany,"Zakręt, łuk",Droga krajowa,Jednojezdniowa dwukierunkowa,N,POWIAT GARWOLIŃSKI,TROJANÓW - OBSZAR WIEJSKI
1,0,0,2017,"Opady śniegu, gradu",Zderzenie pojazdów czołowe,"Opady śniegu, gradu",Światło dzienne,Jezdnia,EWK-106588794C,8,2017-11-30,Nieokreślone (puste pole),21*47'470,51*43'312,17,Obszar zabudowany,"Zakręt, łuk",Droga krajowa,Jednojezdniowa dwukierunkowa,N,POWIAT GARWOLIŃSKI,TROJANÓW - OBSZAR WIEJSKI
1,0,1,2017,"Opady śniegu, gradu",Zderzenie pojazdów czołowe,"Opady śniegu, gradu",Światło dzienne,Jezdnia,EWK-106589303W,7,2017-11-30,Lekko,21*04'143,51*14'286,GMINNA,Obszar niezabudowany,Odcinek prosty,Droga gminna,Jednojezdniowa dwukierunkowa,N,POWIAT RADOMSKI,WIERZBICA - OBSZAR WIEJSKI
1,0,0,2017,"Opady śniegu, gradu",Zderzenie pojazdów czołowe,"Opady śniegu, gradu",Światło dzienne,Jezdnia,EWK-106589303W,7,2017-11-30,Nieokreślone (puste pole),21*04'143,51*14'286,GMINNA,Obszar niezabudowany,Odcinek prosty,Droga gminna,Jednojezdniowa dwukierunkowa,N,POWIAT RADOMSKI,WIERZBICA - OBSZAR WIEJSKI
1,0,2,2017,"Opady śniegu, gradu",Zderzenie pojazdów czołowe,"Opady śniegu, gradu",Światło dzienne,Jezdnia,EWK-106590114H,13,2017-11-30,Lekko,20*57'450,52*38'501,571,Obszar zabudowany,Odcinek prosty,Droga wojewódzka,Jednojezdniowa dwukierunkowa,N,POWIAT PUŁTUSKI,WINNICA - OBSZAR WIEJSKI
1,0,1,2017,"Opady śniegu, gradu",Zderzenie pojazdów czołowe,"Opady śniegu, gradu",Światło dzienne,Jezdnia,EWK-106627304L,14,2017-12-19,Lekko,22*04'271,52*19'477,696,Obszar niezabudowany,"Zakręt, łuk",Droga wojewódzka,Jednojezdniowa dwukierunkowa,N,POWIAT WĘGROWSKI,LIW - OBSZAR WIEJSKI
1,0,0,2017,"Opady śniegu, gradu",Zderzenie pojazdów czołowe,"Opady śniegu, gradu",Światło dzienne,Jezdnia,EWK-106627304L,14,2017-12-19,Nieokreślone (puste pole),22*04'271,52*19'477,696,Obszar niezabudowany,"Zakręt, łuk",Droga wojewódzka,Jednojezdniowa dwukierunkowa,N,POWIAT WĘGROWSKI,LIW - OBSZAR WIEJSKI
1,0,1,2017,"Opady śniegu, gradu",Zderzenie pojazdów czołowe,"Opady śniegu, gradu","Świt, zmrok",Jezdnia,EWK-105346525F,6,2017-01-13,Lekko,20*37'262,51*21'344,12,Obszar zabudowany,,Droga krajowa,Jednojezdniowa dwukierunkowa,N,POWIAT PRZYSUSKI,PRZYSUCHA - OBSZAR MIEJSKI
1,0,0,2017,"Opady śniegu, gradu",Zderzenie pojazdów czołowe,"Opady śniegu, gradu","Świt, zmrok",Jezdnia,EWK-105346525F,6,2017-01-13,Nieokreślone (puste pole),20*37'262,51*21'344,12,Obszar zabudowany,,Droga krajowa,Jednojezdniowa dwukierunkowa,N,POWIAT PRZYSUSKI,PRZYSUCHA - OBSZAR MIEJSKI
1,0,1,2017,"Opady śniegu, gradu",Zderzenie pojazdów czołowe,"Opady śniegu, gradu","Świt, zmrok",Jezdnia,EWK-106590657P,6,2017-12-01,Ciężko,21*01'439,52*47'112,3238W,Obszar zabudowany,Odcinek prosty,Droga powiatowa,Jednojezdniowa dwukierunkowa,N,POWIAT MAKOWSKI,KARNIEWO - OBSZAR WIEJSKI
1,0,1,2017,"Opady śniegu, gradu",Zderzenie pojazdów czołowe,"Opady śniegu, gradu","Świt, zmrok",Jezdnia,EWK-106590657P,6,2017-12-01,Lekko,21*01'439,52*47'112,3238W,Obszar zabudowany,Odcinek prosty,Droga powiatowa,Jednojezdniowa dwukierunkowa,N,POWIAT MAKOWSKI,KARNIEWO - OBSZAR WIEJSKI
1,0,0,2017,"Opady śniegu, gradu",Zderzenie pojazdów czołowe,"Opady śniegu, gradu","Świt, zmrok",Jezdnia,EWK-106590657P,6,2017-12-01,Nieokreślone (puste pole),21*01'439,52*47'112,3238W,Obszar zabudowany,Odcinek prosty,Droga powiatowa,Jednojezdniowa dwukierunkowa,N,POWIAT MAKOWSKI,KARNIEWO - OBSZAR WIEJSKI
1,0,1,2017,"Opady śniegu, gradu",Zderzenie pojazdów tylne,"Opady śniegu, gradu",Światło dzienne,Jezdnia,EWK-105405739N,15,2017-02-08,Lekko,20*11'578,52*12'588,92,Obszar niezabudowany,Odcinek prosty,Droga krajowa,Jednojezdniowa dwukierunkowa,N,POWIAT SOCHACZEWSKI,SOCHACZEW - OBSZAR WIEJSKI
1,0,0,2017,"Opady śniegu, gradu",Zderzenie pojazdów tylne,"Opady śniegu, gradu",Światło dzienne,Jezdnia,EWK-105405739N,15,2017-02-08,Nieokreślone (puste pole),20*11'578,52*12'588,92,Obszar niezabudowany,Odcinek prosty,Droga krajowa,Jednojezdniowa dwukierunkowa,N,POWIAT SOCHACZEWSKI,SOCHACZEW - OBSZAR WIEJSKI
1,0,1,2017,"Opady śniegu, gradu",Zderzenie pojazdów tylne,"Opady śniegu, gradu",Światło dzienne,Jezdnia,EWK-105761966R,7,2017-04-19,Lekko,21*19'017,51*23'062,12,Obszar niezabudowany,Odcinek prosty,Droga krajowa,Jednojezdniowa dwukierunkowa,N,POWIAT RADOMSKI,GÓZD - OBSZAR WIEJSKI
1,0,0,2017,"Opady śniegu, gradu",Zderzenie pojazdów tylne,"Opady śniegu, gradu",Światło dzienne,Jezdnia,EWK-105761966R,7,2017-04-19,Nieokreślone (puste pole),21*19'017,51*23'062,12,Obszar niezabudowany,Odcinek prosty,Droga krajowa,Jednojezdniowa dwukierunkowa,N,POWIAT RADOMSKI,GÓZD - OBSZAR WIEJSKI
1,0,1,2017,Oślepiające słońce,Najechanie na barierę ochronną,Oślepiające słońce,Światło dzienne,Pobocze,EWK-106051519Y,12,2017-06-19,Ciężko,20*56'107,51*41'050,S7D,Obszar niezabudowany,"Zakręt, łuk",Droga krajowa,Ekspresowa,N,POWIAT BIAŁOBRZESKI,BIAŁOBRZEGI - OBSZAR WIEJSKI
1,0,0,2017,Oślepiające słońce,Najechanie na barierę ochronną,Oślepiające słońce,Światło dzienne,Pobocze,EWK-106051519Y,12,2017-06-19,Nieokreślone (puste pole),20*56'107,51*41'050,S7D,Obszar niezabudowany,"Zakręt, łuk",Droga krajowa,Ekspresowa,N,POWIAT BIAŁOBRZESKI,BIAŁOBRZEGI - OBSZAR WIEJSKI
1,0,1,2017,Oślepiające słońce,Najechanie na drzewo,Oślepiające słońce,Światło dzienne,Jezdnia,EWK-106038729C,4,2017-06-15,Ciężko,21*42'016,53*00'554,627,Obszar niezabudowany,Odcinek prosty,Droga wojewódzka,Jednojezdniowa dwukierunkowa,N,POWIAT OSTROŁĘCKI,TROSZYN - OBSZAR WIEJSKI
1,1,0,2017,Oślepiające słońce,Najechanie na drzewo,Oślepiające słońce,Światło dzienne,Jezdnia,EWK-106038729C,4,2017-06-15,Nieokreślone (puste pole),21*42'016,53*00'554,627,Obszar niezabudowany,Odcinek prosty,Droga wojewódzka,Jednojezdniowa dwukierunkowa,N,POWIAT OSTROŁĘCKI,TROSZYN - OBSZAR WIEJSKI
1,1,0,2017,Oślepiające słońce,Najechanie na drzewo,Oślepiające słońce,Światło dzienne,Jezdnia,EWK-106312882T,20,2017-08-10,Nieokreślone (puste pole),20*13'201,52*59'135,P2341W,Obszar niezabudowany,"Zakręt, łuk",Droga powiatowa,Jednojezdniowa dwukierunkowa,N,POWIAT MŁAWSKI,SZREŃSK - OBSZAR WIEJSKI
1,0,1,2017,Oślepiające słońce,Najechanie na pieszego,Oślepiające słońce,Światło dzienne,"Chodnik, droga dla pieszych",EWK-106313383M,16,2017-08-11,Lekko,21*09'152,51*24'081,G530033W,Obszar zabudowany,,Droga gminna,Jednojezdniowa dwukierunkowa,N,POWIAT RADOM,RADOM - OBSZAR MIEJSKI
1,0,0,2017,Oślepiające słońce,Najechanie na pieszego,Oślepiające słońce,Światło dzienne,"Chodnik, droga dla pieszych",EWK-106313383M,16,2017-08-11,Nieokreślone (puste pole),21*09'152,51*24'081,G530033W,Obszar zabudowany,,Droga gminna,Jednojezdniowa dwukierunkowa,N,POWIAT RADOM,RADOM - OBSZAR MIEJSKI
1,0,1,2017,Oślepiające słońce,Najechanie na pieszego,Oślepiające słońce,Światło dzienne,Jezdnia,EWK-105927627U,17,2017-05-27,Ciężko,19*41'331,52*33'281,I2,Obszar zabudowany,Odcinek prosty,Inna,Jednojezdniowa dwukierunkowa,N,POWIAT PŁOCK,PŁOCK - OBSZAR MIEJSKI
1,0,0,2017,Oślepiające słońce,Najechanie na pieszego,Oślepiające słońce,Światło dzienne,Jezdnia,EWK-105927627U,17,2017-05-27,Nieokreślone (puste pole),19*41'331,52*33'281,I2,Obszar zabudowany,Odcinek prosty,Inna,Jednojezdniowa dwukierunkowa,N,POWIAT PŁOCK,PŁOCK - OBSZAR MIEJSKI
1,0,1,2017,Oślepiające słońce,Najechanie na pieszego,Oślepiające słońce,Światło dzienne,Jezdnia,EWK-106299745K,15,2017-08-02,Ciężko,21*02'512,51*26'573,P3507W,Obszar zabudowany,Odcinek prosty,Droga powiatowa,Jednojezdniowa dwukierunkowa,N,POWIAT RADOMSKI,ZAKRZEW - OBSZAR WIEJSKI
1,0,0,2017,Oślepiające słońce,Najechanie na pieszego,Oślepiające słońce,Światło dzienne,Jezdnia,EWK-106299745K,15,2017-08-02,Nieokreślone (puste pole),21*02'512,51*26'573,P3507W,Obszar zabudowany,Odcinek prosty,Droga powiatowa,Jednojezdniowa dwukierunkowa,N,POWIAT RADOMSKI,ZAKRZEW - OBSZAR WIEJSKI
1,0,1,2017,Oślepiające słońce,Najechanie na pieszego,Oślepiające słońce,Światło dzienne,Jezdnia,EWK-106316347F,19,2017-08-13,Ciężko,19*59'051,52*44'384,10,Obszar zabudowany,,Droga krajowa,Jednojezdniowa dwukierunkowa,N,POWIAT PŁOCKI,DROBIN - OBSZAR MIEJSKI
1,0,0,2017,Oślepiające słońce,Najechanie na pieszego,Oślepiające słońce,Światło dzienne,Jezdnia,EWK-106316347F,19,2017-08-13,Nieokreślone (puste pole),19*59'051,52*44'384,10,Obszar zabudowany,,Droga krajowa,Jednojezdniowa dwukierunkowa,N,POWIAT PŁOCKI,DROBIN - OBSZAR MIEJSKI
1,0,1,2017,Oślepiające słońce,Najechanie na pieszego,Oślepiające słońce,Światło dzienne,Jezdnia,EWK-106474913U,8,2017-10-16,Lekko,20*51'319,51*13'425,P3561W,Obszar zabudowany,Odcinek prosty,Droga powiatowa,Jednojezdniowa dwukierunkowa,N,POWIAT SZYDŁOWIECKI,SZYDŁOWIEC - OBSZAR MIEJSKI
1,0,0,2017,Oślepiające słońce,Najechanie na pieszego,Oślepiające słońce,Światło dzienne,Jezdnia,EWK-106474913U,8,2017-10-16,Nieokreślone (puste pole),20*51'319,51*13'425,P3561W,Obszar zabudowany,Odcinek prosty,Droga powiatowa,Jednojezdniowa dwukierunkowa,N,POWIAT SZYDŁOWIECKI,SZYDŁOWIEC - OBSZAR MIEJSKI
1,0,1,2017,Oślepiające słońce,Najechanie na pieszego,Oślepiające słońce,Światło dzienne,Przejście dla pieszych,EWK-105385810R,12,2017-01-29,Ciężko,19*41'560,52*33'046,5210W,Obszar zabudowany,,Droga powiatowa,Jednojezdniowa dwukierunkowa,N,POWIAT PŁOCK,PŁOCK - OBSZAR MIEJSKI
1,0,0,2017,Oślepiające słońce,Najechanie na pieszego,Oślepiające słońce,Światło dzienne,Przejście dla pieszych,EWK-105385810R,12,2017-01-29,Nieokreślone (puste pole),19*41'560,52*33'046,5210W,Obszar zabudowany,,Droga powiatowa,Jednojezdniowa dwukierunkowa,N,POWIAT PŁOCK,PŁOCK - OBSZAR MIEJSKI
1,0,1,2017,Oślepiające słońce,Najechanie na pieszego,Oślepiające słońce,Światło dzienne,Przejście dla pieszych,EWK-106233056G,15,2017-07-12,Lekko,21*09'156,51*24'413,P5339W,Obszar zabudowany,,Droga powiatowa,Dwie jezdnie jednokierunkowe,N,POWIAT RADOM,RADOM - OBSZAR MIEJSKI
1,0,0,2017,Oślepiające słońce,Najechanie na pieszego,Oślepiające słońce,Światło dzienne,Przejście dla pieszych,EWK-106233056G,15,2017-07-12,Nieokreślone (puste pole),21*09'156,51*24'413,P5339W,Obszar zabudowany,,Droga powiatowa,Dwie jezdnie jednokierunkowe,N,POWIAT RADOM,RADOM - OBSZAR MIEJSKI
1,0,1,2017,Oślepiające słońce,Najechanie na pieszego,Oślepiające słońce,Światło dzienne,Przejście dla pieszych,EWK-106352394F,10,2017-08-31,Lekko,21*09'275,51*22'471,P3539W,Obszar zabudowany,,Droga powiatowa,Jednojezdniowa dwukierunkowa,N,POWIAT RADOM,RADOM - OBSZAR MIEJSKI
1,0,0,2017,Oślepiające słońce,Najechanie na pieszego,Oślepiające słońce,Światło dzienne,Przejście dla pieszych,EWK-106352394F,10,2017-08-31,Nieokreślone (puste pole),21*09'275,51*22'471,P3539W,Obszar zabudowany,,Droga powiatowa,Jednojezdniowa dwukierunkowa,N,POWIAT RADOM,RADOM - OBSZAR MIEJSKI
1,0,1,2017,Oślepiające słońce,Najechanie na pieszego,Oślepiające słońce,Światło dzienne,Przejście dla pieszych,EWK-106540140L,8,2017-11-14,Lekko,21*34'057,53*04'570,4403W,Obszar zabudowany,Odcinek prosty,Droga powiatowa,Jednokierunkowa,N,POWIAT OSTROŁĘKA,OSTROŁĘKA - OBSZAR MIEJSKI
1,0,0,2017,Oślepiające słońce,Najechanie na pieszego,Oślepiające słońce,Światło dzienne,Przejście dla pieszych,EWK-106540140L,8,2017-11-14,Nieokreślone (puste pole),21*34'057,53*04'570,4403W,Obszar zabudowany,Odcinek prosty,Droga powiatowa,Jednokierunkowa,N,POWIAT OSTROŁĘKA,OSTROŁĘKA - OBSZAR MIEJSKI
1,0,1,2017,Oślepiające słońce,Najechanie na pieszego,Oślepiające słońce,Światło dzienne,Przejście dla pieszych,EWK-106578889U,10,2017-11-24,Lekko,22*01'117,52*23'545,P4229W,Obszar zabudowany,Odcinek prosty,Droga powiatowa,Jednojezdniowa dwukierunkowa,N,POWIAT WĘGROWSKI,WĘGRÓW - OBSZAR MIEJSKI
1,0,0,2017,Oślepiające słońce,Najechanie na pieszego,Oślepiające słońce,Światło dzienne,Przejście dla pieszych,EWK-106578889U,10,2017-11-24,Nieokreślone (puste pole),22*01'117,52*23'545,P4229W,Obszar zabudowany,Odcinek prosty,Droga powiatowa,Jednojezdniowa dwukierunkowa,N,POWIAT WĘGROWSKI,WĘGRÓW - OBSZAR MIEJSKI
1,0,1,2017,Oślepiające słońce,Najechanie na pojazd unieruchomiony,Oślepiające słońce,Światło dzienne,Jezdnia,EWK-105924379K,16,2017-05-28,Lekko,20*37'063,53*11'448,P2370W,Obszar zabudowany,Odcinek prosty,Droga powiatowa,Jednojezdniowa dwukierunkowa,N,POWIAT MŁAWSKI,MŁAWA - OBSZAR MIEJSKI
1,0,0,2017,Oślepiające słońce,Najechanie na pojazd unieruchomiony,Oślepiające słońce,Światło dzienne,Jezdnia,EWK-105924379K,16,2017-05-28,Nieokreślone (puste pole),20*37'063,53*11'448,P2370W,Obszar zabudowany,Odcinek prosty,Droga powiatowa,Jednojezdniowa dwukierunkowa,N,POWIAT MŁAWSKI,MŁAWA - OBSZAR MIEJSKI
1,0,1,2017,Oślepiające słońce,Wywrócenie się pojazdu,Oślepiające słońce,Światło dzienne,Jezdnia,EWK-105915130E,11,2017-05-23,Ciężko,21*03'227,51*20'370,GMINNA,Obszar zabudowany,Odcinek prosty,Droga gminna,Jednojezdniowa dwukierunkowa,N,POWIAT RADOMSKI,KOWALA - OBSZAR WIEJSKI
1,0,1,2017,Oślepiające słońce,Wywrócenie się pojazdu,Oślepiające słońce,Światło dzienne,Jezdnia,EWK-105915952Y,7,2017-05-23,Lekko,21*04'552,52*51'593,P3206W,Obszar zabudowany,Odcinek prosty,Droga powiatowa,Jednojezdniowa dwukierunkowa,N,POWIAT MAKOWSKI,MAKÓW MAZOWIECKI - OBSZAR MIEJSKI
1,0,1,2017,Oślepiające słońce,Zderzenie pojazdów boczne,Oślepiające słońce,Światło dzienne,Jezdnia,EWK-105687053K,7,2017-03-17,Lekko,20*56'593,51*17'011,7,Obszar niezabudowany,Odcinek prosty,Droga krajowa,Jednojezdniowa dwukierunkowa,N,POWIAT SZYDŁOWIECKI,OROŃSKO - OBSZAR WIEJSKI
1,0,0,2017,Oślepiające słońce,Zderzenie pojazdów boczne,Oślepiające słońce,Światło dzienne,Jezdnia,EWK-105687053K,7,2017-03-17,Nieokreślone (puste pole),20*56'593,51*17'011,7,Obszar niezabudowany,Odcinek prosty,Droga krajowa,Jednojezdniowa dwukierunkowa,N,POWIAT SZYDŁOWIECKI,OROŃSKO - OBSZAR WIEJSKI
1,0,3,2017,Oślepiające słońce,Zderzenie pojazdów boczne,Oślepiające słońce,Światło dzienne,Jezdnia,EWK-105714645U,14,2017-03-26,Lekko,21*38'315,51*11'453,79,Obszar niezabudowany,Odcinek prosty,Droga krajowa,Jednojezdniowa dwukierunkowa,N,POWIAT LIPSKI,LIPSKO - OBSZAR WIEJSKI
1,0,0,2017,Oślepiające słońce,Zderzenie pojazdów boczne,Oślepiające słońce,Światło dzienne,Jezdnia,EWK-105714645U,14,2017-03-26,Nieokreślone (puste pole),21*38'315,51*11'453,79,Obszar niezabudowany,Odcinek prosty,Droga krajowa,Jednojezdniowa dwukierunkowa,N,POWIAT LIPSKI,LIPSKO - OBSZAR WIEJSKI
1,0,2,2017,Oślepiające słońce,Zderzenie pojazdów boczne,Oślepiające słońce,Światło dzienne,Jezdnia,EWK-105714661N,13,2017-03-26,Lekko,21*34'537,53*04'592,P5112W,Obszar zabudowany,Odcinek prosty,Droga powiatowa,Jednojezdniowa dwukierunkowa,N,POWIAT OSTROŁĘKA,OSTROŁĘKA - OBSZAR MIEJSKI
1,0,0,2017,Oślepiające słońce,Zderzenie pojazdów boczne,Oślepiające słońce,Światło dzienne,Jezdnia,EWK-105714661N,13,2017-03-26,Nieokreślone (puste pole),21*34'537,53*04'592,P5112W,Obszar zabudowany,Odcinek prosty,Droga powiatowa,Jednojezdniowa dwukierunkowa,N,POWIAT OSTROŁĘKA,OSTROŁĘKA - OBSZAR MIEJSKI
1,0,1,2017,Oślepiające słońce,Zderzenie pojazdów boczne,Oślepiające słońce,Światło dzienne,Jezdnia,EWK-105731785A,10,2017-04-01,Lekko,21*09'482,51*27'101,P5301W,Obszar zabudowany,,Droga powiatowa,Jednojezdniowa dwukierunkowa,N,POWIAT RADOM,RADOM - OBSZAR MIEJSKI
1,0,0,2017,Oślepiające słońce,Zderzenie pojazdów boczne,Oślepiające słońce,Światło dzienne,Jezdnia,EWK-105731785A,10,2017-04-01,Nieokreślone (puste pole),21*09'482,51*27'101,P5301W,Obszar zabudowany,,Droga powiatowa,Jednojezdniowa dwukierunkowa,N,POWIAT RADOM,RADOM - OBSZAR MIEJSKI
1,0,1,2017,Oślepiające słońce,Zderzenie pojazdów boczne,Oślepiające słońce,Światło dzienne,Jezdnia,EWK-105790468Y,14,2017-05-06,Ciężko,20*17'361,52*41'180,P3028W,Obszar niezabudowany,,Droga powiatowa,Jednojezdniowa dwukierunkowa,N,POWIAT PŁOŃSKI,BABOSZEWO - OBSZAR WIEJSKI