Liczba wypadków,Liczba zabitych,Liczba rannych,Rok,Warunki atmosferyczne,Rodzaj zdarzenia,Warunki atmosferyczne,Oświetlenie,Charakterystyka miejsca zdarzenia,IDKSIP zdarzenia,Godzina,Dzień,Ranny,GPS x,GPS y,Numer drogi,Obszar,Geometria drogi,Kategoria drogi 1,Rodzaj drogi,Czy w zdarzeniu był sprawca nietrzeźwy,Powiat,Gmina
1,0,0,2017,Oślepiające słońce,Zderzenie pojazdów boczne,Oślepiające słońce,Światło dzienne,Jezdnia,EWK-105790468Y,14,2017-05-06,Nieokreślone (puste pole),20*17'361,52*41'180,P3028W,Obszar niezabudowany,,Droga powiatowa,Jednojezdniowa dwukierunkowa,N,POWIAT PŁOŃSKI,BABOSZEWO - OBSZAR WIEJSKI
1,0,1,2017,Oślepiające słońce,Zderzenie pojazdów boczne,Oślepiające słońce,Światło dzienne,Jezdnia,EWK-105804704Q,13,2017-05-13,Lekko,20*54'510,51*40'154,P1104W,Obszar zabudowany,,Droga powiatowa,Jednojezdniowa dwukierunkowa,N,POWIAT BIAŁOBRZESKI,PROMNA - OBSZAR WIEJSKI
1,0,0,2017,Oślepiające słońce,Zderzenie pojazdów boczne,Oślepiające słońce,Światło dzienne,Jezdnia,EWK-105804704Q,13,2017-05-13,Nieokreślone (puste pole),20*54'510,51*40'154,P1104W,Obszar zabudowany,,Droga powiatowa,Jednojezdniowa dwukierunkowa,N,POWIAT BIAŁOBRZESKI,PROMNA - OBSZAR WIEJSKI
1,0,1,2017,Oślepiające słońce,Zderzenie pojazdów boczne,Oślepiające słońce,Światło dzienne,Jezdnia,EWK-105909002W,6,2017-05-18,Ciężko,20*13'142,52*37'423,10,Obszar zabudowany,,Droga krajowa,Jednojezdniowa dwukierunkowa,N,POWIAT PŁOŃSKI,DZIERZĄŻNIA - OBSZAR WIEJSKI
1,0,0,2017,Oślepiające słońce,Zderzenie pojazdów boczne,Oślepiające słońce,Światło dzienne,Jezdnia,EWK-105909002W,6,2017-05-18,Nieokreślone (puste pole),20*13'142,52*37'423,10,Obszar zabudowany,,Droga krajowa,Jednojezdniowa dwukierunkowa,N,POWIAT PŁOŃSKI,DZIERZĄŻNIA - OBSZAR WIEJSKI
1,0,1,2017,Oślepiające słońce,Zderzenie pojazdów boczne,Oślepiające słońce,Światło dzienne,Jezdnia,EWK-105925197P,19,2017-05-28,Lekko,21*13'573,51*09'555,9,Obszar zabudowany,Odcinek prosty,Droga krajowa,Jednojezdniowa dwukierunkowa,N,POWIAT RADOMSKI,IŁŻA - OBSZAR MIEJSKI
1,0,0,2017,Oślepiające słońce,Zderzenie pojazdów boczne,Oślepiające słońce,Światło dzienne,Jezdnia,EWK-105925197P,19,2017-05-28,Nieokreślone (puste pole),21*13'573,51*09'555,9,Obszar zabudowany,Odcinek prosty,Droga krajowa,Jednojezdniowa dwukierunkowa,N,POWIAT RADOMSKI,IŁŻA - OBSZAR MIEJSKI
1,0,1,2017,Oślepiające słońce,Zderzenie pojazdów boczne,Oślepiające słońce,Światło dzienne,Jezdnia,EWK-105926452F,12,2017-05-29,Lekko,21*14'007,53*11'183,G250101W,Obszar niezabudowany,"Zakręt, łuk",Droga gminna,Jednojezdniowa dwukierunkowa,N,POWIAT OSTROŁĘCKI,BARANOWO - OBSZAR WIEJSKI
1,0,0,2017,Oślepiające słońce,Zderzenie pojazdów boczne,Oślepiające słońce,Światło dzienne,Jezdnia,EWK-105926452F,12,2017-05-29,Nieokreślone (puste pole),21*14'007,53*11'183,G250101W,Obszar niezabudowany,"Zakręt, łuk",Droga gminna,Jednojezdniowa dwukierunkowa,N,POWIAT OSTROŁĘCKI,BARANOWO - OBSZAR WIEJSKI
1,0,1,2017,Oślepiające słońce,Zderzenie pojazdów boczne,Oślepiające słońce,Światło dzienne,Jezdnia,EWK-105930553F,8,2017-05-30,Ciężko,20*36'563,52*49'484,G120204W,Obszar zabudowany,Odcinek prosty,Droga gminna,Jednojezdniowa dwukierunkowa,N,POWIAT CIECHANOWSKI,CIECHANÓW - OBSZAR WIEJSKI
1,1,0,2017,Oślepiające słońce,Zderzenie pojazdów boczne,Oślepiające słońce,Światło dzienne,Jezdnia,EWK-105930553F,8,2017-05-30,Nieokreślone (puste pole),20*36'563,52*49'484,G120204W,Obszar zabudowany,Odcinek prosty,Droga gminna,Jednojezdniowa dwukierunkowa,N,POWIAT CIECHANOWSKI,CIECHANÓW - OBSZAR WIEJSKI
1,0,3,2017,Oślepiające słońce,Zderzenie pojazdów boczne,Oślepiające słońce,Światło dzienne,Jezdnia,EWK-105948995N,14,2017-06-05,Lekko,21*35'506,51*21'240,12,Obszar zabudowany,,Droga krajowa,Jednojezdniowa dwukierunkowa,N,POWIAT ZWOLEŃSKI,ZWOLEŃ - OBSZAR MIEJSKI
1,0,2,2017,Oślepiające słońce,Zderzenie pojazdów boczne,Oślepiające słońce,Światło dzienne,Jezdnia,EWK-105975781F,18,2017-06-09,Lekko,21*09'145,51*22'454,P3539W,Obszar zabudowany,,Droga powiatowa,Dwie jezdnie jednokierunkowe,N,POWIAT RADOM,RADOM - OBSZAR MIEJSKI
1,0,0,2017,Oślepiające słońce,Zderzenie pojazdów boczne,Oślepiające słońce,Światło dzienne,Jezdnia,EWK-105975781F,18,2017-06-09,Nieokreślone (puste pole),21*09'145,51*22'454,P3539W,Obszar zabudowany,,Droga powiatowa,Dwie jezdnie jednokierunkowe,N,POWIAT RADOM,RADOM - OBSZAR MIEJSKI
1,0,1,2017,Oślepiające słońce,Zderzenie pojazdów boczne,Oślepiające słońce,Światło dzienne,Jezdnia,EWK-105983159Y,14,2017-06-11,Lekko,21*07'267,51*24'247,P5347W,Obszar zabudowany,,Droga powiatowa,Jednojezdniowa dwukierunkowa,N,POWIAT RADOM,RADOM - OBSZAR MIEJSKI
1,0,0,2017,Oślepiające słońce,Zderzenie pojazdów boczne,Oślepiające słońce,Światło dzienne,Jezdnia,EWK-105983159Y,14,2017-06-11,Nieokreślone (puste pole),21*07'267,51*24'247,P5347W,Obszar zabudowany,,Droga powiatowa,Jednojezdniowa dwukierunkowa,N,POWIAT RADOM,RADOM - OBSZAR MIEJSKI
1,0,1,2017,Oślepiające słońce,Zderzenie pojazdów boczne,Oślepiające słońce,Światło dzienne,Jezdnia,EWK-106052184F,17,2017-06-19,Lekko,21*31'404,53*04'032,2547W,Obszar zabudowany,,Droga powiatowa,Jednojezdniowa dwukierunkowa,N,POWIAT OSTROŁĘCKI,OLSZEWO-BORKI - OBSZAR WIEJSKI
1,0,0,2017,Oślepiające słońce,Zderzenie pojazdów boczne,Oślepiające słońce,Światło dzienne,Jezdnia,EWK-106052184F,17,2017-06-19,Nieokreślone (puste pole),21*31'404,53*04'032,2547W,Obszar zabudowany,,Droga powiatowa,Jednojezdniowa dwukierunkowa,N,POWIAT OSTROŁĘCKI,OLSZEWO-BORKI - OBSZAR WIEJSKI
1,0,1,2017,Oślepiające słońce,Zderzenie pojazdów boczne,Oślepiające słońce,Światło dzienne,Jezdnia,EWK-106257473M,18,2017-07-13,Lekko,21*44'402,51*12'053,GMINNA,Obszar zabudowany,Odcinek prosty,Droga gminna,Jednojezdniowa dwukierunkowa,N,POWIAT LIPSKI,CHOTCZA - OBSZAR WIEJSKI
1,0,0,2017,Oślepiające słońce,Zderzenie pojazdów boczne,Oślepiające słońce,Światło dzienne,Jezdnia,EWK-106257473M,18,2017-07-13,Nieokreślone (puste pole),21*44'402,51*12'053,GMINNA,Obszar zabudowany,Odcinek prosty,Droga gminna,Jednojezdniowa dwukierunkowa,N,POWIAT LIPSKI,CHOTCZA - OBSZAR WIEJSKI
1,0,2,2017,Oślepiające słońce,Zderzenie pojazdów boczne,Oślepiające słońce,Światło dzienne,Jezdnia,EWK-106263367R,15,2017-07-17,Lekko,20*21'089,51*58'232,GMINNA,Obszar zabudowany,,Droga gminna,Jednojezdniowa dwukierunkowa,N,POWIAT ŻYRARDOWSKI,PUSZCZA MARIAŃSKA - OBSZAR WIEJSKI
1,0,0,2017,Oślepiające słońce,Zderzenie pojazdów boczne,Oślepiające słońce,Światło dzienne,Jezdnia,EWK-106263367R,15,2017-07-17,Nieokreślone (puste pole),20*21'089,51*58'232,GMINNA,Obszar zabudowany,,Droga gminna,Jednojezdniowa dwukierunkowa,N,POWIAT ŻYRARDOWSKI,PUSZCZA MARIAŃSKA - OBSZAR WIEJSKI
1,0,2,2017,Oślepiające słońce,Zderzenie pojazdów boczne,Oślepiające słońce,Światło dzienne,Jezdnia,EWK-106263962P,17,2017-07-17,Lekko,19*55'130,53*00'337,541,Obszar niezabudowany,,Droga wojewódzka,Jednojezdniowa dwukierunkowa,N,POWIAT ŻUROMIŃSKI,ŻUROMIN - OBSZAR WIEJSKI
1,0,0,2017,Oślepiające słońce,Zderzenie pojazdów boczne,Oślepiające słońce,Światło dzienne,Jezdnia,EWK-106263962P,17,2017-07-17,Nieokreślone (puste pole),19*55'130,53*00'337,541,Obszar niezabudowany,,Droga wojewódzka,Jednojezdniowa dwukierunkowa,N,POWIAT ŻUROMIŃSKI,ŻUROMIN - OBSZAR WIEJSKI
1,0,1,2017,Oślepiające słońce,Zderzenie pojazdów boczne,Oślepiające słońce,Światło dzienne,Jezdnia,EWK-106304183K,17,2017-08-07,Lekko,21*09'177,51*25'387,G530145W,Obszar zabudowany,,Droga gminna,Jednojezdniowa dwukierunkowa,N,POWIAT RADOM,RADOM - OBSZAR MIEJSKI
1,0,0,2017,Oślepiające słońce,Zderzenie pojazdów boczne,Oślepiające słońce,Światło dzienne,Jezdnia,EWK-106304183K,17,2017-08-07,Nieokreślone (puste pole),21*09'177,51*25'387,G530145W,Obszar zabudowany,,Droga gminna,Jednojezdniowa dwukierunkowa,N,POWIAT RADOM,RADOM - OBSZAR MIEJSKI
1,0,1,2017,Oślepiające słońce,Zderzenie pojazdów boczne,Oślepiające słońce,Światło dzienne,Jezdnia,EWK-106311420C,17,2017-08-10,Ciężko,21*05'212,52*51'523,60,Obszar zabudowany,Odcinek prosty,Droga krajowa,Jednojezdniowa dwukierunkowa,N,POWIAT MAKOWSKI,MAKÓW MAZOWIECKI - OBSZAR MIEJSKI
1,0,0,2017,Oślepiające słońce,Zderzenie pojazdów boczne,Oślepiające słońce,Światło dzienne,Jezdnia,EWK-106311420C,17,2017-08-10,Nieokreślone (puste pole),21*05'212,52*51'523,60,Obszar zabudowany,Odcinek prosty,Droga krajowa,Jednojezdniowa dwukierunkowa,N,POWIAT MAKOWSKI,MAKÓW MAZOWIECKI - OBSZAR MIEJSKI
1,0,1,2017,Oślepiające słońce,Zderzenie pojazdów boczne,Oślepiające słońce,Światło dzienne,Jezdnia,EWK-106430366E,7,2017-09-28,Lekko,20*13'305,52*12'160,GMINNA,Obszar zabudowany,,Droga gminna,Jednojezdniowa dwukierunkowa,N,POWIAT SOCHACZEWSKI,SOCHACZEW - OBSZAR MIEJSKI
1,0,0,2017,Oślepiające słońce,Zderzenie pojazdów boczne,Oślepiające słońce,Światło dzienne,Jezdnia,EWK-106430366E,7,2017-09-28,Nieokreślone (puste pole),20*13'305,52*12'160,GMINNA,Obszar zabudowany,,Droga gminna,Jednojezdniowa dwukierunkowa,N,POWIAT SOCHACZEWSKI,SOCHACZEW - OBSZAR MIEJSKI
1,0,1,2017,Oślepiające słońce,Zderzenie pojazdów boczne,Oślepiające słońce,Światło dzienne,Jezdnia,EWK-106433157Y,9,2017-09-28,Lekko,21*05'236,51*21'145,P5344W,Obszar zabudowany,,Droga powiatowa,Jednojezdniowa dwukierunkowa,N,POWIAT RADOM,RADOM - OBSZAR MIEJSKI
1,0,0,2017,Oślepiające słońce,Zderzenie pojazdów boczne,Oślepiające słońce,Światło dzienne,Jezdnia,EWK-106433157Y,9,2017-09-28,Nieokreślone (puste pole),21*05'236,51*21'145,P5344W,Obszar zabudowany,,Droga powiatowa,Jednojezdniowa dwukierunkowa,N,POWIAT RADOM,RADOM - OBSZAR MIEJSKI
1,0,1,2017,Oślepiające słońce,Zderzenie pojazdów boczne,Oślepiające słońce,Światło dzienne,Jezdnia,EWK-106479554A,9,2017-10-18,Lekko,21*10'472,51*22'556,12,Obszar zabudowany,,Droga krajowa,Jednokierunkowa,N,POWIAT RADOM,RADOM - OBSZAR MIEJSKI
1,0,0,2017,Oślepiające słońce,Zderzenie pojazdów boczne,Oślepiające słońce,Światło dzienne,Jezdnia,EWK-106479554A,9,2017-10-18,Nieokreślone (puste pole),21*10'472,51*22'556,12,Obszar zabudowany,,Droga krajowa,Jednokierunkowa,N,POWIAT RADOM,RADOM - OBSZAR MIEJSKI
1,0,1,2017,Oślepiające słońce,Zderzenie pojazdów boczne,Oślepiające słońce,Światło dzienne,Jezdnia,EWK-106580819K,10,2017-11-25,Ciężko,21*22'325,51*28'207,737,Obszar zabudowany,,Droga wojewódzka,Jednojezdniowa dwukierunkowa,N,POWIAT RADOMSKI,PIONKI - OBSZAR WIEJSKI
1,0,0,2017,Oślepiające słońce,Zderzenie pojazdów boczne,Oślepiające słońce,Światło dzienne,Jezdnia,EWK-106580819K,10,2017-11-25,Nieokreślone (puste pole),21*22'325,51*28'207,737,Obszar zabudowany,,Droga wojewódzka,Jednojezdniowa dwukierunkowa,N,POWIAT RADOMSKI,PIONKI - OBSZAR WIEJSKI
1,0,3,2017,Oślepiające słońce,Zderzenie pojazdów boczne,Oślepiające słońce,Światło dzienne,Pobocze,EWK-105770996U,16,2017-04-24,Lekko,22*08'334,52*24'091,62,Obszar niezabudowany,Odcinek prosty,Droga krajowa,Jednojezdniowa dwukierunkowa,N,POWIAT SOKOŁOWSKI,SOKOŁÓW PODLASKI - OBSZAR WIEJSKI
1,0,1,2017,Oślepiające słońce,Zderzenie pojazdów boczne,Oślepiające słońce,Światło dzienne,Przejazd dla rowerzystów,EWK-105713474X,15,2017-03-24,Lekko,19*42'371,52*33'079,5210W,Obszar zabudowany,,Droga powiatowa,Jednojezdniowa dwukierunkowa,N,POWIAT PŁOCK,PŁOCK - OBSZAR MIEJSKI
1,0,0,2017,Oślepiające słońce,Zderzenie pojazdów boczne,Oślepiające słońce,Światło dzienne,Przejazd dla rowerzystów,EWK-105713474X,15,2017-03-24,Nieokreślone (puste pole),19*42'371,52*33'079,5210W,Obszar zabudowany,,Droga powiatowa,Jednojezdniowa dwukierunkowa,N,POWIAT PŁOCK,PŁOCK - OBSZAR MIEJSKI
1,0,1,2017,Oślepiające słońce,Zderzenie pojazdów boczne,Oślepiające słońce,Światło dzienne,Przejazd dla rowerzystów,EWK-106302236G,11,2017-08-05,Lekko,19*42'415,52*33'045,5213W,Obszar zabudowany,,Droga powiatowa,Jednojezdniowa dwukierunkowa,N,POWIAT PŁOCK,PŁOCK - OBSZAR MIEJSKI
1,0,0,2017,Oślepiające słońce,Zderzenie pojazdów boczne,Oślepiające słońce,Światło dzienne,Przejazd dla rowerzystów,EWK-106302236G,11,2017-08-05,Nieokreślone (puste pole),19*42'415,52*33'045,5213W,Obszar zabudowany,,Droga powiatowa,Jednojezdniowa dwukierunkowa,N,POWIAT PŁOCK,PŁOCK - OBSZAR MIEJSKI
1,1,0,2017,Oślepiające słońce,Zderzenie pojazdów boczne,Oślepiające słońce,Światło dzienne,Przejazd dla rowerzystów,EWK-106308777L,6,2017-08-09,Nieokreślone (puste pole),21*09'558,51*25'544,P5301W,Obszar zabudowany,,Droga powiatowa,Dwie jezdnie jednokierunkowe,N,POWIAT RADOM,RADOM - OBSZAR MIEJSKI
1,0,1,2017,Oślepiające słońce,Zderzenie pojazdów boczne,Oślepiające słońce,Światło dzienne,Przejazd dla rowerzystów,EWK-106325011T,16,2017-08-18,Lekko,19*42'373,52*33'079,5210W,Obszar zabudowany,,Droga powiatowa,Dwie jezdnie jednokierunkowe,N,POWIAT PŁOCK,PŁOCK - OBSZAR MIEJSKI
1,0,0,2017,Oślepiające słońce,Zderzenie pojazdów boczne,Oślepiające słońce,Światło dzienne,Przejazd dla rowerzystów,EWK-106325011T,16,2017-08-18,Nieokreślone (puste pole),19*42'373,52*33'079,5210W,Obszar zabudowany,,Droga powiatowa,Dwie jezdnie jednokierunkowe,N,POWIAT PŁOCK,PŁOCK - OBSZAR MIEJSKI
1,0,1,2017,Oślepiające słońce,Zderzenie pojazdów boczne,Oślepiające słońce,Światło dzienne,"Wjazd, wyjazd z posesji, pola",EWK-106348667E,11,2017-08-26,Lekko,21*18'051,51*25'006,GMINNA,Obszar niezabudowany,Odcinek prosty,Droga gminna,Jednojezdniowa dwukierunkowa,N,POWIAT RADOMSKI,JEDLNIA-LETNISKO - OBSZAR WIEJSKI
1,0,0,2017,Oślepiające słońce,Zderzenie pojazdów boczne,Oślepiające słońce,Światło dzienne,"Wjazd, wyjazd z posesji, pola",EWK-106348667E,11,2017-08-26,Nieokreślone (puste pole),21*18'051,51*25'006,GMINNA,Obszar niezabudowany,Odcinek prosty,Droga gminna,Jednojezdniowa dwukierunkowa,N,POWIAT RADOMSKI,JEDLNIA-LETNISKO - OBSZAR WIEJSKI
1,0,1,2017,Oślepiające słońce,Zderzenie pojazdów boczne,Oślepiające słońce,"Świt, zmrok",Jezdnia,EWK-106614169X,7,2017-12-13,Lekko,19*52'574,52*34'307,P2935W,Obszar zabudowany,Odcinek prosty,Droga powiatowa,Jednojezdniowa dwukierunkowa,N,POWIAT PŁOCKI,RADZANOWO - OBSZAR WIEJSKI
1,0,0,2017,Oślepiające słońce,Zderzenie pojazdów boczne,Oślepiające słońce,"Świt, zmrok",Jezdnia,EWK-106614169X,7,2017-12-13,Nieokreślone (puste pole),19*52'574,52*34'307,P2935W,Obszar zabudowany,Odcinek prosty,Droga powiatowa,Jednojezdniowa dwukierunkowa,N,POWIAT PŁOCKI,RADZANOWO - OBSZAR WIEJSKI
1,0,1,2017,Oślepiające słońce,Zderzenie pojazdów czołowe,Oślepiające słońce,Światło dzienne,Jezdnia,EWK-105905370N,18,2017-05-17,Lekko,19*45'374,52*27'580,575,Obszar zabudowany,Odcinek prosty,Droga wojewódzka,Jednojezdniowa dwukierunkowa,N,POWIAT PŁOCKI,GĄBIN - OBSZAR WIEJSKI
1,0,0,2017,Oślepiające słońce,Zderzenie pojazdów czołowe,Oślepiające słońce,Światło dzienne,Jezdnia,EWK-105905370N,18,2017-05-17,Nieokreślone (puste pole),19*45'374,52*27'580,575,Obszar zabudowany,Odcinek prosty,Droga wojewódzka,Jednojezdniowa dwukierunkowa,N,POWIAT PŁOCKI,GĄBIN - OBSZAR WIEJSKI
1,0,1,2017,Oślepiające słońce,Zderzenie pojazdów czołowe,Oślepiające słońce,Światło dzienne,Jezdnia,EWK-105909619D,19,2017-05-19,Ciężko,21*32'009,51*35'553,G170551W,Obszar zabudowany,,Droga gminna,Jednojezdniowa dwukierunkowa,N,POWIAT KOZIENICKI,KOZIENICE - OBSZAR MIEJSKI
1,0,0,2017,Oślepiające słońce,Zderzenie pojazdów czołowe,Oślepiające słońce,Światło dzienne,Jezdnia,EWK-105909619D,19,2017-05-19,Nieokreślone (puste pole),21*32'009,51*35'553,G170551W,Obszar zabudowany,,Droga gminna,Jednojezdniowa dwukierunkowa,N,POWIAT KOZIENICKI,KOZIENICE - OBSZAR MIEJSKI
1,0,1,2017,Oślepiające słońce,Zderzenie pojazdów czołowe,Oślepiające słońce,Światło dzienne,Jezdnia,EWK-105921497K,12,2017-05-26,Lekko,21*10'229,51*23'198,P5309W,Obszar zabudowany,,Droga powiatowa,Jednojezdniowa dwukierunkowa,N,POWIAT RADOM,RADOM - OBSZAR MIEJSKI
1,0,0,2017,Oślepiające słońce,Zderzenie pojazdów czołowe,Oślepiające słońce,Światło dzienne,Jezdnia,EWK-105921497K,12,2017-05-26,Nieokreślone (puste pole),21*10'229,51*23'198,P5309W,Obszar zabudowany,,Droga powiatowa,Jednojezdniowa dwukierunkowa,N,POWIAT RADOM,RADOM - OBSZAR MIEJSKI
1,0,1,2017,Oślepiające słońce,Zderzenie pojazdów czołowe,Oślepiające słońce,Światło dzienne,Jezdnia,EWK-106164960U,19,2017-06-21,Lekko,22*15'114,52*09'501,GMINNA,Obszar zabudowany,,Droga gminna,Jednojezdniowa dwukierunkowa,N,POWIAT SIEDLCE,SIEDLCE - OBSZAR MIEJSKI
1,0,0,2017,Oślepiające słońce,Zderzenie pojazdów czołowe,Oślepiające słońce,Światło dzienne,Jezdnia,EWK-106164960U,19,2017-06-21,Nieokreślone (puste pole),22*15'114,52*09'501,GMINNA,Obszar zabudowany,,Droga gminna,Jednojezdniowa dwukierunkowa,N,POWIAT SIEDLCE,SIEDLCE - OBSZAR MIEJSKI
1,0,1,2017,Oślepiające słońce,Zderzenie pojazdów czołowe,Oślepiające słońce,Światło dzienne,Jezdnia,EWK-106481178U,15,2017-10-18,Lekko,20*50'244,51*13'210,,Obszar zabudowany,,Nieokreślone (puste pole),Jednojezdniowa dwukierunkowa,N,POWIAT SZYDŁOWIECKI,SZYDŁOWIEC - OBSZAR MIEJSKI
1,0,0,2017,Oślepiające słońce,Zderzenie pojazdów czołowe,Oślepiające słońce,Światło dzienne,Jezdnia,EWK-106481178U,15,2017-10-18,Nieokreślone (puste pole),20*50'244,51*13'210,,Obszar zabudowany,,Nieokreślone (puste pole),Jednojezdniowa dwukierunkowa,N,POWIAT SZYDŁOWIECKI,SZYDŁOWIEC - OBSZAR MIEJSKI
1,0,1,2017,Oślepiające słońce,Zderzenie pojazdów tylne,Oślepiające słońce,Światło dzienne,Jezdnia,EWK-105912598E,9,2017-05-18,Ciężko,20*31'413,52*32'584,571,Obszar niezabudowany,Odcinek prosty,Droga wojewódzka,Jednojezdniowa dwukierunkowa,N,POWIAT PŁOŃSKI,ZAŁUSKI - OBSZAR WIEJSKI
1,0,0,2017,Oślepiające słońce,Zderzenie pojazdów tylne,Oślepiające słońce,Światło dzienne,Jezdnia,EWK-105912598E,9,2017-05-18,Nieokreślone (puste pole),20*31'413,52*32'584,571,Obszar niezabudowany,Odcinek prosty,Droga wojewódzka,Jednojezdniowa dwukierunkowa,N,POWIAT PŁOŃSKI,ZAŁUSKI - OBSZAR WIEJSKI
1,0,1,2017,Oślepiające słońce,Zderzenie pojazdów tylne,Oślepiające słońce,Światło dzienne,Jezdnia,EWK-105916116H,13,2017-05-23,Lekko,19*34'210,52*32'453,62,Obszar zabudowany,Odcinek prosty,Droga krajowa,Jednojezdniowa dwukierunkowa,N,POWIAT PŁOCKI,NOWY DUNINÓW - OBSZAR WIEJSKI
1,0,0,2017,Oślepiające słońce,Zderzenie pojazdów tylne,Oślepiające słońce,Światło dzienne,Jezdnia,EWK-105916116H,13,2017-05-23,Nieokreślone (puste pole),19*34'210,52*32'453,62,Obszar zabudowany,Odcinek prosty,Droga krajowa,Jednojezdniowa dwukierunkowa,N,POWIAT PŁOCKI,NOWY DUNINÓW - OBSZAR WIEJSKI
1,0,1,2017,Oślepiające słońce,Zderzenie pojazdów tylne,Oślepiające słońce,Światło dzienne,Jezdnia,EWK-105920946C,16,2017-05-25,Lekko,21*14'135,51*08'464,9,Obszar zabudowany,,Droga krajowa,Jednojezdniowa dwukierunkowa,N,POWIAT RADOMSKI,IŁŻA - OBSZAR MIEJSKI
1,0,0,2017,Oślepiające słońce,Zderzenie pojazdów tylne,Oślepiające słońce,Światło dzienne,Jezdnia,EWK-105920946C,16,2017-05-25,Nieokreślone (puste pole),21*14'135,51*08'464,9,Obszar zabudowany,,Droga krajowa,Jednojezdniowa dwukierunkowa,N,POWIAT RADOMSKI,IŁŻA - OBSZAR MIEJSKI
1,0,1,2017,Oślepiające słońce,Zderzenie pojazdów tylne,Oślepiające słońce,Światło dzienne,Jezdnia,EWK-105923662Y,18,2017-05-27,Lekko,19*55'521,52*33'209,P2944W,Obszar niezabudowany,,Droga powiatowa,Jednojezdniowa dwukierunkowa,N,POWIAT PŁOCKI,RADZANOWO - OBSZAR WIEJSKI
1,0,0,2017,Oślepiające słońce,Zderzenie pojazdów tylne,Oślepiające słońce,Światło dzienne,Jezdnia,EWK-105923662Y,18,2017-05-27,Nieokreślone (puste pole),19*55'521,52*33'209,P2944W,Obszar niezabudowany,,Droga powiatowa,Jednojezdniowa dwukierunkowa,N,POWIAT PŁOCKI,RADZANOWO - OBSZAR WIEJSKI
1,0,1,2017,Oślepiające słońce,Zderzenie pojazdów tylne,Oślepiające słońce,Światło dzienne,Jezdnia,EWK-106299782K,12,2017-08-04,Ciężko,21*36'490,51*28'415,79,Obszar zabudowany,Odcinek prosty,Droga krajowa,Jednojezdniowa dwukierunkowa,N,POWIAT KOZIENICKI,GARBATKA-LETNISKO - OBSZAR WIEJSKI
1,0,0,2017,Oślepiające słońce,Zderzenie pojazdów tylne,Oślepiające słońce,Światło dzienne,Jezdnia,EWK-106299782K,12,2017-08-04,Nieokreślone (puste pole),21*36'490,51*28'415,79,Obszar zabudowany,Odcinek prosty,Droga krajowa,Jednojezdniowa dwukierunkowa,N,POWIAT KOZIENICKI,GARBATKA-LETNISKO - OBSZAR WIEJSKI
1,0,3,2017,Oślepiające słońce,Zderzenie pojazdów tylne,Oślepiające słońce,Światło dzienne,Jezdnia,EWK-106350589P,16,2017-08-29,Lekko,19*44'329,52*32'187,60,Obszar zabudowany,,Droga krajowa,Jednokierunkowa,N,POWIAT PŁOCK,PŁOCK - OBSZAR MIEJSKI
1,0,0,2017,Oślepiające słońce,Zderzenie pojazdów tylne,Oślepiające słońce,Światło dzienne,Jezdnia,EWK-106350589P,16,2017-08-29,Nieokreślone (puste pole),19*44'329,52*32'187,60,Obszar zabudowany,,Droga krajowa,Jednokierunkowa,N,POWIAT PŁOCK,PŁOCK - OBSZAR MIEJSKI
1,0,1,2017,Oślepiające słońce,Zderzenie pojazdów tylne,Oślepiające słońce,Światło dzienne,Jezdnia,EWK-106352088L,17,2017-08-30,Lekko,21*12'242,51*31'312,P3515W,Obszar zabudowany,Odcinek prosty,Droga powiatowa,Jednojezdniowa dwukierunkowa,N,POWIAT RADOMSKI,JASTRZĘBIA - OBSZAR WIEJSKI
1,0,0,2017,Oślepiające słońce,Zderzenie pojazdów tylne,Oślepiające słońce,Światło dzienne,Jezdnia,EWK-106352088L,17,2017-08-30,Nieokreślone (puste pole),21*12'242,51*31'312,P3515W,Obszar zabudowany,Odcinek prosty,Droga powiatowa,Jednojezdniowa dwukierunkowa,N,POWIAT RADOMSKI,JASTRZĘBIA - OBSZAR WIEJSKI
1,0,1,2017,Oślepiające słońce,Zderzenie pojazdów tylne,Oślepiające słońce,Światło dzienne,Jezdnia,EWK-106559704P,13,2017-11-23,Lekko,21*07'473,51*24'197,P5313W,Obszar zabudowany,Odcinek prosty,Droga powiatowa,Jednojezdniowa dwukierunkowa,N,POWIAT RADOM,RADOM - OBSZAR MIEJSKI
1,0,0,2017,Oślepiające słońce,Zderzenie pojazdów tylne,Oślepiające słońce,Światło dzienne,Jezdnia,EWK-106559704P,13,2017-11-23,Nieokreślone (puste pole),21*07'473,51*24'197,P5313W,Obszar zabudowany,Odcinek prosty,Droga powiatowa,Jednojezdniowa dwukierunkowa,N,POWIAT RADOM,RADOM - OBSZAR MIEJSKI
1,0,1,2017,Oślepiające słońce,Zderzenie pojazdów tylne,Oślepiające słońce,Światło dzienne,"Roboty drogowe, oznakowanie tymczasowe",EWK-106261825U,12,2017-07-16,Ciężko,21*32'192,52*38'282,8,Obszar niezabudowany,Odcinek prosty,Droga krajowa,Jednojezdniowa dwukierunkowa,N,POWIAT WYSZKOWSKI,BRAŃSZCZYK - OBSZAR WIEJSKI