Liczba wypadków,Liczba zabitych,Liczba rannych,Rok,Warunki atmosferyczne,Rodzaj zdarzenia,Warunki atmosferyczne,Oświetlenie,Charakterystyka miejsca zdarzenia,IDKSIP zdarzenia,Godzina,Dzień,Ranny,GPS x,GPS y,Numer drogi,Obszar,Geometria drogi,Kategoria drogi 1,Rodzaj drogi,Czy w zdarzeniu był sprawca nietrzeźwy,Powiat,Gmina
1,0,0,2017,Oślepiające słońce,Zderzenie pojazdów tylne,Oślepiające słońce,Światło dzienne,"Roboty drogowe, oznakowanie tymczasowe",EWK-106261825U,12,2017-07-16,Nieokreślone (puste pole),21*32'192,52*38'282,8,Obszar niezabudowany,Odcinek prosty,Droga krajowa,Jednojezdniowa dwukierunkowa,N,POWIAT WYSZKOWSKI,BRAŃSZCZYK - OBSZAR WIEJSKI
1,0,2,2017,Pochmurno,Inne,Pochmurno,Noc - droga nieoświetlona,Jezdnia,EWK-106270962F,20,2017-07-20,Lekko,21*10'444,53*23'257,G250208W,Obszar zabudowany,Odcinek prosty,Droga gminna,Jednojezdniowa dwukierunkowa,N,POWIAT OSTROŁĘCKI,CZARNIA - OBSZAR WIEJSKI
1,0,2,2017,Pochmurno,Inne,Pochmurno,Noc - droga nieoświetlona,Jezdnia,EWK-106324042W,19,2017-08-11,Lekko,20*26'409,51*23'390,12,Obszar niezabudowany,,Droga krajowa,Jednojezdniowa dwukierunkowa,N,POWIAT PRZYSUSKI,GIELNIÓW - OBSZAR WIEJSKI
1,0,0,2017,Pochmurno,Inne,Pochmurno,Noc - droga nieoświetlona,Jezdnia,EWK-106324042W,19,2017-08-11,Nieokreślone (puste pole),20*26'409,51*23'390,12,Obszar niezabudowany,,Droga krajowa,Jednojezdniowa dwukierunkowa,N,POWIAT PRZYSUSKI,GIELNIÓW - OBSZAR WIEJSKI
1,0,1,2017,Pochmurno,Inne,Pochmurno,Noc - droga nieoświetlona,Jezdnia,EWK-106542572M,5,2017-11-16,Ciężko,21*29'582,52*37'156,S8W,Obszar niezabudowany,,Droga krajowa,Ekspresowa,N,POWIAT WYSZKOWSKI,BRAŃSZCZYK - OBSZAR WIEJSKI
1,0,3,2017,Pochmurno,Inne,Pochmurno,Noc - droga nieoświetlona,Jezdnia,EWK-106542572M,5,2017-11-16,Lekko,21*29'582,52*37'156,S8W,Obszar niezabudowany,,Droga krajowa,Ekspresowa,N,POWIAT WYSZKOWSKI,BRAŃSZCZYK - OBSZAR WIEJSKI
1,0,0,2017,Pochmurno,Inne,Pochmurno,Noc - droga nieoświetlona,Jezdnia,EWK-106542572M,5,2017-11-16,Nieokreślone (puste pole),21*29'582,52*37'156,S8W,Obszar niezabudowany,,Droga krajowa,Ekspresowa,N,POWIAT WYSZKOWSKI,BRAŃSZCZYK - OBSZAR WIEJSKI
1,0,1,2017,Pochmurno,Inne,Pochmurno,Noc - droga nieoświetlona,"Skarpa, rów",EWK-106534471H,1,2017-11-11,Lekko,19*34'511,52*57'008,560,Obszar niezabudowany,"Zakręt, łuk",Droga wojewódzka,Jednojezdniowa dwukierunkowa,N,POWIAT SIERPECKI,SZCZUTOWO - OBSZAR WIEJSKI
1,0,0,2017,Pochmurno,Inne,Pochmurno,Noc - droga nieoświetlona,"Skarpa, rów",EWK-106534471H,1,2017-11-11,Nieokreślone (puste pole),19*34'511,52*57'008,560,Obszar niezabudowany,"Zakręt, łuk",Droga wojewódzka,Jednojezdniowa dwukierunkowa,N,POWIAT SIERPECKI,SZCZUTOWO - OBSZAR WIEJSKI
1,0,1,2017,Pochmurno,Inne,Pochmurno,Noc - droga nieoświetlona,"Skarpa, rów",EWK-106636160K,20,2017-12-22,Lekko,21*18'594,51*49'272,79,Obszar niezabudowany,Odcinek prosty,Droga krajowa,Jednojezdniowa dwukierunkowa,N,POWIAT KOZIENICKI,MAGNUSZEW - OBSZAR WIEJSKI
1,0,1,2017,Pochmurno,Inne,Pochmurno,Noc - droga oświetlona,Jezdnia,EWK-105484033L,17,2017-02-26,Lekko,21*31'165,51*51'452,,Obszar zabudowany,Odcinek prosty,Nieokreślone (puste pole),Jednojezdniowa dwukierunkowa,N,POWIAT GARWOLIŃSKI,GARWOLIN - OBSZAR WIEJSKI
1,0,0,2017,Pochmurno,Inne,Pochmurno,Noc - droga oświetlona,Jezdnia,EWK-105484033L,17,2017-02-26,Nieokreślone (puste pole),21*31'165,51*51'452,,Obszar zabudowany,Odcinek prosty,Nieokreślone (puste pole),Jednojezdniowa dwukierunkowa,N,POWIAT GARWOLIŃSKI,GARWOLIN - OBSZAR WIEJSKI
1,0,1,2017,Pochmurno,Inne,Pochmurno,Noc - droga oświetlona,Jezdnia,EWK-105687754H,3,2017-03-22,Ciężko,21*01'560,51*25'574,740,Obszar zabudowany,"Zakręt, łuk",Droga wojewódzka,Jednojezdniowa dwukierunkowa,N,POWIAT RADOMSKI,ZAKRZEW - OBSZAR WIEJSKI
1,0,1,2017,Pochmurno,Inne,Pochmurno,Noc - droga oświetlona,Jezdnia,EWK-106536689R,20,2017-11-12,Lekko,21*19'374,52*34'560,G440403W,Obszar zabudowany,"Zakręt, łuk",Droga gminna,Jednojezdniowa dwukierunkowa,N,POWIAT WYSZKOWSKI,SOMIANKA - OBSZAR WIEJSKI
1,0,0,2017,Pochmurno,Inne,Pochmurno,Noc - droga oświetlona,Jezdnia,EWK-106536689R,20,2017-11-12,Nieokreślone (puste pole),21*19'374,52*34'560,G440403W,Obszar zabudowany,"Zakręt, łuk",Droga gminna,Jednojezdniowa dwukierunkowa,N,POWIAT WYSZKOWSKI,SOMIANKA - OBSZAR WIEJSKI
1,0,1,2017,Pochmurno,Inne,Pochmurno,Noc - droga oświetlona,Pobocze,EWK-106275874T,23,2017-07-23,Lekko,21*32'595,52*53'537,4403W,Obszar zabudowany,"Zakręt, łuk",Droga powiatowa,Jednojezdniowa dwukierunkowa,N,POWIAT OSTROŁĘCKI,GOWOROWO - OBSZAR WIEJSKI
1,0,0,2017,Pochmurno,Inne,Pochmurno,Noc - droga oświetlona,Pobocze,EWK-106275874T,23,2017-07-23,Nieokreślone (puste pole),21*32'595,52*53'537,4403W,Obszar zabudowany,"Zakręt, łuk",Droga powiatowa,Jednojezdniowa dwukierunkowa,N,POWIAT OSTROŁĘCKI,GOWOROWO - OBSZAR WIEJSKI
1,0,1,2017,Pochmurno,Inne,Pochmurno,Noc - droga oświetlona,"Skarpa, rów",EWK-105479577A,21,2017-02-25,Ciężko,21*11'014,52*36'145,P3433W,Obszar zabudowany,Odcinek prosty,Droga powiatowa,Jednojezdniowa dwukierunkowa,T,POWIAT PUŁTUSKI,ZATORY - OBSZAR WIEJSKI
1,0,1,2017,Pochmurno,Inne,Pochmurno,Noc - droga oświetlona,"Skarpa, rów",EWK-105479577A,21,2017-02-25,Lekko,21*11'014,52*36'145,P3433W,Obszar zabudowany,Odcinek prosty,Droga powiatowa,Jednojezdniowa dwukierunkowa,T,POWIAT PUŁTUSKI,ZATORY - OBSZAR WIEJSKI
1,0,1,2017,Pochmurno,Inne,Pochmurno,Światło dzienne,Jezdnia,EWK-105688256P,13,2017-03-20,Lekko,21*09'463,51*24'070,P5304W  ,Obszar zabudowany,,Droga powiatowa,Jednojezdniowa dwukierunkowa,N,POWIAT RADOM,RADOM - OBSZAR MIEJSKI
1,0,0,2017,Pochmurno,Inne,Pochmurno,Światło dzienne,Jezdnia,EWK-105688256P,13,2017-03-20,Nieokreślone (puste pole),21*09'463,51*24'070,P5304W  ,Obszar zabudowany,,Droga powiatowa,Jednojezdniowa dwukierunkowa,N,POWIAT RADOM,RADOM - OBSZAR MIEJSKI
1,0,1,2017,Pochmurno,Inne,Pochmurno,Światło dzienne,Jezdnia,EWK-105740519N,16,2017-04-07,Lekko,21*32'033,52*38'208,8,Obszar niezabudowany,,Droga krajowa,Jednojezdniowa dwukierunkowa,N,POWIAT WYSZKOWSKI,BRAŃSZCZYK - OBSZAR WIEJSKI
1,0,0,2017,Pochmurno,Inne,Pochmurno,Światło dzienne,Jezdnia,EWK-105740519N,16,2017-04-07,Nieokreślone (puste pole),21*32'033,52*38'208,8,Obszar niezabudowany,,Droga krajowa,Jednojezdniowa dwukierunkowa,N,POWIAT WYSZKOWSKI,BRAŃSZCZYK - OBSZAR WIEJSKI
1,0,3,2017,Pochmurno,Inne,Pochmurno,Światło dzienne,Jezdnia,EWK-105752155T,13,2017-04-12,Lekko,20*12'138,52*59'452,P4640W,Obszar zabudowany,,Droga powiatowa,Jednojezdniowa dwukierunkowa,N,POWIAT MŁAWSKI,SZREŃSK - OBSZAR WIEJSKI
1,0,0,2017,Pochmurno,Inne,Pochmurno,Światło dzienne,Jezdnia,EWK-105752155T,13,2017-04-12,Nieokreślone (puste pole),20*12'138,52*59'452,P4640W,Obszar zabudowany,,Droga powiatowa,Jednojezdniowa dwukierunkowa,N,POWIAT MŁAWSKI,SZREŃSK - OBSZAR WIEJSKI
1,0,1,2017,Pochmurno,Inne,Pochmurno,Światło dzienne,Jezdnia,EWK-106043506X,11,2017-06-17,Ciężko,22*14'272,52*09'513,GMINNA,Obszar zabudowany,,Droga gminna,Jednojezdniowa dwukierunkowa,N,POWIAT SIEDLCE,SIEDLCE - OBSZAR MIEJSKI
1,0,0,2017,Pochmurno,Inne,Pochmurno,Światło dzienne,Jezdnia,EWK-106043506X,11,2017-06-17,Nieokreślone (puste pole),22*14'272,52*09'513,GMINNA,Obszar zabudowany,,Droga gminna,Jednojezdniowa dwukierunkowa,N,POWIAT SIEDLCE,SIEDLCE - OBSZAR MIEJSKI
1,0,1,2017,Pochmurno,Inne,Pochmurno,Światło dzienne,Jezdnia,EWK-106155250C,18,2017-06-25,Lekko,19*43'135,52*55'158,GMINNA,Obszar zabudowany,Odcinek prosty,Droga gminna,Jednojezdniowa dwukierunkowa,N,POWIAT SIERPECKI,ROŚCISZEWO - OBSZAR WIEJSKI
1,0,1,2017,Pochmurno,Inne,Pochmurno,Światło dzienne,Jezdnia,EWK-106327181T,15,2017-08-20,Lekko,21*55'435,51*55'435,76,Obszar zabudowany,"Zakręt, łuk",Droga krajowa,Jednojezdniowa dwukierunkowa,T,POWIAT GARWOLIŃSKI,BOROWIE - OBSZAR WIEJSKI
1,0,1,2017,Pochmurno,Inne,Pochmurno,Światło dzienne,Jezdnia,EWK-106333884Q,18,2017-08-23,Lekko,21*39'277,51*43'370,807,Obszar zabudowany,"Zakręt, łuk",Droga wojewódzka,Jednojezdniowa dwukierunkowa,N,POWIAT GARWOLIŃSKI,SOBOLEW - OBSZAR WIEJSKI
1,0,1,2017,Pochmurno,Inne,Pochmurno,Światło dzienne,Jezdnia,EWK-106337457J,10,2017-08-25,Lekko,19*41'336,52*33'095,5210W,Obszar zabudowany,,Droga powiatowa,Jednojezdniowa dwukierunkowa,N,POWIAT PŁOCK,PŁOCK - OBSZAR MIEJSKI
1,0,0,2017,Pochmurno,Inne,Pochmurno,Światło dzienne,Jezdnia,EWK-106337457J,10,2017-08-25,Nieokreślone (puste pole),19*41'336,52*33'095,5210W,Obszar zabudowany,,Droga powiatowa,Jednojezdniowa dwukierunkowa,N,POWIAT PŁOCK,PŁOCK - OBSZAR MIEJSKI
1,0,1,2017,Pochmurno,Inne,Pochmurno,Światło dzienne,Jezdnia,EWK-106428624Y,13,2017-09-23,Lekko,21*04'297,51*14'391,744,Obszar zabudowany,Odcinek prosty,Droga wojewódzka,Jednojezdniowa dwukierunkowa,N,POWIAT RADOMSKI,WIERZBICA - OBSZAR WIEJSKI
1,0,1,2017,Pochmurno,Inne,Pochmurno,Światło dzienne,Przystanek komunikacji publicznej,EWK-106429391X,11,2017-09-25,Lekko,21*09'348,51*24'213,P5312W,Obszar zabudowany,Odcinek prosty,Droga powiatowa,Jednojezdniowa dwukierunkowa,N,POWIAT RADOM,RADOM - OBSZAR MIEJSKI
1,0,0,2017,Pochmurno,Inne,Pochmurno,Światło dzienne,Przystanek komunikacji publicznej,EWK-106429391X,11,2017-09-25,Nieokreślone (puste pole),21*09'348,51*24'213,P5312W,Obszar zabudowany,Odcinek prosty,Droga powiatowa,Jednojezdniowa dwukierunkowa,N,POWIAT RADOM,RADOM - OBSZAR MIEJSKI
1,0,2,2017,Pochmurno,Inne,Pochmurno,Światło dzienne,"Skarpa, rów",EWK-105400120F,7,2017-02-06,Lekko,21*05'145,52*34'045,61,Obszar zabudowany,Odcinek prosty; Wzniesienie,Droga krajowa,Jednojezdniowa dwukierunkowa,N,POWIAT PUŁTUSKI,POKRZYWNICA - OBSZAR WIEJSKI
1,1,0,2017,Pochmurno,Inne,Pochmurno,Światło dzienne,"Skarpa, rów",EWK-105587734J,9,2017-03-12,Nieokreślone (puste pole),20*28'439,51*31'054,48,Obszar niezabudowany,Odcinek prosty,Droga krajowa,Jednojezdniowa dwukierunkowa,N,POWIAT PRZYSUSKI,ODRZYWÓŁ - OBSZAR WIEJSKI
1,0,1,2017,Pochmurno,Inne,Pochmurno,Światło dzienne,"Skarpa, rów",EWK-105718063F,6,2017-03-28,Ciężko,19*33'043,52*39'215,GMINNA,Obszar zabudowany,"Zakręt, łuk",Droga gminna,Jednojezdniowa dwukierunkowa,N,POWIAT PŁOCKI,BRUDZEŃ DUŻY - OBSZAR WIEJSKI
1,0,0,2017,Pochmurno,Inne,Pochmurno,Światło dzienne,"Skarpa, rów",EWK-105718063F,6,2017-03-28,Nieokreślone (puste pole),19*33'043,52*39'215,GMINNA,Obszar zabudowany,"Zakręt, łuk",Droga gminna,Jednojezdniowa dwukierunkowa,N,POWIAT PŁOCKI,BRUDZEŃ DUŻY - OBSZAR WIEJSKI
1,0,1,2017,Pochmurno,Inne,Pochmurno,Światło dzienne,"Skarpa, rów",EWK-106315014E,14,2017-08-12,Lekko,20*13'459,52*23'547,62,Obszar niezabudowany,"Zakręt, łuk",Droga krajowa,Jednojezdniowa dwukierunkowa,N,POWIAT PŁOCKI,WYSZOGRÓD - OBSZAR WIEJSKI
1,0,0,2017,Pochmurno,Inne,Pochmurno,Światło dzienne,"Skarpa, rów",EWK-106315014E,14,2017-08-12,Nieokreślone (puste pole),20*13'459,52*23'547,62,Obszar niezabudowany,"Zakręt, łuk",Droga krajowa,Jednojezdniowa dwukierunkowa,N,POWIAT PŁOCKI,WYSZOGRÓD - OBSZAR WIEJSKI
1,0,1,2017,Pochmurno,Inne,Pochmurno,Światło dzienne,"Skarpa, rów",EWK-106552127U,12,2017-11-19,Lekko,20*33'085,51*23'461,12,Obszar niezabudowany,"Zakręt, łuk",Droga krajowa,Jednojezdniowa dwukierunkowa,N,POWIAT PRZYSUSKI,GIELNIÓW - OBSZAR WIEJSKI
1,0,0,2017,Pochmurno,Inne,Pochmurno,Światło dzienne,"Skarpa, rów",EWK-106552127U,12,2017-11-19,Nieokreślone (puste pole),20*33'085,51*23'461,12,Obszar niezabudowany,"Zakręt, łuk",Droga krajowa,Jednojezdniowa dwukierunkowa,N,POWIAT PRZYSUSKI,GIELNIÓW - OBSZAR WIEJSKI
1,0,1,2017,Pochmurno,Inne,Pochmurno,"Świt, zmrok",Jezdnia,EWK-105345215Y,6,2017-01-15,Ciężko,21*37'566,52*32'519,62,Obszar zabudowany,,Droga krajowa,Jednojezdniowa dwukierunkowa,N,POWIAT WĘGROWSKI,ŁOCHÓW - OBSZAR WIEJSKI
1,0,1,2017,Pochmurno,Inne,Pochmurno,"Świt, zmrok",Jezdnia,EWK-105345215Y,6,2017-01-15,Lekko,21*37'566,52*32'519,62,Obszar zabudowany,,Droga krajowa,Jednojezdniowa dwukierunkowa,N,POWIAT WĘGROWSKI,ŁOCHÓW - OBSZAR WIEJSKI
1,1,0,2017,Pochmurno,Inne,Pochmurno,"Świt, zmrok",Jezdnia,EWK-105345215Y,6,2017-01-15,Nieokreślone (puste pole),21*37'566,52*32'519,62,Obszar zabudowany,,Droga krajowa,Jednojezdniowa dwukierunkowa,N,POWIAT WĘGROWSKI,ŁOCHÓW - OBSZAR WIEJSKI
1,0,1,2017,Pochmurno,Najechanie na barierę ochronną,Pochmurno,Noc - droga nieoświetlona,Jezdnia,EWK-106424057F,1,2017-09-20,Lekko,21*47'039,52*57'051,2563W,Obszar niezabudowany,"Zakręt, łuk",Droga powiatowa,Jednojezdniowa dwukierunkowa,T,POWIAT OSTROŁĘCKI,CZERWIN - OBSZAR WIEJSKI
1,0,1,2017,Pochmurno,Najechanie na barierę ochronną,Pochmurno,Światło dzienne,Jezdnia,EWK-106373323Q,10,2017-09-11,Lekko,20*15'332,52*37'287,10,Obszar niezabudowany,"Zakręt, łuk",Droga krajowa,Jednojezdniowa dwukierunkowa,N,POWIAT PŁOŃSKI,DZIERZĄŻNIA - OBSZAR WIEJSKI
1,0,1,2017,Pochmurno,Najechanie na drzewo,Pochmurno,Noc - droga nieoświetlona,Jezdnia,EWK-105599105Y,1,2017-03-15,Lekko,20*20'039,53*01'122,7,Obszar zabudowany,Odcinek prosty,Droga krajowa,Jednojezdniowa dwukierunkowa,N,POWIAT MŁAWSKI,WIŚNIEWO - OBSZAR WIEJSKI
1,0,0,2017,Pochmurno,Najechanie na drzewo,Pochmurno,Noc - droga nieoświetlona,Jezdnia,EWK-105599105Y,1,2017-03-15,Nieokreślone (puste pole),20*20'039,53*01'122,7,Obszar zabudowany,Odcinek prosty,Droga krajowa,Jednojezdniowa dwukierunkowa,N,POWIAT MŁAWSKI,WIŚNIEWO - OBSZAR WIEJSKI
1,1,0,2017,Pochmurno,Najechanie na drzewo,Pochmurno,Noc - droga nieoświetlona,Jezdnia,EWK-106579869Y,0,2017-11-25,Nieokreślone (puste pole),21*30'193,52*35'188,62,Obszar niezabudowany,Odcinek prosty,Droga krajowa,Jednojezdniowa dwukierunkowa,N,POWIAT WYSZKOWSKI,WYSZKÓW - OBSZAR WIEJSKI
1,0,1,2017,Pochmurno,Najechanie na drzewo,Pochmurno,Noc - droga nieoświetlona,Jezdnia,EWK-106593448E,4,2017-12-02,Lekko,22*12'454,52*5''566,P,Obszar niezabudowany,Odcinek prosty,Droga powiatowa,Jednojezdniowa dwukierunkowa,N,POWIAT SIEDLECKI,WIŚNIEW - OBSZAR WIEJSKI
1,0,2,2017,Pochmurno,Najechanie na drzewo,Pochmurno,Noc - droga nieoświetlona,Pobocze,EWK-106594310M,19,2017-12-02,Ciężko,21*35'321,51*19'498,79,Obszar niezabudowany,Odcinek prosty,Droga krajowa,Jednojezdniowa dwukierunkowa,N,POWIAT ZWOLEŃSKI,ZWOLEŃ - OBSZAR WIEJSKI
1,0,1,2017,Pochmurno,Najechanie na drzewo,Pochmurno,Noc - droga nieoświetlona,Pobocze,EWK-106594310M,19,2017-12-02,Lekko,21*35'321,51*19'498,79,Obszar niezabudowany,Odcinek prosty,Droga krajowa,Jednojezdniowa dwukierunkowa,N,POWIAT ZWOLEŃSKI,ZWOLEŃ - OBSZAR WIEJSKI
1,0,1,2017,Pochmurno,Najechanie na drzewo,Pochmurno,Noc - droga nieoświetlona,"Skarpa, rów",EWK-105759449K,1,2017-04-16,Ciężko,21*26'226,53*17'275,2516W,Obszar niezabudowany,"Zakręt, łuk",Droga powiatowa,Jednojezdniowa dwukierunkowa,N,POWIAT OSTROŁĘCKI,KADZIDŁO - OBSZAR WIEJSKI
1,0,1,2017,Pochmurno,Najechanie na drzewo,Pochmurno,Noc - droga nieoświetlona,"Skarpa, rów",EWK-105759449K,1,2017-04-16,Lekko,21*26'226,53*17'275,2516W,Obszar niezabudowany,"Zakręt, łuk",Droga powiatowa,Jednojezdniowa dwukierunkowa,N,POWIAT OSTROŁĘCKI,KADZIDŁO - OBSZAR WIEJSKI
1,0,0,2017,Pochmurno,Najechanie na drzewo,Pochmurno,Noc - droga nieoświetlona,"Skarpa, rów",EWK-105759449K,1,2017-04-16,Nieokreślone (puste pole),21*26'226,53*17'275,2516W,Obszar niezabudowany,"Zakręt, łuk",Droga powiatowa,Jednojezdniowa dwukierunkowa,N,POWIAT OSTROŁĘCKI,KADZIDŁO - OBSZAR WIEJSKI
1,1,0,2017,Pochmurno,Najechanie na drzewo,Pochmurno,Noc - droga nieoświetlona,"Skarpa, rów",EWK-106560978E,19,2017-11-23,Nieokreślone (puste pole),21*51'242,51*48'217,807,Obszar niezabudowany,"Zakręt, łuk",Droga wojewódzka,Jednojezdniowa dwukierunkowa,N,POWIAT GARWOLIŃSKI,ŻELECHÓW - OBSZAR WIEJSKI
1,0,1,2017,Pochmurno,Najechanie na drzewo,Pochmurno,Noc - droga nieoświetlona,"Skarpa, rów",EWK-106642895Q,22,2017-12-27,Ciężko,21*11'055,52*49'290,P2117W,Obszar niezabudowany,"Zakręt, łuk",Droga powiatowa,Jednojezdniowa dwukierunkowa,N,POWIAT MAKOWSKI,SZELKÓW - OBSZAR WIEJSKI
1,0,0,2017,Pochmurno,Najechanie na drzewo,Pochmurno,Noc - droga nieoświetlona,"Skarpa, rów",EWK-106642895Q,22,2017-12-27,Nieokreślone (puste pole),21*11'055,52*49'290,P2117W,Obszar niezabudowany,"Zakręt, łuk",Droga powiatowa,Jednojezdniowa dwukierunkowa,N,POWIAT MAKOWSKI,SZELKÓW - OBSZAR WIEJSKI
1,0,1,2017,Pochmurno,Najechanie na drzewo,Pochmurno,Noc - droga oświetlona,Jezdnia,EWK-106587017M,2,2017-11-29,Ciężko,21*35'474,52*45'381,4401W,Obszar zabudowany,Odcinek prosty,Droga powiatowa,Jednojezdniowa dwukierunkowa,N,POWIAT WYSZKOWSKI,DŁUGOSIODŁO - OBSZAR WIEJSKI
1,1,0,2017,Pochmurno,Najechanie na drzewo,Pochmurno,Noc - droga oświetlona,Jezdnia,EWK-106587017M,2,2017-11-29,Nieokreślone (puste pole),21*35'474,52*45'381,4401W,Obszar zabudowany,Odcinek prosty,Droga powiatowa,Jednojezdniowa dwukierunkowa,N,POWIAT WYSZKOWSKI,DŁUGOSIODŁO - OBSZAR WIEJSKI
1,0,1,2017,Pochmurno,Najechanie na drzewo,Pochmurno,Światło dzienne,Jezdnia,EWK-105361496X,14,2017-01-21,Ciężko,19*46'004,52*51'295,GMINNA,Obszar niezabudowany,Odcinek prosty,Droga gminna,Jednojezdniowa dwukierunkowa,N,POWIAT SIERPECKI,SIERPC - OBSZAR WIEJSKI
1,0,2,2017,Pochmurno,Najechanie na drzewo,Pochmurno,Światło dzienne,Jezdnia,EWK-105380172E,15,2017-01-22,Lekko,21*26'397,52*34'253,627,Obszar niezabudowany,"Zakręt, łuk",Droga wojewódzka,Jednojezdniowa dwukierunkowa,N,POWIAT OSTROŁĘCKI,CZERWIN - OBSZAR WIEJSKI
1,0,1,2017,Pochmurno,Najechanie na drzewo,Pochmurno,Światło dzienne,Jezdnia,EWK-105453867Q,6,2017-02-15,Ciężko,21*31'597,52*34'497,62,Obszar niezabudowany,"Zakręt, łuk",Droga krajowa,Jednojezdniowa dwukierunkowa,N,POWIAT WYSZKOWSKI,WYSZKÓW - OBSZAR WIEJSKI
1,0,1,2017,Pochmurno,Najechanie na drzewo,Pochmurno,Światło dzienne,Jezdnia,EWK-105461477X,8,2017-02-18,Lekko,21*45'258,51*56'072,,Obszar zabudowany,"Zakręt, łuk",Nieokreślone (puste pole),Jednojezdniowa dwukierunkowa,N,POWIAT GARWOLIŃSKI,BOROWIE - OBSZAR WIEJSKI
1,2,0,2017,Pochmurno,Najechanie na drzewo,Pochmurno,Światło dzienne,Jezdnia,EWK-105777171A,18,2017-04-27,Nieokreślone (puste pole),20*53'536,51*24'151,P3502W,Obszar zabudowany,Odcinek prosty,Droga powiatowa,Jednojezdniowa dwukierunkowa,N,POWIAT RADOMSKI,PRZYTYK - OBSZAR WIEJSKI
1,0,1,2017,Pochmurno,Najechanie na drzewo,Pochmurno,Światło dzienne,Jezdnia,EWK-106164465N,18,2017-06-29,Ciężko,20*07'315,52*17'394,GMINNA,Obszar zabudowany,Odcinek prosty,Droga gminna,Jednojezdniowa dwukierunkowa,N,POWIAT SOCHACZEWSKI,MŁODZIESZYN - OBSZAR WIEJSKI
1,0,1,2017,Pochmurno,Najechanie na drzewo,Pochmurno,Światło dzienne,Jezdnia,EWK-106354474U,8,2017-09-01,Lekko,19*58'288,53*08'193,,Obszar zabudowany,Odcinek prosty,Nieokreślone (puste pole),Jednojezdniowa dwukierunkowa,N,POWIAT ŻUROMIŃSKI,KUCZBORK-OSADA - OBSZAR WIEJSKI
1,0,0,2017,Pochmurno,Najechanie na drzewo,Pochmurno,Światło dzienne,Jezdnia,EWK-106354474U,8,2017-09-01,Nieokreślone (puste pole),19*58'288,53*08'193,,Obszar zabudowany,Odcinek prosty,Nieokreślone (puste pole),Jednojezdniowa dwukierunkowa,N,POWIAT ŻUROMIŃSKI,KUCZBORK-OSADA - OBSZAR WIEJSKI
1,0,2,2017,Pochmurno,Najechanie na drzewo,Pochmurno,Światło dzienne,Jezdnia,EWK-106363167W,13,2017-09-05,Lekko,20*55'377,52*39'003,3418P,Obszar niezabudowany,Odcinek prosty,Droga powiatowa,Jednojezdniowa dwukierunkowa,N,POWIAT PUŁTUSKI,WINNICA - OBSZAR WIEJSKI
1,0,0,2017,Pochmurno,Najechanie na drzewo,Pochmurno,Światło dzienne,Jezdnia,EWK-106363167W,13,2017-09-05,Nieokreślone (puste pole),20*55'377,52*39'003,3418P,Obszar niezabudowany,Odcinek prosty,Droga powiatowa,Jednojezdniowa dwukierunkowa,N,POWIAT PUŁTUSKI,WINNICA - OBSZAR WIEJSKI
1,0,1,2017,Pochmurno,Najechanie na drzewo,Pochmurno,Światło dzienne,Jezdnia,EWK-106423919Q,12,2017-09-24,Lekko,20*31'374,51*23'023,34325W,Obszar niezabudowany,"Zakręt, łuk",Droga powiatowa,Jednojezdniowa dwukierunkowa,N,POWIAT PRZYSUSKI,GIELNIÓW - OBSZAR WIEJSKI
1,0,0,2017,Pochmurno,Najechanie na drzewo,Pochmurno,Światło dzienne,Jezdnia,EWK-106423919Q,12,2017-09-24,Nieokreślone (puste pole),20*31'374,51*23'023,34325W,Obszar niezabudowany,"Zakręt, łuk",Droga powiatowa,Jednojezdniowa dwukierunkowa,N,POWIAT PRZYSUSKI,GIELNIÓW - OBSZAR WIEJSKI
1,0,1,2017,Pochmurno,Najechanie na drzewo,Pochmurno,Światło dzienne,Jezdnia,EWK-106464055P,7,2017-10-12,Ciężko,19*45'048,52*51'172,GMINNA,Obszar niezabudowany,Odcinek prosty,Droga gminna,Jednojezdniowa dwukierunkowa,N,POWIAT SIERPECKI,SIERPC - OBSZAR WIEJSKI
1,0,1,2017,Pochmurno,Najechanie na drzewo,Pochmurno,Światło dzienne,Jezdnia,EWK-106532329M,10,2017-11-10,Lekko,19*33'293,52*43'266,,Obszar niezabudowany,Odcinek prosty,Nieokreślone (puste pole),Jednokierunkowa,N,POWIAT SIERPECKI,MOCHOWO - OBSZAR WIEJSKI
1,0,1,2017,Pochmurno,Najechanie na drzewo,Pochmurno,Światło dzienne,Pobocze,EWK-106003278Y,19,2017-06-12,Ciężko,21*18'520,51*38'045,730,Obszar niezabudowany,"Zakręt, łuk",Droga wojewódzka,Jednojezdniowa dwukierunkowa,N,POWIAT KOZIENICKI,GŁOWACZÓW - OBSZAR WIEJSKI
1,0,2,2017,Pochmurno,Najechanie na drzewo,Pochmurno,Światło dzienne,Pobocze,EWK-106170266X,10,2017-07-02,Ciężko,21*23'365,51*43'444,79,Obszar niezabudowany,Odcinek prosty,Droga krajowa,Jednojezdniowa dwukierunkowa,N,POWIAT KOZIENICKI,MAGNUSZEW - OBSZAR WIEJSKI
1,0,0,2017,Pochmurno,Najechanie na drzewo,Pochmurno,Światło dzienne,Pobocze,EWK-106170266X,10,2017-07-02,Nieokreślone (puste pole),21*23'365,51*43'444,79,Obszar niezabudowany,Odcinek prosty,Droga krajowa,Jednojezdniowa dwukierunkowa,N,POWIAT KOZIENICKI,MAGNUSZEW - OBSZAR WIEJSKI
1,0,1,2017,Pochmurno,Najechanie na drzewo,Pochmurno,Światło dzienne,Pobocze,EWK-106535240P,6,2017-11-12,Lekko,21*23'457,51*50'204,801,Obszar niezabudowany,"Zakręt, łuk",Droga wojewódzka,Jednojezdniowa dwukierunkowa,N,POWIAT GARWOLIŃSKI,WILGA - OBSZAR WIEJSKI
1,0,0,2017,Pochmurno,Najechanie na drzewo,Pochmurno,Światło dzienne,Pobocze,EWK-106535240P,6,2017-11-12,Nieokreślone (puste pole),21*23'457,51*50'204,801,Obszar niezabudowany,"Zakręt, łuk",Droga wojewódzka,Jednojezdniowa dwukierunkowa,N,POWIAT GARWOLIŃSKI,WILGA - OBSZAR WIEJSKI