Liczba wypadków,Liczba zabitych,Liczba rannych,Rok,Warunki atmosferyczne,Rodzaj zdarzenia,Warunki atmosferyczne,Oświetlenie,Charakterystyka miejsca zdarzenia,IDKSIP zdarzenia,Godzina,Dzień,Ranny,GPS x,GPS y,Numer drogi,Obszar,Geometria drogi,Kategoria drogi 1,Rodzaj drogi,Czy w zdarzeniu był sprawca nietrzeźwy,Powiat,Gmina
1,1,0,2017,Pochmurno,Najechanie na drzewo,Pochmurno,Światło dzienne,"Skarpa, rów",EWK-105340064T,14,2017-01-12,Nieokreślone (puste pole),21*23'233,51*44'184,79,Obszar niezabudowany,Odcinek prosty,Droga krajowa,Jednojezdniowa dwukierunkowa,N,POWIAT KOZIENICKI,MAGNUSZEW - OBSZAR WIEJSKI
1,0,1,2017,Pochmurno,Najechanie na drzewo,Pochmurno,Światło dzienne,"Skarpa, rów",EWK-105363744K,7,2017-01-22,Lekko,19*58'154,52*38'286,P2919W,Obszar niezabudowany,"Zakręt, łuk",Droga powiatowa,Jednojezdniowa dwukierunkowa,N,POWIAT PŁOCKI,STAROŹREBY - OBSZAR WIEJSKI
1,1,0,2017,Pochmurno,Najechanie na drzewo,Pochmurno,Światło dzienne,"Skarpa, rów",EWK-105364589X,14,2017-01-22,Nieokreślone (puste pole),20*38'418,51*31'310,727,Obszar niezabudowany,Odcinek prosty,Droga wojewódzka,Jednojezdniowa dwukierunkowa,T,POWIAT PRZYSUSKI,KLWÓW - OBSZAR WIEJSKI
1,1,0,2017,Pochmurno,Najechanie na drzewo,Pochmurno,Światło dzienne,"Skarpa, rów",EWK-105450162X,15,2017-02-13,Nieokreślone (puste pole),19*48'039,52*22'348,577,Obszar niezabudowany,Odcinek prosty,Droga wojewódzka,Jednojezdniowa dwukierunkowa,T,POWIAT PŁOCKI,GĄBIN - OBSZAR WIEJSKI
1,0,2,2017,Pochmurno,Najechanie na drzewo,Pochmurno,Światło dzienne,"Skarpa, rów",EWK-105580943Y,7,2017-03-11,Lekko,20*24'086,52*00'322,P4715W,Obszar zabudowany,Odcinek prosty,Droga powiatowa,Jednojezdniowa dwukierunkowa,T,POWIAT ŻYRARDOWSKI,PUSZCZA MARIAŃSKA - OBSZAR WIEJSKI
1,1,0,2017,Pochmurno,Najechanie na drzewo,Pochmurno,Światło dzienne,"Skarpa, rów",EWK-105773302D,11,2017-04-26,Nieokreślone (puste pole),20*47'299,52*59'395,P1202W,Obszar niezabudowany,Odcinek prosty,Droga powiatowa,Jednojezdniowa dwukierunkowa,N,POWIAT PRZASNYSKI,CZERNICE BOROWE - OBSZAR WIEJSKI
1,0,3,2017,Pochmurno,Najechanie na drzewo,Pochmurno,Światło dzienne,"Skarpa, rów",EWK-105783258D,11,2017-04-29,Lekko,22*47'309,52*11'320,698,Obszar niezabudowany,Odcinek prosty,Droga wojewódzka,Jednojezdniowa dwukierunkowa,N,POWIAT ŁOSICKI,ŁOSICE - OBSZAR WIEJSKI
1,1,0,2017,Pochmurno,Najechanie na drzewo,Pochmurno,Światło dzienne,"Skarpa, rów",EWK-106160465X,5,2017-06-28,Nieokreślone (puste pole),21*31'150,52*35'106,62,Obszar niezabudowany,"Zakręt, łuk",Droga krajowa,Jednojezdniowa dwukierunkowa,N,POWIAT WYSZKOWSKI,WYSZKÓW - OBSZAR WIEJSKI
1,0,2,2017,Pochmurno,Najechanie na drzewo,Pochmurno,Światło dzienne,"Skarpa, rów",EWK-106356996H,10,2017-09-02,Lekko,20*13'814,53*6''671,P2333W,Obszar niezabudowany,"Zakręt, łuk",Droga powiatowa,Jednojezdniowa dwukierunkowa,T,POWIAT MŁAWSKI,LIPOWIEC KOŚCIELNY - OBSZAR WIEJSKI
1,0,1,2017,Pochmurno,Najechanie na drzewo,Pochmurno,"Świt, zmrok",Jezdnia,EWK-106454991M,7,2017-10-06,Ciężko,19*35'551,52*36'426,555,Obszar niezabudowany,"Zakręt, łuk",Droga wojewódzka,Jednojezdniowa dwukierunkowa,N,POWIAT PŁOCKI,STARA BIAŁA - OBSZAR WIEJSKI
1,0,1,2017,Pochmurno,Najechanie na drzewo,Pochmurno,"Świt, zmrok",Jezdnia,EWK-106532130W,17,2017-11-09,Lekko,22*27'058,52*7''424,,Obszar niezabudowany,"Zakręt, łuk",Nieokreślone (puste pole),Jednojezdniowa dwukierunkowa,T,POWIAT SIEDLECKI,ZBUCZYN - OBSZAR WIEJSKI
1,0,2,2017,Pochmurno,Najechanie na drzewo,Pochmurno,"Świt, zmrok",Jezdnia,EWK-106543154U,5,2017-11-16,Lekko,21*13'583,51*09'538,9,Obszar zabudowany,"Zakręt, łuk",Droga krajowa,Jednojezdniowa dwukierunkowa,N,POWIAT RADOMSKI,IŁŻA - OBSZAR MIEJSKI
1,0,0,2017,Pochmurno,Najechanie na drzewo,Pochmurno,"Świt, zmrok",Jezdnia,EWK-106543154U,5,2017-11-16,Nieokreślone (puste pole),21*13'583,51*09'538,9,Obszar zabudowany,"Zakręt, łuk",Droga krajowa,Jednojezdniowa dwukierunkowa,N,POWIAT RADOMSKI,IŁŻA - OBSZAR MIEJSKI
1,0,1,2017,Pochmurno,Najechanie na pieszego,Pochmurno,Noc - droga nieoświetlona,"Chodnik, droga dla pieszych",EWK-106363889F,22,2017-09-02,Lekko,19*39'479,52*51'190,GMINNA,Obszar zabudowany,Odcinek prosty,Droga gminna,Jednojezdniowa dwukierunkowa,N,POWIAT SIERPECKI,SIERPC - OBSZAR MIEJSKI
1,0,0,2017,Pochmurno,Najechanie na pieszego,Pochmurno,Noc - droga nieoświetlona,"Chodnik, droga dla pieszych",EWK-106363889F,22,2017-09-02,Nieokreślone (puste pole),19*39'479,52*51'190,GMINNA,Obszar zabudowany,Odcinek prosty,Droga gminna,Jednojezdniowa dwukierunkowa,N,POWIAT SIERPECKI,SIERPC - OBSZAR MIEJSKI
1,1,0,2017,Pochmurno,Najechanie na pieszego,Pochmurno,Noc - droga nieoświetlona,Jezdnia,EWK-105503223W,20,2017-03-03,Nieokreślone (puste pole),21*25'400,51*34'174,P1711W,Obszar niezabudowany,Odcinek prosty,Droga powiatowa,Jednojezdniowa dwukierunkowa,N,POWIAT KOZIENICKI,GŁOWACZÓW - OBSZAR WIEJSKI
1,0,1,2017,Pochmurno,Najechanie na pieszego,Pochmurno,Noc - droga nieoświetlona,Jezdnia,EWK-105719759G,19,2017-03-25,Lekko,22*06'550,52*11'164,2,Obszar zabudowany,Odcinek prosty,Droga krajowa,Jednojezdniowa dwukierunkowa,N,POWIAT SIEDLECKI,KOTUŃ - OBSZAR WIEJSKI
1,0,0,2017,Pochmurno,Najechanie na pieszego,Pochmurno,Noc - droga nieoświetlona,Jezdnia,EWK-105719759G,19,2017-03-25,Nieokreślone (puste pole),22*06'550,52*11'164,2,Obszar zabudowany,Odcinek prosty,Droga krajowa,Jednojezdniowa dwukierunkowa,N,POWIAT SIEDLECKI,KOTUŃ - OBSZAR WIEJSKI
1,1,0,2017,Pochmurno,Najechanie na pieszego,Pochmurno,Noc - droga nieoświetlona,Jezdnia,EWK-105755364E,4,2017-04-14,Nieokreślone (puste pole),21*01'592,51*49'524,P1656W,Obszar niezabudowany,Odcinek prosty,Droga powiatowa,Jednojezdniowa dwukierunkowa,N,POWIAT GRÓJECKI,JASIENIEC - OBSZAR WIEJSKI
1,0,1,2017,Pochmurno,Najechanie na pieszego,Pochmurno,Noc - droga nieoświetlona,Jezdnia,EWK-106342966L,20,2017-08-27,Lekko,20*59'014,51*32'520,732,Obszar niezabudowany,Odcinek prosty,Droga wojewódzka,Jednojezdniowa dwukierunkowa,T,POWIAT BIAŁOBRZESKI,STARA BŁOTNICA - OBSZAR WIEJSKI
1,0,0,2017,Pochmurno,Najechanie na pieszego,Pochmurno,Noc - droga nieoświetlona,Jezdnia,EWK-106342966L,20,2017-08-27,Nieokreślone (puste pole),20*59'014,51*32'520,732,Obszar niezabudowany,Odcinek prosty,Droga wojewódzka,Jednojezdniowa dwukierunkowa,T,POWIAT BIAŁOBRZESKI,STARA BŁOTNICA - OBSZAR WIEJSKI
1,0,1,2017,Pochmurno,Najechanie na pieszego,Pochmurno,Noc - droga nieoświetlona,Jezdnia,EWK-106353908N,20,2017-08-31,Lekko,20*57'344,51*31'155,G110409W,Obszar niezabudowany,Odcinek prosty,Droga gminna,Jednojezdniowa dwukierunkowa,N,POWIAT BIAŁOBRZESKI,STARA BŁOTNICA - OBSZAR WIEJSKI
1,0,0,2017,Pochmurno,Najechanie na pieszego,Pochmurno,Noc - droga nieoświetlona,Jezdnia,EWK-106353908N,20,2017-08-31,Nieokreślone (puste pole),20*57'344,51*31'155,G110409W,Obszar niezabudowany,Odcinek prosty,Droga gminna,Jednojezdniowa dwukierunkowa,N,POWIAT BIAŁOBRZESKI,STARA BŁOTNICA - OBSZAR WIEJSKI
1,0,1,2017,Pochmurno,Najechanie na pieszego,Pochmurno,Noc - droga nieoświetlona,Jezdnia,EWK-106372500E,20,2017-09-10,Lekko,19*36'592,52*35'296,559,Obszar zabudowany,Odcinek prosty,Droga wojewódzka,Jednojezdniowa dwukierunkowa,T,POWIAT PŁOCKI,STARA BIAŁA - OBSZAR WIEJSKI
1,0,0,2017,Pochmurno,Najechanie na pieszego,Pochmurno,Noc - droga nieoświetlona,Jezdnia,EWK-106372500E,20,2017-09-10,Nieokreślone (puste pole),19*36'592,52*35'296,559,Obszar zabudowany,Odcinek prosty,Droga wojewódzka,Jednojezdniowa dwukierunkowa,T,POWIAT PŁOCKI,STARA BIAŁA - OBSZAR WIEJSKI
1,0,1,2017,Pochmurno,Najechanie na pieszego,Pochmurno,Noc - droga nieoświetlona,Jezdnia,EWK-106411453N,0,2017-09-17,Lekko,21*48'303,53*05'492,G251117W,Obszar niezabudowany,Odcinek prosty,Droga gminna,Jednojezdniowa dwukierunkowa,N,POWIAT OSTROŁĘCKI,TROSZYN - OBSZAR WIEJSKI
1,0,0,2017,Pochmurno,Najechanie na pieszego,Pochmurno,Noc - droga nieoświetlona,Jezdnia,EWK-106411453N,0,2017-09-17,Nieokreślone (puste pole),21*48'303,53*05'492,G251117W,Obszar niezabudowany,Odcinek prosty,Droga gminna,Jednojezdniowa dwukierunkowa,N,POWIAT OSTROŁĘCKI,TROSZYN - OBSZAR WIEJSKI
1,1,0,2017,Pochmurno,Najechanie na pieszego,Pochmurno,Noc - droga nieoświetlona,Jezdnia,EWK-106455176M,6,2017-10-09,Nieokreślone (puste pole),21*17'431,51*20'045,P3534W,Obszar niezabudowany,Odcinek prosty,Droga powiatowa,Jednojezdniowa dwukierunkowa,N,POWIAT RADOMSKI,SKARYSZEW - OBSZAR WIEJSKI
1,0,1,2017,Pochmurno,Najechanie na pieszego,Pochmurno,Noc - droga nieoświetlona,Jezdnia,EWK-106462860L,19,2017-10-12,Lekko,20*11'370,52*9'173,3835W,Obszar niezabudowany,Odcinek prosty,Droga powiatowa,Jednojezdniowa dwukierunkowa,T,POWIAT SOCHACZEWSKI,NOWA SUCHA - OBSZAR WIEJSKI
1,0,0,2017,Pochmurno,Najechanie na pieszego,Pochmurno,Noc - droga nieoświetlona,Jezdnia,EWK-106462860L,19,2017-10-12,Nieokreślone (puste pole),20*11'370,52*9'173,3835W,Obszar niezabudowany,Odcinek prosty,Droga powiatowa,Jednojezdniowa dwukierunkowa,T,POWIAT SOCHACZEWSKI,NOWA SUCHA - OBSZAR WIEJSKI
1,0,1,2017,Pochmurno,Najechanie na pieszego,Pochmurno,Noc - droga nieoświetlona,Jezdnia,EWK-106490214F,18,2017-10-21,Lekko,21*33'284,51*22'589,787,Obszar niezabudowany,Odcinek prosty,Droga wojewódzka,Jednojezdniowa dwukierunkowa,T,POWIAT ZWOLEŃSKI,ZWOLEŃ - OBSZAR WIEJSKI
1,0,0,2017,Pochmurno,Najechanie na pieszego,Pochmurno,Noc - droga nieoświetlona,Jezdnia,EWK-106490214F,18,2017-10-21,Nieokreślone (puste pole),21*33'284,51*22'589,787,Obszar niezabudowany,Odcinek prosty,Droga wojewódzka,Jednojezdniowa dwukierunkowa,T,POWIAT ZWOLEŃSKI,ZWOLEŃ - OBSZAR WIEJSKI
1,0,1,2017,Pochmurno,Najechanie na pieszego,Pochmurno,Noc - droga nieoświetlona,Jezdnia,EWK-106532003R,17,2017-11-09,Lekko,21*48'560,51*48'400,,Obszar zabudowany,Odcinek prosty,Nieokreślone (puste pole),Jednojezdniowa dwukierunkowa,N,POWIAT GARWOLIŃSKI,ŻELECHÓW - OBSZAR WIEJSKI
1,0,0,2017,Pochmurno,Najechanie na pieszego,Pochmurno,Noc - droga nieoświetlona,Jezdnia,EWK-106532003R,17,2017-11-09,Nieokreślone (puste pole),21*48'560,51*48'400,,Obszar zabudowany,Odcinek prosty,Nieokreślone (puste pole),Jednojezdniowa dwukierunkowa,N,POWIAT GARWOLIŃSKI,ŻELECHÓW - OBSZAR WIEJSKI
1,0,1,2017,Pochmurno,Najechanie na pieszego,Pochmurno,Noc - droga nieoświetlona,Jezdnia,EWK-106532255Q,17,2017-11-07,Ciężko,21*16'349,51*23'215,12,Obszar niezabudowany,Odcinek prosty,Droga krajowa,Jednojezdniowa dwukierunkowa,N,POWIAT RADOMSKI,GÓZD - OBSZAR WIEJSKI
1,0,0,2017,Pochmurno,Najechanie na pieszego,Pochmurno,Noc - droga nieoświetlona,Jezdnia,EWK-106532255Q,17,2017-11-07,Nieokreślone (puste pole),21*16'349,51*23'215,12,Obszar niezabudowany,Odcinek prosty,Droga krajowa,Jednojezdniowa dwukierunkowa,N,POWIAT RADOMSKI,GÓZD - OBSZAR WIEJSKI
1,0,1,2017,Pochmurno,Najechanie na pieszego,Pochmurno,Noc - droga nieoświetlona,Jezdnia,EWK-106549973E,6,2017-11-19,Lekko,21*09'061,51*21'414,GMINNA,Obszar zabudowany,Odcinek prosty,Droga gminna,Jednojezdniowa dwukierunkowa,N,POWIAT RADOM,RADOM - OBSZAR MIEJSKI
1,0,0,2017,Pochmurno,Najechanie na pieszego,Pochmurno,Noc - droga nieoświetlona,Jezdnia,EWK-106549973E,6,2017-11-19,Nieokreślone (puste pole),21*09'061,51*21'414,GMINNA,Obszar zabudowany,Odcinek prosty,Droga gminna,Jednojezdniowa dwukierunkowa,N,POWIAT RADOM,RADOM - OBSZAR MIEJSKI
1,1,0,2017,Pochmurno,Najechanie na pieszego,Pochmurno,Noc - droga nieoświetlona,Jezdnia,EWK-106613901H,19,2017-12-12,Nieokreślone (puste pole),22*16'505,52*08'045,2,Obszar niezabudowany,Odcinek prosty,Droga krajowa,Jednojezdniowa dwukierunkowa,N,POWIAT SIEDLECKI,SIEDLCE - OBSZAR WIEJSKI
1,0,1,2017,Pochmurno,Najechanie na pieszego,Pochmurno,Noc - droga oświetlona,"Chodnik, droga dla pieszych",EWK-106530530M,17,2017-11-08,Lekko,21*09'464,51*24'025,P5304W  ,Obszar zabudowany,Odcinek prosty,Droga powiatowa,Jednojezdniowa dwukierunkowa,N,POWIAT RADOM,RADOM - OBSZAR MIEJSKI
1,0,0,2017,Pochmurno,Najechanie na pieszego,Pochmurno,Noc - droga oświetlona,"Chodnik, droga dla pieszych",EWK-106530530M,17,2017-11-08,Nieokreślone (puste pole),21*09'464,51*24'025,P5304W  ,Obszar zabudowany,Odcinek prosty,Droga powiatowa,Jednojezdniowa dwukierunkowa,N,POWIAT RADOM,RADOM - OBSZAR MIEJSKI
1,0,1,2017,Pochmurno,Najechanie na pieszego,Pochmurno,Noc - droga oświetlona,Jezdnia,EWK-105344491R,22,2017-01-14,Ciężko,21*09'139,51*24'131,G530047W,Obszar zabudowany,Odcinek prosty,Droga gminna,Jednojezdniowa dwukierunkowa,N,POWIAT RADOM,RADOM - OBSZAR MIEJSKI
1,0,0,2017,Pochmurno,Najechanie na pieszego,Pochmurno,Noc - droga oświetlona,Jezdnia,EWK-105344491R,22,2017-01-14,Nieokreślone (puste pole),21*09'139,51*24'131,G530047W,Obszar zabudowany,Odcinek prosty,Droga gminna,Jednojezdniowa dwukierunkowa,N,POWIAT RADOM,RADOM - OBSZAR MIEJSKI
1,0,1,2017,Pochmurno,Najechanie na pieszego,Pochmurno,Noc - droga oświetlona,Jezdnia,EWK-105693069H,18,2017-03-23,Ciężko,21*27'156,52*36'298,P4408W,Obszar zabudowany,Odcinek prosty,Droga powiatowa,Jednojezdniowa dwukierunkowa,N,POWIAT WYSZKOWSKI,WYSZKÓW - OBSZAR MIEJSKI
1,0,0,2017,Pochmurno,Najechanie na pieszego,Pochmurno,Noc - droga oświetlona,Jezdnia,EWK-105693069H,18,2017-03-23,Nieokreślone (puste pole),21*27'156,52*36'298,P4408W,Obszar zabudowany,Odcinek prosty,Droga powiatowa,Jednojezdniowa dwukierunkowa,N,POWIAT WYSZKOWSKI,WYSZKÓW - OBSZAR MIEJSKI
1,1,0,2017,Pochmurno,Najechanie na pieszego,Pochmurno,Noc - droga oświetlona,Jezdnia,EWK-105693080H,18,2017-03-23,Nieokreślone (puste pole),21*22'589,53*17'305,53,Obszar niezabudowany,,Droga krajowa,Jednojezdniowa dwukierunkowa,N,POWIAT OSTROŁĘCKI,KADZIDŁO - OBSZAR WIEJSKI
1,1,0,2017,Pochmurno,Najechanie na pieszego,Pochmurno,Noc - droga oświetlona,Jezdnia,EWK-106319802X,23,2017-08-15,Nieokreślone (puste pole),21*14'462,51*25'555,737,Obszar zabudowany,Odcinek prosty,Droga wojewódzka,Jednojezdniowa dwukierunkowa,N,POWIAT RADOMSKI,JEDLNIA-LETNISKO - OBSZAR WIEJSKI
1,1,0,2017,Pochmurno,Najechanie na pieszego,Pochmurno,Noc - droga oświetlona,Jezdnia,EWK-106376882H,19,2017-09-12,Nieokreślone (puste pole),20*35'052,51*56'564,50,Obszar zabudowany,,Droga krajowa,Jednojezdniowa dwukierunkowa,N,POWIAT ŻYRARDOWSKI,MSZCZONÓW - OBSZAR WIEJSKI
1,0,1,2017,Pochmurno,Najechanie na pieszego,Pochmurno,Noc - droga oświetlona,Jezdnia,EWK-106469812R,3,2017-10-15,Lekko,21*07'046,51*24'136,7,Obszar zabudowany,,Droga krajowa,Dwie jezdnie jednokierunkowe,T,POWIAT RADOM,RADOM - OBSZAR MIEJSKI
1,0,0,2017,Pochmurno,Najechanie na pieszego,Pochmurno,Noc - droga oświetlona,Jezdnia,EWK-106469812R,3,2017-10-15,Nieokreślone (puste pole),21*07'046,51*24'136,7,Obszar zabudowany,,Droga krajowa,Dwie jezdnie jednokierunkowe,T,POWIAT RADOM,RADOM - OBSZAR MIEJSKI
1,1,0,2017,Pochmurno,Najechanie na pieszego,Pochmurno,Noc - droga oświetlona,Jezdnia,EWK-106487481F,19,2017-10-19,Nieokreślone (puste pole),21*07'301,51*24'316,7,Obszar zabudowany,Odcinek prosty,Droga krajowa,Dwie jezdnie jednokierunkowe,N,POWIAT RADOM,RADOM - OBSZAR MIEJSKI
1,0,1,2017,Pochmurno,Najechanie na pieszego,Pochmurno,Noc - droga oświetlona,Jezdnia,EWK-106490171U,18,2017-10-21,Lekko,21*27'515,53*08'177,2536W,Obszar zabudowany,Odcinek prosty,Droga powiatowa,Jednojezdniowa dwukierunkowa,T,POWIAT OSTROŁĘCKI,LELIS - OBSZAR WIEJSKI
1,0,0,2017,Pochmurno,Najechanie na pieszego,Pochmurno,Noc - droga oświetlona,Jezdnia,EWK-106490171U,18,2017-10-21,Nieokreślone (puste pole),21*27'515,53*08'177,2536W,Obszar zabudowany,Odcinek prosty,Droga powiatowa,Jednojezdniowa dwukierunkowa,T,POWIAT OSTROŁĘCKI,LELIS - OBSZAR WIEJSKI
1,0,1,2017,Pochmurno,Najechanie na pieszego,Pochmurno,Noc - droga oświetlona,Jezdnia,EWK-106521189D,17,2017-11-03,Ciężko,21*40'321,51*44'213,807,Obszar zabudowany,Odcinek prosty,Droga wojewódzka,Jednojezdniowa dwukierunkowa,N,POWIAT GARWOLIŃSKI,SOBOLEW - OBSZAR WIEJSKI
1,0,0,2017,Pochmurno,Najechanie na pieszego,Pochmurno,Noc - droga oświetlona,Jezdnia,EWK-106521189D,17,2017-11-03,Nieokreślone (puste pole),21*40'321,51*44'213,807,Obszar zabudowany,Odcinek prosty,Droga wojewódzka,Jednojezdniowa dwukierunkowa,N,POWIAT GARWOLIŃSKI,SOBOLEW - OBSZAR WIEJSKI
1,1,0,2017,Pochmurno,Najechanie na pieszego,Pochmurno,Noc - droga oświetlona,Jezdnia,EWK-106608950H,16,2017-12-10,Nieokreślone (puste pole),20*07'271,52*46'589,P3082W,Obszar zabudowany,Odcinek prosty,Droga powiatowa,Jednojezdniowa dwukierunkowa,T,POWIAT PŁOŃSKI,RACIĄŻ - OBSZAR MIEJSKI
1,0,1,2017,Pochmurno,Najechanie na pieszego,Pochmurno,Noc - droga oświetlona,Jezdnia,EWK-106612017U,19,2017-12-11,Lekko,20*12'587,52*13'561,GMINNA,Obszar zabudowany,Odcinek prosty,Droga gminna,Jednojezdniowa dwukierunkowa,T,POWIAT SOCHACZEWSKI,SOCHACZEW - OBSZAR MIEJSKI
1,0,0,2017,Pochmurno,Najechanie na pieszego,Pochmurno,Noc - droga oświetlona,Jezdnia,EWK-106612017U,19,2017-12-11,Nieokreślone (puste pole),20*12'587,52*13'561,GMINNA,Obszar zabudowany,Odcinek prosty,Droga gminna,Jednojezdniowa dwukierunkowa,T,POWIAT SOCHACZEWSKI,SOCHACZEW - OBSZAR MIEJSKI
1,0,1,2017,Pochmurno,Najechanie na pieszego,Pochmurno,Noc - droga oświetlona,Jezdnia,EWK-106649735W,19,2017-12-30,Lekko,21*44'392,51*42'339,,Obszar zabudowany,Odcinek prosty,Nieokreślone (puste pole),Jednojezdniowa dwukierunkowa,T,POWIAT GARWOLIŃSKI,TROJANÓW - OBSZAR WIEJSKI
1,0,0,2017,Pochmurno,Najechanie na pieszego,Pochmurno,Noc - droga oświetlona,Jezdnia,EWK-106649735W,19,2017-12-30,Nieokreślone (puste pole),21*44'392,51*42'339,,Obszar zabudowany,Odcinek prosty,Nieokreślone (puste pole),Jednojezdniowa dwukierunkowa,T,POWIAT GARWOLIŃSKI,TROJANÓW - OBSZAR WIEJSKI
1,0,1,2017,Pochmurno,Najechanie na pieszego,Pochmurno,Noc - droga oświetlona,Jezdnia,EWK-106650019A,19,2017-12-31,Ciężko,21*06'447,51*13'396,P3545W,Obszar zabudowany,Odcinek prosty,Droga powiatowa,Jednojezdniowa dwukierunkowa,N,POWIAT RADOMSKI,WIERZBICA - OBSZAR WIEJSKI
1,0,0,2017,Pochmurno,Najechanie na pieszego,Pochmurno,Noc - droga oświetlona,Jezdnia,EWK-106650019A,19,2017-12-31,Nieokreślone (puste pole),21*06'447,51*13'396,P3545W,Obszar zabudowany,Odcinek prosty,Droga powiatowa,Jednojezdniowa dwukierunkowa,N,POWIAT RADOMSKI,WIERZBICA - OBSZAR WIEJSKI
1,0,1,2017,Pochmurno,Najechanie na pieszego,Pochmurno,Noc - droga oświetlona,Jezdnia,EWK-106651282R,16,2017-12-31,Lekko,21*53'428,51*59'350,,Obszar zabudowany,Odcinek prosty,Nieokreślone (puste pole),Jednojezdniowa dwukierunkowa,N,POWIAT SIEDLECKI,WODYNIE - OBSZAR WIEJSKI
1,0,0,2017,Pochmurno,Najechanie na pieszego,Pochmurno,Noc - droga oświetlona,Jezdnia,EWK-106651282R,16,2017-12-31,Nieokreślone (puste pole),21*53'428,51*59'350,,Obszar zabudowany,Odcinek prosty,Nieokreślone (puste pole),Jednojezdniowa dwukierunkowa,N,POWIAT SIEDLECKI,WODYNIE - OBSZAR WIEJSKI
1,0,1,2017,Pochmurno,Najechanie na pieszego,Pochmurno,Noc - droga oświetlona,Przejście dla pieszych,EWK-105333220T,17,2017-01-10,Lekko,21*27'185,52*36'137,P4408W,Obszar zabudowany,Odcinek prosty,Droga powiatowa,Jednojezdniowa dwukierunkowa,N,POWIAT WYSZKOWSKI,WYSZKÓW - OBSZAR MIEJSKI
1,0,0,2017,Pochmurno,Najechanie na pieszego,Pochmurno,Noc - droga oświetlona,Przejście dla pieszych,EWK-105333220T,17,2017-01-10,Nieokreślone (puste pole),21*27'185,52*36'137,P4408W,Obszar zabudowany,Odcinek prosty,Droga powiatowa,Jednojezdniowa dwukierunkowa,N,POWIAT WYSZKOWSKI,WYSZKÓW - OBSZAR MIEJSKI
1,0,1,2017,Pochmurno,Najechanie na pieszego,Pochmurno,Noc - droga oświetlona,Przejście dla pieszych,EWK-105472856Y,17,2017-02-22,Lekko,21*09'084,51*24'283,P5339W,Obszar zabudowany,,Droga powiatowa,Dwie jezdnie jednokierunkowe,N,POWIAT RADOM,RADOM - OBSZAR MIEJSKI
1,0,0,2017,Pochmurno,Najechanie na pieszego,Pochmurno,Noc - droga oświetlona,Przejście dla pieszych,EWK-105472856Y,17,2017-02-22,Nieokreślone (puste pole),21*09'084,51*24'283,P5339W,Obszar zabudowany,,Droga powiatowa,Dwie jezdnie jednokierunkowe,N,POWIAT RADOM,RADOM - OBSZAR MIEJSKI
1,0,1,2017,Pochmurno,Najechanie na pieszego,Pochmurno,Noc - droga oświetlona,Przejście dla pieszych,EWK-105916305T,21,2017-05-23,Lekko,21*13'504,51*24'482,12,Obszar niezabudowany,Odcinek prosty,Droga krajowa,Jednojezdniowa dwukierunkowa,N,POWIAT RADOMSKI,JEDLNIA-LETNISKO - OBSZAR WIEJSKI
1,0,0,2017,Pochmurno,Najechanie na pieszego,Pochmurno,Noc - droga oświetlona,Przejście dla pieszych,EWK-105916305T,21,2017-05-23,Nieokreślone (puste pole),21*13'504,51*24'482,12,Obszar niezabudowany,Odcinek prosty,Droga krajowa,Jednojezdniowa dwukierunkowa,N,POWIAT RADOMSKI,JEDLNIA-LETNISKO - OBSZAR WIEJSKI
1,0,1,2017,Pochmurno,Najechanie na pieszego,Pochmurno,Noc - droga oświetlona,Przejście dla pieszych,EWK-106422946F,19,2017-09-23,Lekko,21*09'259,51*24'269,P5301W,Obszar zabudowany,,Droga powiatowa,Jednojezdniowa dwukierunkowa,N,POWIAT RADOM,RADOM - OBSZAR MIEJSKI
1,0,0,2017,Pochmurno,Najechanie na pieszego,Pochmurno,Noc - droga oświetlona,Przejście dla pieszych,EWK-106422946F,19,2017-09-23,Nieokreślone (puste pole),21*09'259,51*24'269,P5301W,Obszar zabudowany,,Droga powiatowa,Jednojezdniowa dwukierunkowa,N,POWIAT RADOM,RADOM - OBSZAR MIEJSKI
1,0,1,2017,Pochmurno,Najechanie na pieszego,Pochmurno,Noc - droga oświetlona,Przejście dla pieszych,EWK-106454199U,20,2017-10-08,Ciężko,21*08'573,51*25'465,7,Obszar zabudowany,Odcinek prosty,Droga krajowa,Dwie jezdnie jednokierunkowe,N,POWIAT RADOM,RADOM - OBSZAR MIEJSKI
1,0,0,2017,Pochmurno,Najechanie na pieszego,Pochmurno,Noc - droga oświetlona,Przejście dla pieszych,EWK-106454199U,20,2017-10-08,Nieokreślone (puste pole),21*08'573,51*25'465,7,Obszar zabudowany,Odcinek prosty,Droga krajowa,Dwie jezdnie jednokierunkowe,N,POWIAT RADOM,RADOM - OBSZAR MIEJSKI
1,0,1,2017,Pochmurno,Najechanie na pieszego,Pochmurno,Noc - droga oświetlona,Przejście dla pieszych,EWK-106571683R,20,2017-11-24,Ciężko,20*15'030,52*13'415,GMINNA,Obszar zabudowany,Odcinek prosty,Droga gminna,Jednojezdniowa dwukierunkowa,N,POWIAT SOCHACZEWSKI,SOCHACZEW - OBSZAR MIEJSKI
1,0,0,2017,Pochmurno,Najechanie na pieszego,Pochmurno,Noc - droga oświetlona,Przejście dla pieszych,EWK-106571683R,20,2017-11-24,Nieokreślone (puste pole),20*15'030,52*13'415,GMINNA,Obszar zabudowany,Odcinek prosty,Droga gminna,Jednojezdniowa dwukierunkowa,N,POWIAT SOCHACZEWSKI,SOCHACZEW - OBSZAR MIEJSKI