Liczba wypadków,Liczba zabitych,Liczba rannych,Rok,Warunki atmosferyczne,Rodzaj zdarzenia,Warunki atmosferyczne,Oświetlenie,Charakterystyka miejsca zdarzenia,IDKSIP zdarzenia,Godzina,Dzień,Ranny,GPS x,GPS y,Numer drogi,Obszar,Geometria drogi,Kategoria drogi 1,Rodzaj drogi,Czy w zdarzeniu był sprawca nietrzeźwy,Powiat,Gmina
1,0,1,2017,Pochmurno,Wywrócenie się pojazdu,Pochmurno,Noc - droga nieoświetlona,"Skarpa, rów",EWK-106226103N,23,2017-07-08,Ciężko,21*45'044,51*28'118,P4504W,Obszar niezabudowany,"Zakręt, łuk",Droga powiatowa,Jednojezdniowa dwukierunkowa,N,POWIAT KOZIENICKI,GNIEWOSZÓW - OBSZAR WIEJSKI
1,0,1,2017,Pochmurno,Wywrócenie się pojazdu,Pochmurno,Noc - droga nieoświetlona,"Skarpa, rów",EWK-106226103N,23,2017-07-08,Lekko,21*45'044,51*28'118,P4504W,Obszar niezabudowany,"Zakręt, łuk",Droga powiatowa,Jednojezdniowa dwukierunkowa,N,POWIAT KOZIENICKI,GNIEWOSZÓW - OBSZAR WIEJSKI
1,0,0,2017,Pochmurno,Wywrócenie się pojazdu,Pochmurno,Noc - droga nieoświetlona,"Skarpa, rów",EWK-106226103N,23,2017-07-08,Nieokreślone (puste pole),21*45'044,51*28'118,P4504W,Obszar niezabudowany,"Zakręt, łuk",Droga powiatowa,Jednojezdniowa dwukierunkowa,N,POWIAT KOZIENICKI,GNIEWOSZÓW - OBSZAR WIEJSKI
1,0,3,2017,Pochmurno,Wywrócenie się pojazdu,Pochmurno,Noc - droga oświetlona,Jezdnia,EWK-105395758N,18,2017-02-02,Ciężko,21*14'189,51*23'341,P3528W,Obszar zabudowany,Odcinek prosty,Droga powiatowa,Jednojezdniowa dwukierunkowa,N,POWIAT RADOMSKI,GÓZD - OBSZAR WIEJSKI
1,0,3,2017,Pochmurno,Wywrócenie się pojazdu,Pochmurno,Noc - droga oświetlona,Jezdnia,EWK-105395758N,18,2017-02-02,Lekko,21*14'189,51*23'341,P3528W,Obszar zabudowany,Odcinek prosty,Droga powiatowa,Jednojezdniowa dwukierunkowa,N,POWIAT RADOMSKI,GÓZD - OBSZAR WIEJSKI
1,0,1,2017,Pochmurno,Wywrócenie się pojazdu,Pochmurno,Noc - droga oświetlona,Jezdnia,EWK-105690117E,23,2017-03-22,Lekko,21*13'246,51*21'515,GMINNA,Obszar zabudowany,Odcinek prosty,Droga gminna,Jednojezdniowa dwukierunkowa,N,POWIAT RADOMSKI,SKARYSZEW - OBSZAR WIEJSKI
1,0,1,2017,Pochmurno,Wywrócenie się pojazdu,Pochmurno,Noc - droga oświetlona,Jezdnia,EWK-106285565C,23,2017-07-27,Lekko,21*06'539,51*30'527,7,Obszar niezabudowany,"Zakręt, łuk",Droga krajowa,Dwie jezdnie jednokierunkowe,T,POWIAT RADOMSKI,JEDLIŃSK - OBSZAR WIEJSKI
1,0,1,2017,Pochmurno,Wywrócenie się pojazdu,Pochmurno,Noc - droga oświetlona,Jezdnia,EWK-106530386C,16,2017-11-08,Ciężko,21*12'099,51*26'074,G530148W,Obszar zabudowany,Odcinek prosty,Droga gminna,Jednojezdniowa dwukierunkowa,N,POWIAT RADOM,RADOM - OBSZAR MIEJSKI
1,0,0,2017,Pochmurno,Wywrócenie się pojazdu,Pochmurno,Noc - droga oświetlona,Jezdnia,EWK-106530386C,16,2017-11-08,Nieokreślone (puste pole),21*12'099,51*26'074,G530148W,Obszar zabudowany,Odcinek prosty,Droga gminna,Jednojezdniowa dwukierunkowa,N,POWIAT RADOM,RADOM - OBSZAR MIEJSKI
1,0,1,2017,Pochmurno,Wywrócenie się pojazdu,Pochmurno,Noc - droga oświetlona,Pobocze,EWK-106263265J,0,2017-07-15,Lekko,20*34'332,51*17'204,749,Obszar zabudowany,"Zakręt, łuk",Droga wojewódzka,Jednojezdniowa dwukierunkowa,N,POWIAT PRZYSUSKI,PRZYSUCHA - OBSZAR WIEJSKI
1,0,0,2017,Pochmurno,Wywrócenie się pojazdu,Pochmurno,Noc - droga oświetlona,Pobocze,EWK-106263265J,0,2017-07-15,Nieokreślone (puste pole),20*34'332,51*17'204,749,Obszar zabudowany,"Zakręt, łuk",Droga wojewódzka,Jednojezdniowa dwukierunkowa,N,POWIAT PRZYSUSKI,PRZYSUCHA - OBSZAR WIEJSKI
1,0,2,2017,Pochmurno,Wywrócenie się pojazdu,Pochmurno,Światło dzienne,Jezdnia,EWK-105357595H,7,2017-01-20,Lekko,21*04'366,51*27'235,GMINNA,Obszar zabudowany,Odcinek prosty,Droga gminna,Jednojezdniowa dwukierunkowa,N,POWIAT RADOMSKI,ZAKRZEW - OBSZAR WIEJSKI
1,0,1,2017,Pochmurno,Wywrócenie się pojazdu,Pochmurno,Światło dzienne,Jezdnia,EWK-105478768J,6,2017-02-25,Lekko,20*53'528,51*53'495,722,Obszar niezabudowany,Odcinek prosty,Droga wojewódzka,Jednojezdniowa dwukierunkowa,N,POWIAT GRÓJECKI,GRÓJEC - OBSZAR WIEJSKI
1,0,0,2017,Pochmurno,Wywrócenie się pojazdu,Pochmurno,Światło dzienne,Jezdnia,EWK-105478768J,6,2017-02-25,Nieokreślone (puste pole),20*53'528,51*53'495,722,Obszar niezabudowany,Odcinek prosty,Droga wojewódzka,Jednojezdniowa dwukierunkowa,N,POWIAT GRÓJECKI,GRÓJEC - OBSZAR WIEJSKI
1,0,2,2017,Pochmurno,Wywrócenie się pojazdu,Pochmurno,Światło dzienne,Jezdnia,EWK-105761254U,15,2017-04-18,Lekko,21*21'504,51*51'393,801,Obszar niezabudowany,"Zakręt, łuk",Droga wojewódzka,Jednojezdniowa dwukierunkowa,N,POWIAT GARWOLIŃSKI,WILGA - OBSZAR WIEJSKI
1,0,0,2017,Pochmurno,Wywrócenie się pojazdu,Pochmurno,Światło dzienne,Jezdnia,EWK-105761254U,15,2017-04-18,Nieokreślone (puste pole),21*21'504,51*51'393,801,Obszar niezabudowany,"Zakręt, łuk",Droga wojewódzka,Jednojezdniowa dwukierunkowa,N,POWIAT GARWOLIŃSKI,WILGA - OBSZAR WIEJSKI
1,1,0,2017,Pochmurno,Wywrócenie się pojazdu,Pochmurno,Światło dzienne,Jezdnia,EWK-105798087J,11,2017-05-10,Nieokreślone (puste pole),21*36'471,53*08'493,G250615W,Obszar zabudowany,Odcinek prosty,Droga gminna,Jednojezdniowa dwukierunkowa,N,POWIAT OSTROŁĘCKI,LELIS - OBSZAR WIEJSKI
1,0,1,2017,Pochmurno,Wywrócenie się pojazdu,Pochmurno,Światło dzienne,Jezdnia,EWK-106163834W,12,2017-06-29,Lekko,19*48'123,52*54'535,541,Obszar niezabudowany,"Zakręt, łuk",Droga wojewódzka,Jednojezdniowa dwukierunkowa,N,POWIAT SIERPECKI,ROŚCISZEWO - OBSZAR WIEJSKI
1,0,1,2017,Pochmurno,Wywrócenie się pojazdu,Pochmurno,Światło dzienne,Jezdnia,EWK-106174882R,8,2017-07-04,Lekko,19*58'244,52*18'048,577,Obszar niezabudowany,"Zakręt, łuk",Droga wojewódzka,Jednojezdniowa dwukierunkowa,N,POWIAT SOCHACZEWSKI,IŁÓW - OBSZAR WIEJSKI
1,0,0,2017,Pochmurno,Wywrócenie się pojazdu,Pochmurno,Światło dzienne,Jezdnia,EWK-106174882R,8,2017-07-04,Nieokreślone (puste pole),19*58'244,52*18'048,577,Obszar niezabudowany,"Zakręt, łuk",Droga wojewódzka,Jednojezdniowa dwukierunkowa,N,POWIAT SOCHACZEWSKI,IŁÓW - OBSZAR WIEJSKI
1,0,1,2017,Pochmurno,Wywrócenie się pojazdu,Pochmurno,Światło dzienne,Jezdnia,EWK-106279824Q,11,2017-07-25,Lekko,21*49'267,51*42'036,17,Obszar niezabudowany,Odcinek prosty,Droga krajowa,Jednojezdniowa dwukierunkowa,N,POWIAT GARWOLIŃSKI,TROJANÓW - OBSZAR WIEJSKI
1,0,0,2017,Pochmurno,Wywrócenie się pojazdu,Pochmurno,Światło dzienne,Jezdnia,EWK-106279824Q,11,2017-07-25,Nieokreślone (puste pole),21*49'267,51*42'036,17,Obszar niezabudowany,Odcinek prosty,Droga krajowa,Jednojezdniowa dwukierunkowa,N,POWIAT GARWOLIŃSKI,TROJANÓW - OBSZAR WIEJSKI
1,0,1,2017,Pochmurno,Wywrócenie się pojazdu,Pochmurno,Światło dzienne,Jezdnia,EWK-106331419W,16,2017-08-22,Lekko,22*51'175,52*08'468,GMINNA,Obszar zabudowany,Odcinek prosty,Droga gminna,Jednojezdniowa dwukierunkowa,N,POWIAT ŁOSICKI,HUSZLEW - OBSZAR WIEJSKI
1,1,0,2017,Pochmurno,Wywrócenie się pojazdu,Pochmurno,Światło dzienne,Jezdnia,EWK-106342189U,15,2017-08-27,Nieokreślone (puste pole),21*45'029,51*06'074,754,Obszar zabudowany,"Zakręt, łuk",Droga wojewódzka,Jednojezdniowa dwukierunkowa,N,POWIAT LIPSKI,SOLEC NAD WISŁĄ - OBSZAR WIEJSKI
1,0,1,2017,Pochmurno,Wywrócenie się pojazdu,Pochmurno,Światło dzienne,Jezdnia,EWK-106358848N,18,2017-09-03,Lekko,22*35'280,52*03'254,2,Obszar niezabudowany,"Zakręt, łuk",Droga krajowa,Jednojezdniowa dwukierunkowa,T,POWIAT SIEDLECKI,ZBUCZYN - OBSZAR WIEJSKI
1,0,1,2017,Pochmurno,Wywrócenie się pojazdu,Pochmurno,Światło dzienne,Jezdnia,EWK-106488844Q,15,2017-10-20,Lekko,20*12'050,52*26'553,50,Obszar niezabudowany,"Zakręt, łuk",Droga krajowa,Jednojezdniowa dwukierunkowa,T,POWIAT PŁOCKI,WYSZOGRÓD - OBSZAR WIEJSKI
1,0,1,2017,Pochmurno,Wywrócenie się pojazdu,Pochmurno,Światło dzienne,Jezdnia,EWK-106632387P,8,2017-12-21,Lekko,21*10'194,51*21'510,G530197W,Obszar zabudowany,Odcinek prosty,Droga gminna,Jednojezdniowa dwukierunkowa,N,POWIAT RADOM,RADOM - OBSZAR MIEJSKI
1,0,1,2017,Pochmurno,Wywrócenie się pojazdu,Pochmurno,Światło dzienne,Pobocze,EWK-106281925X,18,2017-07-25,Lekko,19*51'367,52*29'584,P2952W,Obszar zabudowany,,Droga powiatowa,Jednojezdniowa dwukierunkowa,N,POWIAT PŁOCKI,SŁUPNO - OBSZAR WIEJSKI
1,1,0,2017,Pochmurno,Wywrócenie się pojazdu,Pochmurno,Światło dzienne,"Skarpa, rów",EWK-106423479J,9,2017-09-24,Nieokreślone (puste pole),19*36'499,52*20'353,P1431W,Obszar niezabudowany,Odcinek prosty,Droga powiatowa,Jednojezdniowa dwukierunkowa,N,POWIAT GOSTYNIŃSKI,SZCZAWIN KOŚCIELNY - OBSZAR WIEJSKI
1,0,1,2017,Pochmurno,Wywrócenie się pojazdu,Pochmurno,"Świt, zmrok",Jezdnia,EWK-105762080Q,19,2017-04-16,Ciężko,22*33'203,52*07'217,3800P,Obszar niezabudowany,Odcinek prosty,Droga powiatowa,Jednojezdniowa dwukierunkowa,N,POWIAT SIEDLECKI,MORDY - OBSZAR WIEJSKI
1,0,1,2017,Pochmurno,Wywrócenie się pojazdu,Pochmurno,"Świt, zmrok",Jezdnia,EWK-106319727H,19,2017-08-15,Lekko,21*20'483,51*16'593,P3536W,Obszar niezabudowany,Odcinek prosty,Droga powiatowa,Jednojezdniowa dwukierunkowa,N,POWIAT RADOMSKI,SKARYSZEW - OBSZAR WIEJSKI
1,0,0,2017,Pochmurno,Wywrócenie się pojazdu,Pochmurno,"Świt, zmrok",Jezdnia,EWK-106319727H,19,2017-08-15,Nieokreślone (puste pole),21*20'483,51*16'593,P3536W,Obszar niezabudowany,Odcinek prosty,Droga powiatowa,Jednojezdniowa dwukierunkowa,N,POWIAT RADOMSKI,SKARYSZEW - OBSZAR WIEJSKI
1,0,1,2017,Pochmurno,Wywrócenie się pojazdu,Pochmurno,"Świt, zmrok","Skarpa, rów",EWK-105464732D,17,2017-02-19,Ciężko,19*59'369,52*47'113,2994W,Obszar niezabudowany,"Zakręt, łuk",Droga powiatowa,Jednojezdniowa dwukierunkowa,T,POWIAT PŁOŃSKI,RACIĄŻ - OBSZAR WIEJSKI
1,0,0,2017,Pochmurno,Wywrócenie się pojazdu,Pochmurno,"Świt, zmrok","Skarpa, rów",EWK-105464732D,17,2017-02-19,Nieokreślone (puste pole),19*59'369,52*47'113,2994W,Obszar niezabudowany,"Zakręt, łuk",Droga powiatowa,Jednojezdniowa dwukierunkowa,T,POWIAT PŁOŃSKI,RACIĄŻ - OBSZAR WIEJSKI
1,0,1,2017,Pochmurno,Wywrócenie się pojazdu,Pochmurno,"Świt, zmrok","Skarpa, rów",EWK-106315936G,4,2017-08-13,Lekko,20*46'100,51*34'361,48,Obszar zabudowany,"Zakręt, łuk",Droga krajowa,Jednojezdniowa dwukierunkowa,N,POWIAT BIAŁOBRZESKI,WYŚMIERZYCE - OBSZAR WIEJSKI
1,0,1,2017,Pochmurno,Zdarzenie z pasażerem,Pochmurno,Światło dzienne,Jezdnia,EWK-105751655N,11,2017-04-12,Lekko,21*05'078,51*24'582,740,Obszar zabudowany,Odcinek prosty,Droga wojewódzka,Jednojezdniowa dwukierunkowa,N,POWIAT RADOMSKI,ZAKRZEW - OBSZAR WIEJSKI
1,0,0,2017,Pochmurno,Zdarzenie z pasażerem,Pochmurno,Światło dzienne,Jezdnia,EWK-105751655N,11,2017-04-12,Nieokreślone (puste pole),21*05'078,51*24'582,740,Obszar zabudowany,Odcinek prosty,Droga wojewódzka,Jednojezdniowa dwukierunkowa,N,POWIAT RADOMSKI,ZAKRZEW - OBSZAR WIEJSKI
1,0,1,2017,Pochmurno,Zdarzenie z pasażerem,Pochmurno,Światło dzienne,Jezdnia,EWK-105788207D,10,2017-05-04,Lekko,19*41'369,52*32'402,5207W,Obszar zabudowany,Odcinek prosty,Droga powiatowa,Jednokierunkowa,N,POWIAT PŁOCK,PŁOCK - OBSZAR MIEJSKI
1,0,0,2017,Pochmurno,Zdarzenie z pasażerem,Pochmurno,Światło dzienne,Jezdnia,EWK-105788207D,10,2017-05-04,Nieokreślone (puste pole),19*41'369,52*32'402,5207W,Obszar zabudowany,Odcinek prosty,Droga powiatowa,Jednokierunkowa,N,POWIAT PŁOCK,PŁOCK - OBSZAR MIEJSKI
1,0,1,2017,Pochmurno,Zdarzenie z pasażerem,Pochmurno,Światło dzienne,Jezdnia,EWK-106163782F,7,2017-06-28,Lekko,21*10'179,51*24'301,P5312W,Obszar zabudowany,Odcinek prosty,Droga powiatowa,Jednojezdniowa dwukierunkowa,N,POWIAT RADOM,RADOM - OBSZAR MIEJSKI
1,0,0,2017,Pochmurno,Zdarzenie z pasażerem,Pochmurno,Światło dzienne,Jezdnia,EWK-106163782F,7,2017-06-28,Nieokreślone (puste pole),21*10'179,51*24'301,P5312W,Obszar zabudowany,Odcinek prosty,Droga powiatowa,Jednojezdniowa dwukierunkowa,N,POWIAT RADOM,RADOM - OBSZAR MIEJSKI
1,0,1,2017,Pochmurno,Zdarzenie z pasażerem,Pochmurno,"Świt, zmrok",Przystanek komunikacji publicznej,EWK-106516427D,15,2017-11-01,Lekko,21*10'392,51*23'554,P3528W,Obszar zabudowany,Odcinek prosty,Droga powiatowa,Jednojezdniowa dwukierunkowa,N,POWIAT RADOM,RADOM - OBSZAR MIEJSKI
1,0,0,2017,Pochmurno,Zdarzenie z pasażerem,Pochmurno,"Świt, zmrok",Przystanek komunikacji publicznej,EWK-106516427D,15,2017-11-01,Nieokreślone (puste pole),21*10'392,51*23'554,P3528W,Obszar zabudowany,Odcinek prosty,Droga powiatowa,Jednojezdniowa dwukierunkowa,N,POWIAT RADOM,RADOM - OBSZAR MIEJSKI
1,0,1,2017,Pochmurno,Zderzenie pojazdów boczne,Pochmurno,Noc - droga nieoświetlona,Jezdnia,EWK-105333341K,18,2017-01-10,Lekko,21*28'476,52*59'498,61,Obszar niezabudowany,Odcinek prosty,Droga krajowa,Jednojezdniowa dwukierunkowa,T,POWIAT OSTROŁĘCKI,OLSZEWO-BORKI - OBSZAR WIEJSKI
1,0,0,2017,Pochmurno,Zderzenie pojazdów boczne,Pochmurno,Noc - droga nieoświetlona,Jezdnia,EWK-105333341K,18,2017-01-10,Nieokreślone (puste pole),21*28'476,52*59'498,61,Obszar niezabudowany,Odcinek prosty,Droga krajowa,Jednojezdniowa dwukierunkowa,T,POWIAT OSTROŁĘCKI,OLSZEWO-BORKI - OBSZAR WIEJSKI
1,0,1,2017,Pochmurno,Zderzenie pojazdów boczne,Pochmurno,Noc - droga nieoświetlona,Jezdnia,EWK-106466738W,4,2017-10-14,Ciężko,19*39'555,53*05'219,P4612W,Obszar niezabudowany,,Droga powiatowa,Jednojezdniowa dwukierunkowa,N,POWIAT ŻUROMIŃSKI,LUBOWIDZ - OBSZAR WIEJSKI
1,0,0,2017,Pochmurno,Zderzenie pojazdów boczne,Pochmurno,Noc - droga nieoświetlona,Jezdnia,EWK-106466738W,4,2017-10-14,Nieokreślone (puste pole),19*39'555,53*05'219,P4612W,Obszar niezabudowany,,Droga powiatowa,Jednojezdniowa dwukierunkowa,N,POWIAT ŻUROMIŃSKI,LUBOWIDZ - OBSZAR WIEJSKI
1,0,1,2017,Pochmurno,Zderzenie pojazdów boczne,Pochmurno,Noc - droga nieoświetlona,Jezdnia,EWK-106482035F,18,2017-10-18,Lekko,21*27'455,53*10'414,53,Obszar niezabudowany,,Droga krajowa,Jednojezdniowa dwukierunkowa,N,POWIAT OSTROŁĘCKI,KADZIDŁO - OBSZAR WIEJSKI
1,0,0,2017,Pochmurno,Zderzenie pojazdów boczne,Pochmurno,Noc - droga nieoświetlona,Jezdnia,EWK-106482035F,18,2017-10-18,Nieokreślone (puste pole),21*27'455,53*10'414,53,Obszar niezabudowany,,Droga krajowa,Jednojezdniowa dwukierunkowa,N,POWIAT OSTROŁĘCKI,KADZIDŁO - OBSZAR WIEJSKI
1,0,1,2017,Pochmurno,Zderzenie pojazdów boczne,Pochmurno,Noc - droga nieoświetlona,Jezdnia,EWK-106626067D,19,2017-12-18,Lekko,20*26'409,51*23'390,12,Obszar niezabudowany,,Droga krajowa,Jednojezdniowa dwukierunkowa,N,POWIAT PRZYSUSKI,GIELNIÓW - OBSZAR WIEJSKI
1,0,0,2017,Pochmurno,Zderzenie pojazdów boczne,Pochmurno,Noc - droga nieoświetlona,Jezdnia,EWK-106626067D,19,2017-12-18,Nieokreślone (puste pole),20*26'409,51*23'390,12,Obszar niezabudowany,,Droga krajowa,Jednojezdniowa dwukierunkowa,N,POWIAT PRZYSUSKI,GIELNIÓW - OBSZAR WIEJSKI
1,0,1,2017,Pochmurno,Zderzenie pojazdów boczne,Pochmurno,Noc - droga nieoświetlona,"Wjazd, wyjazd z posesji, pola",EWK-106581204D,22,2017-11-25,Ciężko,19*42'562,52*35'468,5205W,Obszar niezabudowany,Odcinek prosty,Droga powiatowa,Jednojezdniowa dwukierunkowa,N,POWIAT PŁOCKI,STARA BIAŁA - OBSZAR WIEJSKI
1,0,1,2017,Pochmurno,Zderzenie pojazdów boczne,Pochmurno,Noc - droga nieoświetlona,"Wjazd, wyjazd z posesji, pola",EWK-106581204D,22,2017-11-25,Lekko,19*42'562,52*35'468,5205W,Obszar niezabudowany,Odcinek prosty,Droga powiatowa,Jednojezdniowa dwukierunkowa,N,POWIAT PŁOCKI,STARA BIAŁA - OBSZAR WIEJSKI
1,0,0,2017,Pochmurno,Zderzenie pojazdów boczne,Pochmurno,Noc - droga nieoświetlona,"Wjazd, wyjazd z posesji, pola",EWK-106581204D,22,2017-11-25,Nieokreślone (puste pole),19*42'562,52*35'468,5205W,Obszar niezabudowany,Odcinek prosty,Droga powiatowa,Jednojezdniowa dwukierunkowa,N,POWIAT PŁOCKI,STARA BIAŁA - OBSZAR WIEJSKI
1,0,1,2017,Pochmurno,Zderzenie pojazdów boczne,Pochmurno,Noc - droga oświetlona,"Droga, pas ruchu, śluza dla rowerów",EWK-106618166D,18,2017-12-15,Ciężko,22*16'155,52*10'390,GMINNA,Obszar zabudowany,Odcinek prosty,Droga gminna,Jednojezdniowa dwukierunkowa,N,POWIAT SIEDLCE,SIEDLCE - OBSZAR MIEJSKI
1,0,0,2017,Pochmurno,Zderzenie pojazdów boczne,Pochmurno,Noc - droga oświetlona,"Droga, pas ruchu, śluza dla rowerów",EWK-106618166D,18,2017-12-15,Nieokreślone (puste pole),22*16'155,52*10'390,GMINNA,Obszar zabudowany,Odcinek prosty,Droga gminna,Jednojezdniowa dwukierunkowa,N,POWIAT SIEDLCE,SIEDLCE - OBSZAR MIEJSKI
1,0,2,2017,Pochmurno,Zderzenie pojazdów boczne,Pochmurno,Noc - droga oświetlona,Jezdnia,EWK-105573859M,18,2017-03-08,Lekko,21*13'361,51*26'392,P3517W,Obszar zabudowany,,Droga powiatowa,Jednojezdniowa dwukierunkowa,N,POWIAT RADOM,RADOM - OBSZAR MIEJSKI
1,0,0,2017,Pochmurno,Zderzenie pojazdów boczne,Pochmurno,Noc - droga oświetlona,Jezdnia,EWK-105573859M,18,2017-03-08,Nieokreślone (puste pole),21*13'361,51*26'392,P3517W,Obszar zabudowany,,Droga powiatowa,Jednojezdniowa dwukierunkowa,N,POWIAT RADOM,RADOM - OBSZAR MIEJSKI
1,0,2,2017,Pochmurno,Zderzenie pojazdów boczne,Pochmurno,Noc - droga oświetlona,Jezdnia,EWK-105577305P,19,2017-03-09,Ciężko,21*33'525,52*52'013,60,Obszar niezabudowany,,Droga krajowa,Jednojezdniowa dwukierunkowa,N,POWIAT OSTROŁĘCKI,GOWOROWO - OBSZAR WIEJSKI
1,0,0,2017,Pochmurno,Zderzenie pojazdów boczne,Pochmurno,Noc - droga oświetlona,Jezdnia,EWK-105577305P,19,2017-03-09,Nieokreślone (puste pole),21*33'525,52*52'013,60,Obszar niezabudowany,,Droga krajowa,Jednojezdniowa dwukierunkowa,N,POWIAT OSTROŁĘCKI,GOWOROWO - OBSZAR WIEJSKI
1,0,1,2017,Pochmurno,Zderzenie pojazdów boczne,Pochmurno,Noc - droga oświetlona,Jezdnia,EWK-105755781M,20,2017-04-13,Lekko,19*42'132,52*33'302,60,Obszar zabudowany,,Droga krajowa,Jednojezdniowa dwukierunkowa,N,POWIAT PŁOCK,PŁOCK - OBSZAR MIEJSKI
1,0,0,2017,Pochmurno,Zderzenie pojazdów boczne,Pochmurno,Noc - droga oświetlona,Jezdnia,EWK-105755781M,20,2017-04-13,Nieokreślone (puste pole),19*42'132,52*33'302,60,Obszar zabudowany,,Droga krajowa,Jednojezdniowa dwukierunkowa,N,POWIAT PŁOCK,PŁOCK - OBSZAR MIEJSKI
1,0,1,2017,Pochmurno,Zderzenie pojazdów boczne,Pochmurno,Noc - droga oświetlona,Jezdnia,EWK-106410785L,22,2017-09-18,Lekko,21*10'475,51*25'157,9,Obszar zabudowany,,Droga krajowa,Dwie jezdnie jednokierunkowe,N,POWIAT RADOM,RADOM - OBSZAR MIEJSKI
1,0,0,2017,Pochmurno,Zderzenie pojazdów boczne,Pochmurno,Noc - droga oświetlona,Jezdnia,EWK-106410785L,22,2017-09-18,Nieokreślone (puste pole),21*10'475,51*25'157,9,Obszar zabudowany,,Droga krajowa,Dwie jezdnie jednokierunkowe,N,POWIAT RADOM,RADOM - OBSZAR MIEJSKI
1,0,1,2017,Pochmurno,Zderzenie pojazdów boczne,Pochmurno,Noc - droga oświetlona,Jezdnia,EWK-106443238L,20,2017-09-29,Lekko,20*59'262,51*21'522,733,Obszar zabudowany,,Droga wojewódzka,Jednojezdniowa dwukierunkowa,N,POWIAT RADOMSKI,WOLANÓW - OBSZAR WIEJSKI
1,0,0,2017,Pochmurno,Zderzenie pojazdów boczne,Pochmurno,Noc - droga oświetlona,Jezdnia,EWK-106443238L,20,2017-09-29,Nieokreślone (puste pole),20*59'262,51*21'522,733,Obszar zabudowany,,Droga wojewódzka,Jednojezdniowa dwukierunkowa,N,POWIAT RADOMSKI,WOLANÓW - OBSZAR WIEJSKI
1,0,1,2017,Pochmurno,Zderzenie pojazdów boczne,Pochmurno,Noc - droga oświetlona,Jezdnia,EWK-106530896W,17,2017-11-08,Ciężko,21*26'054,52*31'010,P4421W,Obszar zabudowany,,Droga powiatowa,Jednojezdniowa dwukierunkowa,N,POWIAT WYSZKOWSKI,ZABRODZIE - OBSZAR WIEJSKI
1,0,0,2017,Pochmurno,Zderzenie pojazdów boczne,Pochmurno,Noc - droga oświetlona,Jezdnia,EWK-106530896W,17,2017-11-08,Nieokreślone (puste pole),21*26'054,52*31'010,P4421W,Obszar zabudowany,,Droga powiatowa,Jednojezdniowa dwukierunkowa,N,POWIAT WYSZKOWSKI,ZABRODZIE - OBSZAR WIEJSKI
1,0,1,2017,Pochmurno,Zderzenie pojazdów boczne,Pochmurno,Noc - droga oświetlona,Jezdnia,EWK-106551829C,16,2017-11-08,Lekko,21*44'270,51*52'163,GMINNA,Obszar zabudowany,,Droga gminna,Jednojezdniowa dwukierunkowa,N,POWIAT GARWOLIŃSKI,GÓRZNO - OBSZAR WIEJSKI
1,0,0,2017,Pochmurno,Zderzenie pojazdów boczne,Pochmurno,Noc - droga oświetlona,Jezdnia,EWK-106551829C,16,2017-11-08,Nieokreślone (puste pole),21*44'270,51*52'163,GMINNA,Obszar zabudowany,,Droga gminna,Jednojezdniowa dwukierunkowa,N,POWIAT GARWOLIŃSKI,GÓRZNO - OBSZAR WIEJSKI
1,0,1,2017,Pochmurno,Zderzenie pojazdów boczne,Pochmurno,Noc - droga oświetlona,Jezdnia,EWK-106623787G,18,2017-12-16,Lekko,19*40'561,52*32'540,5207W,Obszar zabudowany,,Droga powiatowa,Jednojezdniowa dwukierunkowa,N,POWIAT PŁOCK,PŁOCK - OBSZAR MIEJSKI
1,0,0,2017,Pochmurno,Zderzenie pojazdów boczne,Pochmurno,Noc - droga oświetlona,Jezdnia,EWK-106623787G,18,2017-12-16,Nieokreślone (puste pole),19*40'561,52*32'540,5207W,Obszar zabudowany,,Droga powiatowa,Jednojezdniowa dwukierunkowa,N,POWIAT PŁOCK,PŁOCK - OBSZAR MIEJSKI
1,0,4,2017,Pochmurno,Zderzenie pojazdów boczne,Pochmurno,Noc - droga oświetlona,Jezdnia,EWK-106645761F,21,2017-12-28,Ciężko,20*36'279,52*52'369,60,Obszar zabudowany,Odcinek prosty,Droga krajowa,Dwie jezdnie jednokierunkowe,N,POWIAT CIECHANOWSKI,CIECHANÓW - OBSZAR MIEJSKI
1,0,2,2017,Pochmurno,Zderzenie pojazdów boczne,Pochmurno,Noc - droga oświetlona,Jezdnia,EWK-106645761F,21,2017-12-28,Lekko,20*36'279,52*52'369,60,Obszar zabudowany,Odcinek prosty,Droga krajowa,Dwie jezdnie jednokierunkowe,N,POWIAT CIECHANOWSKI,CIECHANÓW - OBSZAR MIEJSKI
1,0,1,2017,Pochmurno,Zderzenie pojazdów boczne,Pochmurno,Światło dzienne,Jezdnia,EWK-105324536X,16,2017-01-04,Lekko,21*36'200,51*54'080,GMINNA,Obszar zabudowany,,Droga gminna,Jednojezdniowa dwukierunkowa,N,POWIAT GARWOLIŃSKI,GARWOLIN - OBSZAR MIEJSKI
1,0,0,2017,Pochmurno,Zderzenie pojazdów boczne,Pochmurno,Światło dzienne,Jezdnia,EWK-105324536X,16,2017-01-04,Nieokreślone (puste pole),21*36'200,51*54'080,GMINNA,Obszar zabudowany,,Droga gminna,Jednojezdniowa dwukierunkowa,N,POWIAT GARWOLIŃSKI,GARWOLIN - OBSZAR MIEJSKI
1,0,1,2017,Pochmurno,Zderzenie pojazdów boczne,Pochmurno,Światło dzienne,Jezdnia,EWK-105325434W,7,2017-01-05,Lekko,21*16'374,53*21'575,614,Obszar niezabudowany,Odcinek prosty,Droga wojewódzka,Jednojezdniowa dwukierunkowa,N,POWIAT OSTROŁĘCKI,MYSZYNIEC - OBSZAR WIEJSKI
1,0,0,2017,Pochmurno,Zderzenie pojazdów boczne,Pochmurno,Światło dzienne,Jezdnia,EWK-105325434W,7,2017-01-05,Nieokreślone (puste pole),21*16'374,53*21'575,614,Obszar niezabudowany,Odcinek prosty,Droga wojewódzka,Jednojezdniowa dwukierunkowa,N,POWIAT OSTROŁĘCKI,MYSZYNIEC - OBSZAR WIEJSKI