Liczba wypadków,Liczba zabitych,Liczba rannych,Rok,Warunki atmosferyczne,Rodzaj zdarzenia,Warunki atmosferyczne,Oświetlenie,Charakterystyka miejsca zdarzenia,IDKSIP zdarzenia,Godzina,Dzień,Ranny,GPS x,GPS y,Numer drogi,Obszar,Geometria drogi,Kategoria drogi 1,Rodzaj drogi,Czy w zdarzeniu był sprawca nietrzeźwy,Powiat,Gmina
1,0,1,2017,Pochmurno,Zderzenie pojazdów boczne,Pochmurno,Światło dzienne,Jezdnia,EWK-105343989P,9,2017-01-14,Lekko,19*43'544,52*33'066,567,Obszar zabudowany,,Droga wojewódzka,Jednojezdniowa dwukierunkowa,N,POWIAT PŁOCK,PŁOCK - OBSZAR MIEJSKI
1,0,0,2017,Pochmurno,Zderzenie pojazdów boczne,Pochmurno,Światło dzienne,Jezdnia,EWK-105343989P,9,2017-01-14,Nieokreślone (puste pole),19*43'544,52*33'066,567,Obszar zabudowany,,Droga wojewódzka,Jednojezdniowa dwukierunkowa,N,POWIAT PŁOCK,PŁOCK - OBSZAR MIEJSKI
1,0,1,2017,Pochmurno,Zderzenie pojazdów boczne,Pochmurno,Światło dzienne,Jezdnia,EWK-105383875J,15,2017-01-19,Lekko,20*34'560,52*53'270,G121169W,Obszar zabudowany,"Zakręt, łuk",Droga gminna,Jednojezdniowa dwukierunkowa,N,POWIAT CIECHANOWSKI,CIECHANÓW - OBSZAR MIEJSKI
1,0,0,2017,Pochmurno,Zderzenie pojazdów boczne,Pochmurno,Światło dzienne,Jezdnia,EWK-105383875J,15,2017-01-19,Nieokreślone (puste pole),20*34'560,52*53'270,G121169W,Obszar zabudowany,"Zakręt, łuk",Droga gminna,Jednojezdniowa dwukierunkowa,N,POWIAT CIECHANOWSKI,CIECHANÓW - OBSZAR MIEJSKI
1,0,2,2017,Pochmurno,Zderzenie pojazdów boczne,Pochmurno,Światło dzienne,Jezdnia,EWK-105451344D,5,2017-02-14,Lekko,21*08'237,51*23'270,12,Obszar zabudowany,,Droga krajowa,Dwie jezdnie jednokierunkowe,N,POWIAT RADOM,RADOM - OBSZAR MIEJSKI
1,0,0,2017,Pochmurno,Zderzenie pojazdów boczne,Pochmurno,Światło dzienne,Jezdnia,EWK-105451344D,5,2017-02-14,Nieokreślone (puste pole),21*08'237,51*23'270,12,Obszar zabudowany,,Droga krajowa,Dwie jezdnie jednokierunkowe,N,POWIAT RADOM,RADOM - OBSZAR MIEJSKI
1,0,1,2017,Pochmurno,Zderzenie pojazdów boczne,Pochmurno,Światło dzienne,Jezdnia,EWK-105461422N,12,2017-02-18,Ciężko,20*50'144,51*43'348,GMINNA,Obszar niezabudowany,Odcinek prosty,Droga gminna,Jednojezdniowa dwukierunkowa,N,POWIAT GRÓJECKI,GOSZCZYN - OBSZAR WIEJSKI
1,0,0,2017,Pochmurno,Zderzenie pojazdów boczne,Pochmurno,Światło dzienne,Jezdnia,EWK-105461422N,12,2017-02-18,Nieokreślone (puste pole),20*50'144,51*43'348,GMINNA,Obszar niezabudowany,Odcinek prosty,Droga gminna,Jednojezdniowa dwukierunkowa,N,POWIAT GRÓJECKI,GOSZCZYN - OBSZAR WIEJSKI
1,0,1,2017,Pochmurno,Zderzenie pojazdów boczne,Pochmurno,Światło dzienne,Jezdnia,EWK-105461559R,13,2017-02-18,Lekko,21*06'519,52*51'296,P2118W,Obszar zabudowany,,Droga powiatowa,Jednojezdniowa dwukierunkowa,N,POWIAT MAKOWSKI,MAKÓW MAZOWIECKI - OBSZAR MIEJSKI
1,0,0,2017,Pochmurno,Zderzenie pojazdów boczne,Pochmurno,Światło dzienne,Jezdnia,EWK-105461559R,13,2017-02-18,Nieokreślone (puste pole),21*06'519,52*51'296,P2118W,Obszar zabudowany,,Droga powiatowa,Jednojezdniowa dwukierunkowa,N,POWIAT MAKOWSKI,MAKÓW MAZOWIECKI - OBSZAR MIEJSKI
1,0,1,2017,Pochmurno,Zderzenie pojazdów boczne,Pochmurno,Światło dzienne,Jezdnia,EWK-105547911A,13,2017-02-05,Lekko,21*42'560,51*46'099,807,Obszar niezabudowany,Odcinek prosty,Droga wojewódzka,Jednojezdniowa dwukierunkowa,N,POWIAT GARWOLIŃSKI,SOBOLEW - OBSZAR WIEJSKI
1,0,0,2017,Pochmurno,Zderzenie pojazdów boczne,Pochmurno,Światło dzienne,Jezdnia,EWK-105547911A,13,2017-02-05,Nieokreślone (puste pole),21*42'560,51*46'099,807,Obszar niezabudowany,Odcinek prosty,Droga wojewódzka,Jednojezdniowa dwukierunkowa,N,POWIAT GARWOLIŃSKI,SOBOLEW - OBSZAR WIEJSKI
1,0,1,2017,Pochmurno,Zderzenie pojazdów boczne,Pochmurno,Światło dzienne,Jezdnia,EWK-105571740K,8,2017-03-06,Ciężko,21*01'421,51*20'245,7,Obszar niezabudowany,,Droga krajowa,Jednojezdniowa dwukierunkowa,N,POWIAT RADOMSKI,KOWALA - OBSZAR WIEJSKI
1,0,0,2017,Pochmurno,Zderzenie pojazdów boczne,Pochmurno,Światło dzienne,Jezdnia,EWK-105571740K,8,2017-03-06,Nieokreślone (puste pole),21*01'421,51*20'245,7,Obszar niezabudowany,,Droga krajowa,Jednojezdniowa dwukierunkowa,N,POWIAT RADOMSKI,KOWALA - OBSZAR WIEJSKI
1,0,1,2017,Pochmurno,Zderzenie pojazdów boczne,Pochmurno,Światło dzienne,Jezdnia,EWK-105779327G,7,2017-04-29,Lekko,20*58'248,52*41'052,P3404W,Obszar zabudowany,,Droga powiatowa,Jednojezdniowa dwukierunkowa,N,POWIAT PUŁTUSKI,WINNICA - OBSZAR WIEJSKI
1,0,0,2017,Pochmurno,Zderzenie pojazdów boczne,Pochmurno,Światło dzienne,Jezdnia,EWK-105779327G,7,2017-04-29,Nieokreślone (puste pole),20*58'248,52*41'052,P3404W,Obszar zabudowany,,Droga powiatowa,Jednojezdniowa dwukierunkowa,N,POWIAT PUŁTUSKI,WINNICA - OBSZAR WIEJSKI
1,0,1,2017,Pochmurno,Zderzenie pojazdów boczne,Pochmurno,Światło dzienne,Jezdnia,EWK-105792453F,8,2017-05-08,Lekko,21*35'084,51*21'051,79,Obszar zabudowany,,Droga krajowa,Jednojezdniowa dwukierunkowa,N,POWIAT ZWOLEŃSKI,ZWOLEŃ - OBSZAR MIEJSKI
1,0,0,2017,Pochmurno,Zderzenie pojazdów boczne,Pochmurno,Światło dzienne,Jezdnia,EWK-105792453F,8,2017-05-08,Nieokreślone (puste pole),21*35'084,51*21'051,79,Obszar zabudowany,,Droga krajowa,Jednojezdniowa dwukierunkowa,N,POWIAT ZWOLEŃSKI,ZWOLEŃ - OBSZAR MIEJSKI
1,0,1,2017,Pochmurno,Zderzenie pojazdów boczne,Pochmurno,Światło dzienne,Jezdnia,EWK-105798887P,10,2017-05-10,Ciężko,21*33'597,53*23'178,647,Obszar niezabudowany,,Droga wojewódzka,Jednojezdniowa dwukierunkowa,N,POWIAT OSTROŁĘCKI,ŁYSE - OBSZAR WIEJSKI
1,0,0,2017,Pochmurno,Zderzenie pojazdów boczne,Pochmurno,Światło dzienne,Jezdnia,EWK-105798887P,10,2017-05-10,Nieokreślone (puste pole),21*33'597,53*23'178,647,Obszar niezabudowany,,Droga wojewódzka,Jednojezdniowa dwukierunkowa,N,POWIAT OSTROŁĘCKI,ŁYSE - OBSZAR WIEJSKI
1,0,1,2017,Pochmurno,Zderzenie pojazdów boczne,Pochmurno,Światło dzienne,Jezdnia,EWK-105958861N,17,2017-06-06,Lekko,19*40'061,52*33'272,559,Obszar zabudowany,,Droga wojewódzka,Jednokierunkowa,N,POWIAT PŁOCK,PŁOCK - OBSZAR MIEJSKI
1,0,0,2017,Pochmurno,Zderzenie pojazdów boczne,Pochmurno,Światło dzienne,Jezdnia,EWK-105958861N,17,2017-06-06,Nieokreślone (puste pole),19*40'061,52*33'272,559,Obszar zabudowany,,Droga wojewódzka,Jednokierunkowa,N,POWIAT PŁOCK,PŁOCK - OBSZAR MIEJSKI
1,0,1,2017,Pochmurno,Zderzenie pojazdów boczne,Pochmurno,Światło dzienne,Jezdnia,EWK-106015252H,12,2017-06-13,Lekko,21*05'225,51*38'294,G110524W,Obszar zabudowany,Odcinek prosty,Droga gminna,Jednojezdniowa dwukierunkowa,N,POWIAT BIAŁOBRZESKI,STROMIEC - OBSZAR WIEJSKI
1,0,0,2017,Pochmurno,Zderzenie pojazdów boczne,Pochmurno,Światło dzienne,Jezdnia,EWK-106015252H,12,2017-06-13,Nieokreślone (puste pole),21*05'225,51*38'294,G110524W,Obszar zabudowany,Odcinek prosty,Droga gminna,Jednojezdniowa dwukierunkowa,N,POWIAT BIAŁOBRZESKI,STROMIEC - OBSZAR WIEJSKI
1,1,0,2017,Pochmurno,Zderzenie pojazdów boczne,Pochmurno,Światło dzienne,Jezdnia,EWK-106015441T,9,2017-06-13,Nieokreślone (puste pole),20*17'231,52*49'083,60,Obszar niezabudowany,"Zakręt, łuk",Droga krajowa,Jednojezdniowa dwukierunkowa,N,POWIAT CIECHANOWSKI,GLINOJECK - OBSZAR WIEJSKI
1,0,1,2017,Pochmurno,Zderzenie pojazdów boczne,Pochmurno,Światło dzienne,Jezdnia,EWK-106034206E,9,2017-06-14,Lekko,20*51'039,51*13'171,G400531W,Obszar zabudowany,,Droga gminna,Jednojezdniowa dwukierunkowa,N,POWIAT SZYDŁOWIECKI,SZYDŁOWIEC - OBSZAR MIEJSKI
1,0,0,2017,Pochmurno,Zderzenie pojazdów boczne,Pochmurno,Światło dzienne,Jezdnia,EWK-106034206E,9,2017-06-14,Nieokreślone (puste pole),20*51'039,51*13'171,G400531W,Obszar zabudowany,,Droga gminna,Jednojezdniowa dwukierunkowa,N,POWIAT SZYDŁOWIECKI,SZYDŁOWIEC - OBSZAR MIEJSKI
1,0,4,2017,Pochmurno,Zderzenie pojazdów boczne,Pochmurno,Światło dzienne,Jezdnia,EWK-106037208D,14,2017-06-14,Lekko,19*41'395,52*32'563,60,Obszar zabudowany,,Droga krajowa,Dwie jezdnie jednokierunkowe,N,POWIAT PŁOCK,PŁOCK - OBSZAR MIEJSKI
1,0,1,2017,Pochmurno,Zderzenie pojazdów boczne,Pochmurno,Światło dzienne,Jezdnia,EWK-106043519L,14,2017-06-17,Lekko,22*18'008,52*09'097,,Obszar zabudowany,Odcinek prosty,Nieokreślone (puste pole),Jednojezdniowa dwukierunkowa,N,POWIAT SIEDLCE,SIEDLCE - OBSZAR MIEJSKI
1,0,0,2017,Pochmurno,Zderzenie pojazdów boczne,Pochmurno,Światło dzienne,Jezdnia,EWK-106043519L,14,2017-06-17,Nieokreślone (puste pole),22*18'008,52*09'097,,Obszar zabudowany,Odcinek prosty,Nieokreślone (puste pole),Jednojezdniowa dwukierunkowa,N,POWIAT SIEDLCE,SIEDLCE - OBSZAR MIEJSKI
1,0,5,2017,Pochmurno,Zderzenie pojazdów boczne,Pochmurno,Światło dzienne,Jezdnia,EWK-106050272E,14,2017-06-16,Ciężko,19*35'139,52*40'269,P2903W,Obszar niezabudowany,,Droga powiatowa,Jednojezdniowa dwukierunkowa,N,POWIAT PŁOCKI,BRUDZEŃ DUŻY - OBSZAR WIEJSKI
1,0,2,2017,Pochmurno,Zderzenie pojazdów boczne,Pochmurno,Światło dzienne,Jezdnia,EWK-106050272E,14,2017-06-16,Lekko,19*35'139,52*40'269,P2903W,Obszar niezabudowany,,Droga powiatowa,Jednojezdniowa dwukierunkowa,N,POWIAT PŁOCKI,BRUDZEŃ DUŻY - OBSZAR WIEJSKI
1,0,1,2017,Pochmurno,Zderzenie pojazdów boczne,Pochmurno,Światło dzienne,Jezdnia,EWK-106173174Q,7,2017-07-04,Lekko,21*11'553,51*24'492,737,Obszar zabudowany,Odcinek prosty,Droga wojewódzka,Jednojezdniowa dwukierunkowa,N,POWIAT RADOM,RADOM - OBSZAR MIEJSKI
1,0,0,2017,Pochmurno,Zderzenie pojazdów boczne,Pochmurno,Światło dzienne,Jezdnia,EWK-106173174Q,7,2017-07-04,Nieokreślone (puste pole),21*11'553,51*24'492,737,Obszar zabudowany,Odcinek prosty,Droga wojewódzka,Jednojezdniowa dwukierunkowa,N,POWIAT RADOM,RADOM - OBSZAR MIEJSKI
1,0,1,2017,Pochmurno,Zderzenie pojazdów boczne,Pochmurno,Światło dzienne,Jezdnia,EWK-106175928D,8,2017-07-04,Lekko,20*58'253,52*41'059,P3403W,Obszar zabudowany,,Droga powiatowa,Jednojezdniowa dwukierunkowa,N,POWIAT PUŁTUSKI,WINNICA - OBSZAR WIEJSKI
1,0,0,2017,Pochmurno,Zderzenie pojazdów boczne,Pochmurno,Światło dzienne,Jezdnia,EWK-106175928D,8,2017-07-04,Nieokreślone (puste pole),20*58'253,52*41'059,P3403W,Obszar zabudowany,,Droga powiatowa,Jednojezdniowa dwukierunkowa,N,POWIAT PUŁTUSKI,WINNICA - OBSZAR WIEJSKI
1,0,1,2017,Pochmurno,Zderzenie pojazdów boczne,Pochmurno,Światło dzienne,Jezdnia,EWK-106182564L,19,2017-07-07,Lekko,21*09'070,51*25'172,P5339W,Obszar zabudowany,,Droga powiatowa,Dwie jezdnie jednokierunkowe,N,POWIAT RADOM,RADOM - OBSZAR MIEJSKI
1,0,0,2017,Pochmurno,Zderzenie pojazdów boczne,Pochmurno,Światło dzienne,Jezdnia,EWK-106182564L,19,2017-07-07,Nieokreślone (puste pole),21*09'070,51*25'172,P5339W,Obszar zabudowany,,Droga powiatowa,Dwie jezdnie jednokierunkowe,N,POWIAT RADOM,RADOM - OBSZAR MIEJSKI
1,0,2,2017,Pochmurno,Zderzenie pojazdów boczne,Pochmurno,Światło dzienne,Jezdnia,EWK-106261425Q,13,2017-07-13,Lekko,21*12'504,51*51'580,731,Obszar niezabudowany,Spadek,Droga wojewódzka,Jednojezdniowa dwukierunkowa,N,POWIAT GRÓJECKI,WARKA - OBSZAR WIEJSKI
1,0,0,2017,Pochmurno,Zderzenie pojazdów boczne,Pochmurno,Światło dzienne,Jezdnia,EWK-106261425Q,13,2017-07-13,Nieokreślone (puste pole),21*12'504,51*51'580,731,Obszar niezabudowany,Spadek,Droga wojewódzka,Jednojezdniowa dwukierunkowa,N,POWIAT GRÓJECKI,WARKA - OBSZAR WIEJSKI
1,0,1,2017,Pochmurno,Zderzenie pojazdów boczne,Pochmurno,Światło dzienne,Jezdnia,EWK-106285273T,19,2017-07-27,Lekko,19*47'270,52*23'281,GMINNA,Obszar niezabudowany,,Droga gminna,Jednojezdniowa dwukierunkowa,N,POWIAT PŁOCKI,GĄBIN - OBSZAR WIEJSKI
1,0,0,2017,Pochmurno,Zderzenie pojazdów boczne,Pochmurno,Światło dzienne,Jezdnia,EWK-106285273T,19,2017-07-27,Nieokreślone (puste pole),19*47'270,52*23'281,GMINNA,Obszar niezabudowany,,Droga gminna,Jednojezdniowa dwukierunkowa,N,POWIAT PŁOCKI,GĄBIN - OBSZAR WIEJSKI
1,0,1,2017,Pochmurno,Zderzenie pojazdów boczne,Pochmurno,Światło dzienne,Jezdnia,EWK-106286396T,18,2017-07-28,Lekko,21*37'012,53*04'188,2584W,Obszar zabudowany,,Droga powiatowa,Jednojezdniowa dwukierunkowa,N,POWIAT OSTROŁĘKA,OSTROŁĘKA - OBSZAR MIEJSKI
1,0,0,2017,Pochmurno,Zderzenie pojazdów boczne,Pochmurno,Światło dzienne,Jezdnia,EWK-106286396T,18,2017-07-28,Nieokreślone (puste pole),21*37'012,53*04'188,2584W,Obszar zabudowany,,Droga powiatowa,Jednojezdniowa dwukierunkowa,N,POWIAT OSTROŁĘKA,OSTROŁĘKA - OBSZAR MIEJSKI
1,0,3,2017,Pochmurno,Zderzenie pojazdów boczne,Pochmurno,Światło dzienne,Jezdnia,EWK-106332984X,12,2017-08-23,Lekko,21*35'336,53*02'135,4403W,Obszar niezabudowany,,Droga powiatowa,Jednojezdniowa dwukierunkowa,N,POWIAT OSTROŁĘCKI,RZEKUŃ - OBSZAR WIEJSKI
1,0,0,2017,Pochmurno,Zderzenie pojazdów boczne,Pochmurno,Światło dzienne,Jezdnia,EWK-106332984X,12,2017-08-23,Nieokreślone (puste pole),21*35'336,53*02'135,4403W,Obszar niezabudowany,,Droga powiatowa,Jednojezdniowa dwukierunkowa,N,POWIAT OSTROŁĘCKI,RZEKUŃ - OBSZAR WIEJSKI
1,0,1,2017,Pochmurno,Zderzenie pojazdów boczne,Pochmurno,Światło dzienne,Jezdnia,EWK-106332991Q,16,2017-08-23,Lekko,20*40'494,51*28'546,727,Obszar zabudowany,,Droga wojewódzka,Jednojezdniowa dwukierunkowa,N,POWIAT PRZYSUSKI,KLWÓW - OBSZAR WIEJSKI
1,0,0,2017,Pochmurno,Zderzenie pojazdów boczne,Pochmurno,Światło dzienne,Jezdnia,EWK-106332991Q,16,2017-08-23,Nieokreślone (puste pole),20*40'494,51*28'546,727,Obszar zabudowany,,Droga wojewódzka,Jednojezdniowa dwukierunkowa,N,POWIAT PRZYSUSKI,KLWÓW - OBSZAR WIEJSKI
1,0,1,2017,Pochmurno,Zderzenie pojazdów boczne,Pochmurno,Światło dzienne,Jezdnia,EWK-106338045F,8,2017-08-25,Ciężko,21*34'402,52*37'363,4403W,Obszar zabudowany,Odcinek prosty,Droga powiatowa,Jednojezdniowa dwukierunkowa,N,POWIAT WYSZKOWSKI,BRAŃSZCZYK - OBSZAR WIEJSKI
1,0,0,2017,Pochmurno,Zderzenie pojazdów boczne,Pochmurno,Światło dzienne,Jezdnia,EWK-106338045F,8,2017-08-25,Nieokreślone (puste pole),21*34'402,52*37'363,4403W,Obszar zabudowany,Odcinek prosty,Droga powiatowa,Jednojezdniowa dwukierunkowa,N,POWIAT WYSZKOWSKI,BRAŃSZCZYK - OBSZAR WIEJSKI
1,1,0,2017,Pochmurno,Zderzenie pojazdów boczne,Pochmurno,Światło dzienne,Jezdnia,EWK-106358758J,11,2017-09-03,Nieokreślone (puste pole),21*32'511,52*46'197,P2648W,Obszar zabudowany,,Droga powiatowa,Jednojezdniowa dwukierunkowa,N,POWIAT WYSZKOWSKI,DŁUGOSIODŁO - OBSZAR WIEJSKI
1,0,1,2017,Pochmurno,Zderzenie pojazdów boczne,Pochmurno,Światło dzienne,Jezdnia,EWK-106367675F,8,2017-09-09,Lekko,19*52'157,52*35'587,567,Obszar niezabudowany,Odcinek prosty,Droga wojewódzka,Jednojezdniowa dwukierunkowa,N,POWIAT PŁOCKI,RADZANOWO - OBSZAR WIEJSKI
1,0,0,2017,Pochmurno,Zderzenie pojazdów boczne,Pochmurno,Światło dzienne,Jezdnia,EWK-106367675F,8,2017-09-09,Nieokreślone (puste pole),19*52'157,52*35'587,567,Obszar niezabudowany,Odcinek prosty,Droga wojewódzka,Jednojezdniowa dwukierunkowa,N,POWIAT PŁOCKI,RADZANOWO - OBSZAR WIEJSKI
1,0,2,2017,Pochmurno,Zderzenie pojazdów boczne,Pochmurno,Światło dzienne,Jezdnia,EWK-106371149F,8,2017-09-07,Lekko,21*13'179,51*24'503,12,Obszar zabudowany,,Droga krajowa,Jednojezdniowa dwukierunkowa,N,POWIAT RADOMSKI,JEDLNIA-LETNISKO - OBSZAR WIEJSKI
1,0,3,2017,Pochmurno,Zderzenie pojazdów boczne,Pochmurno,Światło dzienne,Jezdnia,EWK-106382750D,13,2017-09-02,Lekko,22*07'029,52*15'322,696,Obszar zabudowany,Odcinek prosty,Droga wojewódzka,Jednojezdniowa dwukierunkowa,N,POWIAT SIEDLECKI,MOKOBODY - OBSZAR WIEJSKI
1,0,0,2017,Pochmurno,Zderzenie pojazdów boczne,Pochmurno,Światło dzienne,Jezdnia,EWK-106382750D,13,2017-09-02,Nieokreślone (puste pole),22*07'029,52*15'322,696,Obszar zabudowany,Odcinek prosty,Droga wojewódzka,Jednojezdniowa dwukierunkowa,N,POWIAT SIEDLECKI,MOKOBODY - OBSZAR WIEJSKI
1,0,1,2017,Pochmurno,Zderzenie pojazdów boczne,Pochmurno,Światło dzienne,Jezdnia,EWK-106383100W,13,2017-09-14,Lekko,20*37'280,52*52'047,50,Obszar zabudowany,,Droga krajowa,Dwie jezdnie jednokierunkowe,N,POWIAT CIECHANOWSKI,CIECHANÓW - OBSZAR MIEJSKI
1,0,0,2017,Pochmurno,Zderzenie pojazdów boczne,Pochmurno,Światło dzienne,Jezdnia,EWK-106383100W,13,2017-09-14,Nieokreślone (puste pole),20*37'280,52*52'047,50,Obszar zabudowany,,Droga krajowa,Dwie jezdnie jednokierunkowe,N,POWIAT CIECHANOWSKI,CIECHANÓW - OBSZAR MIEJSKI
1,0,1,2017,Pochmurno,Zderzenie pojazdów boczne,Pochmurno,Światło dzienne,Jezdnia,EWK-106410167W,15,2017-09-18,Lekko,21*09'182,53*05'260,P2108W,Obszar zabudowany,Odcinek prosty,Droga powiatowa,Jednojezdniowa dwukierunkowa,N,POWIAT MAKOWSKI,KRASNOSIELC - OBSZAR WIEJSKI
1,0,0,2017,Pochmurno,Zderzenie pojazdów boczne,Pochmurno,Światło dzienne,Jezdnia,EWK-106410167W,15,2017-09-18,Nieokreślone (puste pole),21*09'182,53*05'260,P2108W,Obszar zabudowany,Odcinek prosty,Droga powiatowa,Jednojezdniowa dwukierunkowa,N,POWIAT MAKOWSKI,KRASNOSIELC - OBSZAR WIEJSKI
1,0,2,2017,Pochmurno,Zderzenie pojazdów boczne,Pochmurno,Światło dzienne,Jezdnia,EWK-106416974M,13,2017-09-21,Ciężko,21*54'179,52*59'099,677,Obszar niezabudowany,,Droga wojewódzka,Jednojezdniowa dwukierunkowa,T,POWIAT OSTROŁĘCKI,CZERWIN - OBSZAR WIEJSKI
1,0,0,2017,Pochmurno,Zderzenie pojazdów boczne,Pochmurno,Światło dzienne,Jezdnia,EWK-106416974M,13,2017-09-21,Nieokreślone (puste pole),21*54'179,52*59'099,677,Obszar niezabudowany,,Droga wojewódzka,Jednojezdniowa dwukierunkowa,T,POWIAT OSTROŁĘCKI,CZERWIN - OBSZAR WIEJSKI
1,0,3,2017,Pochmurno,Zderzenie pojazdów boczne,Pochmurno,Światło dzienne,Jezdnia,EWK-106421442R,13,2017-09-23,Lekko,20*21'522,51*59'410,719,Obszar niezabudowany,Odcinek prosty,Droga wojewódzka,Jednojezdniowa dwukierunkowa,N,POWIAT ŻYRARDOWSKI,PUSZCZA MARIAŃSKA - OBSZAR WIEJSKI
1,0,0,2017,Pochmurno,Zderzenie pojazdów boczne,Pochmurno,Światło dzienne,Jezdnia,EWK-106421442R,13,2017-09-23,Nieokreślone (puste pole),20*21'522,51*59'410,719,Obszar niezabudowany,Odcinek prosty,Droga wojewódzka,Jednojezdniowa dwukierunkowa,N,POWIAT ŻYRARDOWSKI,PUSZCZA MARIAŃSKA - OBSZAR WIEJSKI
1,0,1,2017,Pochmurno,Zderzenie pojazdów boczne,Pochmurno,Światło dzienne,Jezdnia,EWK-106427084Y,16,2017-09-25,Lekko,22*02'093,52*23'448,P4229W,Obszar zabudowany,,Droga powiatowa,Jednojezdniowa dwukierunkowa,N,POWIAT WĘGROWSKI,WĘGRÓW - OBSZAR MIEJSKI
1,0,0,2017,Pochmurno,Zderzenie pojazdów boczne,Pochmurno,Światło dzienne,Jezdnia,EWK-106427084Y,16,2017-09-25,Nieokreślone (puste pole),22*02'093,52*23'448,P4229W,Obszar zabudowany,,Droga powiatowa,Jednojezdniowa dwukierunkowa,N,POWIAT WĘGROWSKI,WĘGRÓW - OBSZAR MIEJSKI
1,0,1,2017,Pochmurno,Zderzenie pojazdów boczne,Pochmurno,Światło dzienne,Jezdnia,EWK-106427143U,6,2017-09-26,Lekko,19*41'557,52*33'046,5210W,Obszar zabudowany,,Droga powiatowa,Jednojezdniowa dwukierunkowa,N,POWIAT PŁOCK,PŁOCK - OBSZAR MIEJSKI
1,0,0,2017,Pochmurno,Zderzenie pojazdów boczne,Pochmurno,Światło dzienne,Jezdnia,EWK-106427143U,6,2017-09-26,Nieokreślone (puste pole),19*41'557,52*33'046,5210W,Obszar zabudowany,,Droga powiatowa,Jednojezdniowa dwukierunkowa,N,POWIAT PŁOCK,PŁOCK - OBSZAR MIEJSKI
1,0,2,2017,Pochmurno,Zderzenie pojazdów boczne,Pochmurno,Światło dzienne,Jezdnia,EWK-106428877C,17,2017-09-22,Ciężko,21*09'575,51*26'099,P5301W,Obszar zabudowany,,Droga powiatowa,Dwie jezdnie jednokierunkowe,N,POWIAT RADOM,RADOM - OBSZAR MIEJSKI
1,0,1,2017,Pochmurno,Zderzenie pojazdów boczne,Pochmurno,Światło dzienne,Jezdnia,EWK-106428877C,17,2017-09-22,Lekko,21*09'575,51*26'099,P5301W,Obszar zabudowany,,Droga powiatowa,Dwie jezdnie jednokierunkowe,N,POWIAT RADOM,RADOM - OBSZAR MIEJSKI
1,0,2,2017,Pochmurno,Zderzenie pojazdów boczne,Pochmurno,Światło dzienne,Jezdnia,EWK-106455277K,10,2017-10-09,Lekko,21*33'461,52*55'043,2571W,Obszar zabudowany,Odcinek prosty,Droga powiatowa,Jednojezdniowa dwukierunkowa,N,POWIAT OSTROŁĘCKI,GOWOROWO - OBSZAR WIEJSKI
1,0,0,2017,Pochmurno,Zderzenie pojazdów boczne,Pochmurno,Światło dzienne,Jezdnia,EWK-106455277K,10,2017-10-09,Nieokreślone (puste pole),21*33'461,52*55'043,2571W,Obszar zabudowany,Odcinek prosty,Droga powiatowa,Jednojezdniowa dwukierunkowa,N,POWIAT OSTROŁĘCKI,GOWOROWO - OBSZAR WIEJSKI
1,0,1,2017,Pochmurno,Zderzenie pojazdów boczne,Pochmurno,Światło dzienne,Jezdnia,EWK-106455580J,15,2017-10-09,Ciężko,21*23'526,51*24'439,P3524W,Obszar zabudowany,Odcinek prosty,Droga powiatowa,Jednojezdniowa dwukierunkowa,N,POWIAT RADOMSKI,JEDLNIA-LETNISKO - OBSZAR WIEJSKI
1,0,0,2017,Pochmurno,Zderzenie pojazdów boczne,Pochmurno,Światło dzienne,Jezdnia,EWK-106455580J,15,2017-10-09,Nieokreślone (puste pole),21*23'526,51*24'439,P3524W,Obszar zabudowany,Odcinek prosty,Droga powiatowa,Jednojezdniowa dwukierunkowa,N,POWIAT RADOMSKI,JEDLNIA-LETNISKO - OBSZAR WIEJSKI
1,0,1,2017,Pochmurno,Zderzenie pojazdów boczne,Pochmurno,Światło dzienne,Jezdnia,EWK-106464311J,12,2017-10-13,Lekko,22*19'086,52*09'396,GMINNA,Obszar zabudowany,Odcinek prosty,Droga gminna,Jednojezdniowa dwukierunkowa,N,POWIAT SIEDLCE,SIEDLCE - OBSZAR MIEJSKI
1,0,0,2017,Pochmurno,Zderzenie pojazdów boczne,Pochmurno,Światło dzienne,Jezdnia,EWK-106464311J,12,2017-10-13,Nieokreślone (puste pole),22*19'086,52*09'396,GMINNA,Obszar zabudowany,Odcinek prosty,Droga gminna,Jednojezdniowa dwukierunkowa,N,POWIAT SIEDLCE,SIEDLCE - OBSZAR MIEJSKI
1,0,1,2017,Pochmurno,Zderzenie pojazdów boczne,Pochmurno,Światło dzienne,Jezdnia,EWK-106470339C,13,2017-10-15,Ciężko,21*23'259,52*45'571,P2648W,Obszar zabudowany,,Droga powiatowa,Jednojezdniowa dwukierunkowa,N,POWIAT WYSZKOWSKI,RZĄŚNIK - OBSZAR WIEJSKI
1,0,0,2017,Pochmurno,Zderzenie pojazdów boczne,Pochmurno,Światło dzienne,Jezdnia,EWK-106470339C,13,2017-10-15,Nieokreślone (puste pole),21*23'259,52*45'571,P2648W,Obszar zabudowany,,Droga powiatowa,Jednojezdniowa dwukierunkowa,N,POWIAT WYSZKOWSKI,RZĄŚNIK - OBSZAR WIEJSKI
1,0,2,2017,Pochmurno,Zderzenie pojazdów boczne,Pochmurno,Światło dzienne,Jezdnia,EWK-106488489M,15,2017-10-20,Lekko,22*17'178,52*04'252,GMINNA,Obszar zabudowany,,Droga gminna,Jednojezdniowa dwukierunkowa,N,POWIAT SIEDLECKI,WIŚNIEW - OBSZAR WIEJSKI
1,0,1,2017,Pochmurno,Zderzenie pojazdów boczne,Pochmurno,Światło dzienne,Jezdnia,EWK-106488990K,16,2017-10-20,Lekko,21*40'375,52*32'005,62,Obszar zabudowany,,Droga krajowa,Jednojezdniowa dwukierunkowa,N,POWIAT WĘGROWSKI,ŁOCHÓW - OBSZAR MIEJSKI