Liczba wypadków,Liczba zabitych,Liczba rannych,Rok,Warunki atmosferyczne,Rodzaj zdarzenia,Warunki atmosferyczne,Oświetlenie,Charakterystyka miejsca zdarzenia,IDKSIP zdarzenia,Godzina,Dzień,Ranny,GPS x,GPS y,Numer drogi,Obszar,Geometria drogi,Kategoria drogi 1,Rodzaj drogi,Czy w zdarzeniu był sprawca nietrzeźwy,Powiat,Gmina
1,0,0,2017,Pochmurno,Zderzenie pojazdów boczne,Pochmurno,Światło dzienne,Jezdnia,EWK-106488990K,16,2017-10-20,Nieokreślone (puste pole),21*40'375,52*32'005,62,Obszar zabudowany,,Droga krajowa,Jednojezdniowa dwukierunkowa,N,POWIAT WĘGROWSKI,ŁOCHÓW - OBSZAR MIEJSKI
1,0,1,2017,Pochmurno,Zderzenie pojazdów boczne,Pochmurno,Światło dzienne,Jezdnia,EWK-106490030U,12,2017-10-21,Lekko,22*16'492,52*10'059,,Obszar zabudowany,Odcinek prosty,Nieokreślone (puste pole),Jednojezdniowa dwukierunkowa,N,POWIAT SIEDLCE,SIEDLCE - OBSZAR MIEJSKI
1,0,0,2017,Pochmurno,Zderzenie pojazdów boczne,Pochmurno,Światło dzienne,Jezdnia,EWK-106490030U,12,2017-10-21,Nieokreślone (puste pole),22*16'492,52*10'059,,Obszar zabudowany,Odcinek prosty,Nieokreślone (puste pole),Jednojezdniowa dwukierunkowa,N,POWIAT SIEDLCE,SIEDLCE - OBSZAR MIEJSKI
1,0,1,2017,Pochmurno,Zderzenie pojazdów boczne,Pochmurno,Światło dzienne,Jezdnia,EWK-106493003J,10,2017-10-21,Ciężko,20*46'062,53*09'002,616,Obszar niezabudowany,Odcinek prosty,Droga wojewódzka,Jednojezdniowa dwukierunkowa,N,POWIAT PRZASNYSKI,KRZYNOWŁOGA MAŁA - OBSZAR WIEJSKI
1,0,0,2017,Pochmurno,Zderzenie pojazdów boczne,Pochmurno,Światło dzienne,Jezdnia,EWK-106493003J,10,2017-10-21,Nieokreślone (puste pole),20*46'062,53*09'002,616,Obszar niezabudowany,Odcinek prosty,Droga wojewódzka,Jednojezdniowa dwukierunkowa,N,POWIAT PRZASNYSKI,KRZYNOWŁOGA MAŁA - OBSZAR WIEJSKI
1,0,1,2017,Pochmurno,Zderzenie pojazdów boczne,Pochmurno,Światło dzienne,Jezdnia,EWK-106509032U,13,2017-10-29,Ciężko,20*20'505,52*12'489,92,Obszar niezabudowany,Odcinek prosty,Droga krajowa,Jednojezdniowa dwukierunkowa,N,POWIAT SOCHACZEWSKI,SOCHACZEW - OBSZAR WIEJSKI
1,0,0,2017,Pochmurno,Zderzenie pojazdów boczne,Pochmurno,Światło dzienne,Jezdnia,EWK-106509032U,13,2017-10-29,Nieokreślone (puste pole),20*20'505,52*12'489,92,Obszar niezabudowany,Odcinek prosty,Droga krajowa,Jednojezdniowa dwukierunkowa,N,POWIAT SOCHACZEWSKI,SOCHACZEW - OBSZAR WIEJSKI
1,0,1,2017,Pochmurno,Zderzenie pojazdów boczne,Pochmurno,Światło dzienne,Jezdnia,EWK-106516206X,11,2017-11-01,Lekko,19*27'411,52*25'270,573,Obszar zabudowany,,Droga wojewódzka,Jednojezdniowa dwukierunkowa,N,POWIAT GOSTYNIŃSKI,GOSTYNIN - OBSZAR MIEJSKI
1,0,0,2017,Pochmurno,Zderzenie pojazdów boczne,Pochmurno,Światło dzienne,Jezdnia,EWK-106516206X,11,2017-11-01,Nieokreślone (puste pole),19*27'411,52*25'270,573,Obszar zabudowany,,Droga wojewódzka,Jednojezdniowa dwukierunkowa,N,POWIAT GOSTYNIŃSKI,GOSTYNIN - OBSZAR MIEJSKI
1,0,1,2017,Pochmurno,Zderzenie pojazdów boczne,Pochmurno,Światło dzienne,Jezdnia,EWK-106523270N,8,2017-11-05,Ciężko,20*53'586,51*52'311,K50S,Obszar niezabudowany,,Droga krajowa,Jednojezdniowa dwukierunkowa,N,POWIAT GRÓJECKI,GRÓJEC - OBSZAR WIEJSKI
1,0,0,2017,Pochmurno,Zderzenie pojazdów boczne,Pochmurno,Światło dzienne,Jezdnia,EWK-106523270N,8,2017-11-05,Nieokreślone (puste pole),20*53'586,51*52'311,K50S,Obszar niezabudowany,,Droga krajowa,Jednojezdniowa dwukierunkowa,N,POWIAT GRÓJECKI,GRÓJEC - OBSZAR WIEJSKI
1,1,0,2017,Pochmurno,Zderzenie pojazdów boczne,Pochmurno,Światło dzienne,Jezdnia,EWK-106528204A,14,2017-11-07,Nieokreślone (puste pole),21*29'268,51*09'060,747,Obszar niezabudowany,"Zakręt, łuk",Droga wojewódzka,Jednojezdniowa dwukierunkowa,N,POWIAT LIPSKI,SIENNO - OBSZAR WIEJSKI
1,0,1,2017,Pochmurno,Zderzenie pojazdów boczne,Pochmurno,Światło dzienne,Jezdnia,EWK-106533066A,7,2017-11-10,Lekko,21*13'178,51*24'504,12,Obszar zabudowany,,Droga krajowa,Jednojezdniowa dwukierunkowa,N,POWIAT RADOMSKI,JEDLNIA-LETNISKO - OBSZAR WIEJSKI
1,0,0,2017,Pochmurno,Zderzenie pojazdów boczne,Pochmurno,Światło dzienne,Jezdnia,EWK-106533066A,7,2017-11-10,Nieokreślone (puste pole),21*13'178,51*24'504,12,Obszar zabudowany,,Droga krajowa,Jednojezdniowa dwukierunkowa,N,POWIAT RADOMSKI,JEDLNIA-LETNISKO - OBSZAR WIEJSKI
1,0,1,2017,Pochmurno,Zderzenie pojazdów boczne,Pochmurno,Światło dzienne,Jezdnia,EWK-106551827G,10,2017-11-19,Lekko,19*37'451,52*34'479,559,Obszar zabudowany,,Droga wojewódzka,Jednojezdniowa dwukierunkowa,N,POWIAT PŁOCKI,STARA BIAŁA - OBSZAR WIEJSKI
1,0,0,2017,Pochmurno,Zderzenie pojazdów boczne,Pochmurno,Światło dzienne,Jezdnia,EWK-106551827G,10,2017-11-19,Nieokreślone (puste pole),19*37'451,52*34'479,559,Obszar zabudowany,,Droga wojewódzka,Jednojezdniowa dwukierunkowa,N,POWIAT PŁOCKI,STARA BIAŁA - OBSZAR WIEJSKI
1,0,3,2017,Pochmurno,Zderzenie pojazdów boczne,Pochmurno,Światło dzienne,Jezdnia,EWK-106557177P,9,2017-11-22,Lekko,21*47'109,51*23'397,12,Obszar niezabudowany,,Droga krajowa,Jednojezdniowa dwukierunkowa,N,POWIAT ZWOLEŃSKI,PRZYŁĘK - OBSZAR WIEJSKI
1,0,1,2017,Pochmurno,Zderzenie pojazdów boczne,Pochmurno,Światło dzienne,Jezdnia,EWK-106582505L,13,2017-11-27,Ciężko,21*07'517,51*21'544,GMINNA,Obszar zabudowany,,Droga gminna,Jednojezdniowa dwukierunkowa,N,POWIAT RADOM,RADOM - OBSZAR MIEJSKI
1,0,0,2017,Pochmurno,Zderzenie pojazdów boczne,Pochmurno,Światło dzienne,Jezdnia,EWK-106582505L,13,2017-11-27,Nieokreślone (puste pole),21*07'517,51*21'544,GMINNA,Obszar zabudowany,,Droga gminna,Jednojezdniowa dwukierunkowa,N,POWIAT RADOM,RADOM - OBSZAR MIEJSKI
1,0,1,2017,Pochmurno,Zderzenie pojazdów boczne,Pochmurno,Światło dzienne,Jezdnia,EWK-106587709P,14,2017-11-18,Ciężko,20*34'133,52*49'017,60,Obszar niezabudowany,Odcinek prosty,Droga krajowa,Jednojezdniowa dwukierunkowa,N,POWIAT CIECHANOWSKI,GOŁYMIN-OŚRODEK - OBSZAR WIEJSKI
1,0,0,2017,Pochmurno,Zderzenie pojazdów boczne,Pochmurno,Światło dzienne,Jezdnia,EWK-106587709P,14,2017-11-18,Nieokreślone (puste pole),20*34'133,52*49'017,60,Obszar niezabudowany,Odcinek prosty,Droga krajowa,Jednojezdniowa dwukierunkowa,N,POWIAT CIECHANOWSKI,GOŁYMIN-OŚRODEK - OBSZAR WIEJSKI
1,0,1,2017,Pochmurno,Zderzenie pojazdów boczne,Pochmurno,Światło dzienne,Jezdnia,EWK-106591528N,15,2017-12-02,Ciężko,20*22'317,52*37'293,P3074W,Obszar zabudowany,Odcinek prosty,Droga powiatowa,Jednojezdniowa dwukierunkowa,N,POWIAT PŁOŃSKI,PŁOŃSK - OBSZAR MIEJSKI
1,0,1,2017,Pochmurno,Zderzenie pojazdów boczne,Pochmurno,Światło dzienne,Jezdnia,EWK-106591528N,15,2017-12-02,Lekko,20*22'317,52*37'293,P3074W,Obszar zabudowany,Odcinek prosty,Droga powiatowa,Jednojezdniowa dwukierunkowa,N,POWIAT PŁOŃSKI,PŁOŃSK - OBSZAR MIEJSKI
1,0,0,2017,Pochmurno,Zderzenie pojazdów boczne,Pochmurno,Światło dzienne,Jezdnia,EWK-106591528N,15,2017-12-02,Nieokreślone (puste pole),20*22'317,52*37'293,P3074W,Obszar zabudowany,Odcinek prosty,Droga powiatowa,Jednojezdniowa dwukierunkowa,N,POWIAT PŁOŃSKI,PŁOŃSK - OBSZAR MIEJSKI
1,0,1,2017,Pochmurno,Zderzenie pojazdów boczne,Pochmurno,Światło dzienne,Jezdnia,EWK-106593896W,13,2017-12-02,Lekko,22*14'393,52*10'161,GMINNA,Obszar zabudowany,,Droga gminna,Jednojezdniowa dwukierunkowa,N,POWIAT SIEDLCE,SIEDLCE - OBSZAR MIEJSKI
1,0,0,2017,Pochmurno,Zderzenie pojazdów boczne,Pochmurno,Światło dzienne,Jezdnia,EWK-106593896W,13,2017-12-02,Nieokreślone (puste pole),22*14'393,52*10'161,GMINNA,Obszar zabudowany,,Droga gminna,Jednojezdniowa dwukierunkowa,N,POWIAT SIEDLCE,SIEDLCE - OBSZAR MIEJSKI
1,0,1,2017,Pochmurno,Zderzenie pojazdów boczne,Pochmurno,Światło dzienne,Jezdnia,EWK-106598161R,18,2017-12-01,Lekko,20*43'048,51*30'345,48,Obszar zabudowany,,Droga krajowa,Jednojezdniowa dwukierunkowa,N,POWIAT PRZYSUSKI,POTWORÓW - OBSZAR WIEJSKI
1,0,0,2017,Pochmurno,Zderzenie pojazdów boczne,Pochmurno,Światło dzienne,Jezdnia,EWK-106598161R,18,2017-12-01,Nieokreślone (puste pole),20*43'048,51*30'345,48,Obszar zabudowany,,Droga krajowa,Jednojezdniowa dwukierunkowa,N,POWIAT PRZYSUSKI,POTWORÓW - OBSZAR WIEJSKI
1,1,0,2017,Pochmurno,Zderzenie pojazdów boczne,Pochmurno,Światło dzienne,Jezdnia,EWK-106603880K,14,2017-12-07,Nieokreślone (puste pole),21*14'133,51*09'333,GMINNA,Obszar zabudowany,,Droga gminna,Jednojezdniowa dwukierunkowa,N,POWIAT RADOMSKI,IŁŻA - OBSZAR MIEJSKI
1,0,2,2017,Pochmurno,Zderzenie pojazdów boczne,Pochmurno,Światło dzienne,Jezdnia,EWK-106609612M,7,2017-12-11,Lekko,22*4''404,52*7''147,,Obszar zabudowany,"Zakręt, łuk",Nieokreślone (puste pole),Jednojezdniowa dwukierunkowa,N,POWIAT SIEDLECKI,SKÓRZEC - OBSZAR WIEJSKI
1,0,0,2017,Pochmurno,Zderzenie pojazdów boczne,Pochmurno,Światło dzienne,Jezdnia,EWK-106609612M,7,2017-12-11,Nieokreślone (puste pole),22*4''404,52*7''147,,Obszar zabudowany,"Zakręt, łuk",Nieokreślone (puste pole),Jednojezdniowa dwukierunkowa,N,POWIAT SIEDLECKI,SKÓRZEC - OBSZAR WIEJSKI
1,0,1,2017,Pochmurno,Zderzenie pojazdów boczne,Pochmurno,Światło dzienne,Jezdnia,EWK-106628157F,9,2017-12-20,Ciężko,21*11'443,51*31'262,P3515W,Obszar zabudowany,,Droga powiatowa,Jednojezdniowa dwukierunkowa,N,POWIAT RADOMSKI,JASTRZĘBIA - OBSZAR WIEJSKI
1,0,1,2017,Pochmurno,Zderzenie pojazdów boczne,Pochmurno,Światło dzienne,Jezdnia,EWK-106628157F,9,2017-12-20,Lekko,21*11'443,51*31'262,P3515W,Obszar zabudowany,,Droga powiatowa,Jednojezdniowa dwukierunkowa,N,POWIAT RADOMSKI,JASTRZĘBIA - OBSZAR WIEJSKI
1,0,0,2017,Pochmurno,Zderzenie pojazdów boczne,Pochmurno,Światło dzienne,Jezdnia,EWK-106628157F,9,2017-12-20,Nieokreślone (puste pole),21*11'443,51*31'262,P3515W,Obszar zabudowany,,Droga powiatowa,Jednojezdniowa dwukierunkowa,N,POWIAT RADOMSKI,JASTRZĘBIA - OBSZAR WIEJSKI
1,0,1,2017,Pochmurno,Zderzenie pojazdów boczne,Pochmurno,Światło dzienne,Jezdnia,EWK-106632562M,11,2017-12-21,Lekko,21*14'480,51*22'446,GMINNA,Obszar zabudowany,,Droga gminna,Jednojezdniowa dwukierunkowa,N,POWIAT RADOMSKI,GÓZD - OBSZAR WIEJSKI
1,0,0,2017,Pochmurno,Zderzenie pojazdów boczne,Pochmurno,Światło dzienne,Jezdnia,EWK-106632562M,11,2017-12-21,Nieokreślone (puste pole),21*14'480,51*22'446,GMINNA,Obszar zabudowany,,Droga gminna,Jednojezdniowa dwukierunkowa,N,POWIAT RADOMSKI,GÓZD - OBSZAR WIEJSKI
1,0,1,2017,Pochmurno,Zderzenie pojazdów boczne,Pochmurno,Światło dzienne,Przejście dla pieszych,EWK-106257560W,11,2017-07-13,Ciężko,19*48'037,52*40'091,60,Obszar zabudowany,Odcinek prosty,Droga krajowa,Jednojezdniowa dwukierunkowa,N,POWIAT PŁOCKI,BIELSK - OBSZAR WIEJSKI
1,0,0,2017,Pochmurno,Zderzenie pojazdów boczne,Pochmurno,Światło dzienne,Przejście dla pieszych,EWK-106257560W,11,2017-07-13,Nieokreślone (puste pole),19*48'037,52*40'091,60,Obszar zabudowany,Odcinek prosty,Droga krajowa,Jednojezdniowa dwukierunkowa,N,POWIAT PŁOCKI,BIELSK - OBSZAR WIEJSKI
1,0,1,2017,Pochmurno,Zderzenie pojazdów boczne,Pochmurno,Światło dzienne,Przejście dla pieszych,EWK-106408121P,6,2017-09-17,Lekko,22*15'077,52*09'231,,Obszar zabudowany,Odcinek prosty,Nieokreślone (puste pole),Jednojezdniowa dwukierunkowa,N,POWIAT SIEDLCE,SIEDLCE - OBSZAR MIEJSKI
1,0,0,2017,Pochmurno,Zderzenie pojazdów boczne,Pochmurno,Światło dzienne,Przejście dla pieszych,EWK-106408121P,6,2017-09-17,Nieokreślone (puste pole),22*15'077,52*09'231,,Obszar zabudowany,Odcinek prosty,Nieokreślone (puste pole),Jednojezdniowa dwukierunkowa,N,POWIAT SIEDLCE,SIEDLCE - OBSZAR MIEJSKI
1,0,1,2017,Pochmurno,Zderzenie pojazdów boczne,Pochmurno,Światło dzienne,Przejście dla pieszych,EWK-106418269K,7,2017-09-22,Ciężko,21*27'069,52*35'457,G440725W,Obszar zabudowany,,Droga gminna,Jednokierunkowa,N,POWIAT WYSZKOWSKI,WYSZKÓW - OBSZAR MIEJSKI
1,0,0,2017,Pochmurno,Zderzenie pojazdów boczne,Pochmurno,Światło dzienne,Przejście dla pieszych,EWK-106418269K,7,2017-09-22,Nieokreślone (puste pole),21*27'069,52*35'457,G440725W,Obszar zabudowany,,Droga gminna,Jednokierunkowa,N,POWIAT WYSZKOWSKI,WYSZKÓW - OBSZAR MIEJSKI
1,0,1,2017,Pochmurno,Zderzenie pojazdów boczne,Pochmurno,Światło dzienne,Przejście dla pieszych,EWK-106532504H,11,2017-11-10,Lekko,21*34'310,53*04'466,P5109W,Obszar zabudowany,Odcinek prosty,Droga powiatowa,Jednojezdniowa dwukierunkowa,N,POWIAT OSTROŁĘKA,OSTROŁĘKA - OBSZAR MIEJSKI
1,0,0,2017,Pochmurno,Zderzenie pojazdów boczne,Pochmurno,Światło dzienne,Przejście dla pieszych,EWK-106532504H,11,2017-11-10,Nieokreślone (puste pole),21*34'310,53*04'466,P5109W,Obszar zabudowany,Odcinek prosty,Droga powiatowa,Jednojezdniowa dwukierunkowa,N,POWIAT OSTROŁĘKA,OSTROŁĘKA - OBSZAR MIEJSKI
1,0,2,2017,Pochmurno,Zderzenie pojazdów boczne,Pochmurno,Światło dzienne,"Wjazd, wyjazd z posesji, pola",EWK-106002955Q,12,2017-06-12,Lekko,19*40'283,52*31'272,62,Obszar zabudowany,Odcinek prosty,Droga krajowa,Jednojezdniowa dwukierunkowa,N,POWIAT PŁOCK,PŁOCK - OBSZAR MIEJSKI
1,0,1,2017,Pochmurno,Zderzenie pojazdów boczne,Pochmurno,Światło dzienne,"Wjazd, wyjazd z posesji, pola",EWK-106281774J,17,2017-07-25,Lekko,19*40'006,52*32'037,62,Obszar zabudowany,Odcinek prosty,Droga krajowa,Jednojezdniowa dwukierunkowa,N,POWIAT PŁOCK,PŁOCK - OBSZAR MIEJSKI
1,0,0,2017,Pochmurno,Zderzenie pojazdów boczne,Pochmurno,Światło dzienne,"Wjazd, wyjazd z posesji, pola",EWK-106281774J,17,2017-07-25,Nieokreślone (puste pole),19*40'006,52*32'037,62,Obszar zabudowany,Odcinek prosty,Droga krajowa,Jednojezdniowa dwukierunkowa,N,POWIAT PŁOCK,PŁOCK - OBSZAR MIEJSKI
1,0,1,2017,Pochmurno,Zderzenie pojazdów boczne,Pochmurno,"Świt, zmrok",Jezdnia,EWK-105341629D,15,2017-01-12,Lekko,21*47'440,52*45'26,8,Obszar niezabudowany,,Droga krajowa,Jednojezdniowa dwukierunkowa,N,POWIAT OSTROWSKI,OSTRÓW MAZOWIECKA - OBSZAR WIEJSKI
1,0,0,2017,Pochmurno,Zderzenie pojazdów boczne,Pochmurno,"Świt, zmrok",Jezdnia,EWK-105341629D,15,2017-01-12,Nieokreślone (puste pole),21*47'440,52*45'26,8,Obszar niezabudowany,,Droga krajowa,Jednojezdniowa dwukierunkowa,N,POWIAT OSTROWSKI,OSTRÓW MAZOWIECKA - OBSZAR WIEJSKI
1,0,1,2017,Pochmurno,Zderzenie pojazdów boczne,Pochmurno,"Świt, zmrok",Jezdnia,EWK-105795016P,20,2017-05-08,Ciężko,21*22'551,51*45'587,P1706W,Obszar zabudowany,Odcinek prosty,Droga powiatowa,Jednojezdniowa dwukierunkowa,N,POWIAT KOZIENICKI,MAGNUSZEW - OBSZAR WIEJSKI
1,0,0,2017,Pochmurno,Zderzenie pojazdów boczne,Pochmurno,"Świt, zmrok",Jezdnia,EWK-105795016P,20,2017-05-08,Nieokreślone (puste pole),21*22'551,51*45'587,P1706W,Obszar zabudowany,Odcinek prosty,Droga powiatowa,Jednojezdniowa dwukierunkowa,N,POWIAT KOZIENICKI,MAGNUSZEW - OBSZAR WIEJSKI
1,0,1,2017,Pochmurno,Zderzenie pojazdów boczne,Pochmurno,"Świt, zmrok",Jezdnia,EWK-106641194A,16,2017-12-20,Lekko,21*11'515,51*23'484,9,Obszar zabudowany,,Droga krajowa,Jednojezdniowa dwukierunkowa,N,POWIAT RADOM,RADOM - OBSZAR MIEJSKI
1,0,0,2017,Pochmurno,Zderzenie pojazdów boczne,Pochmurno,"Świt, zmrok",Jezdnia,EWK-106641194A,16,2017-12-20,Nieokreślone (puste pole),21*11'515,51*23'484,9,Obszar zabudowany,,Droga krajowa,Jednojezdniowa dwukierunkowa,N,POWIAT RADOM,RADOM - OBSZAR MIEJSKI
1,0,1,2017,Pochmurno,Zderzenie pojazdów boczne,Pochmurno,"Świt, zmrok",Jezdnia,EWK-106647002X,15,2017-12-29,Lekko,19*55'065,53*04'127,P,Obszar zabudowany,Odcinek prosty,Droga powiatowa,Jednojezdniowa dwukierunkowa,N,POWIAT ŻUROMIŃSKI,ŻUROMIN - OBSZAR MIEJSKI
1,0,0,2017,Pochmurno,Zderzenie pojazdów boczne,Pochmurno,"Świt, zmrok",Jezdnia,EWK-106647002X,15,2017-12-29,Nieokreślone (puste pole),19*55'065,53*04'127,P,Obszar zabudowany,Odcinek prosty,Droga powiatowa,Jednojezdniowa dwukierunkowa,N,POWIAT ŻUROMIŃSKI,ŻUROMIN - OBSZAR MIEJSKI
1,0,1,2017,Pochmurno,Zderzenie pojazdów czołowe,Pochmurno,Noc - droga nieoświetlona,Jezdnia,EWK-105462995A,22,2017-02-18,Lekko,21*00'339,51*19'364,7,Obszar niezabudowany,Odcinek prosty,Droga krajowa,Jednojezdniowa dwukierunkowa,N,POWIAT SZYDŁOWIECKI,OROŃSKO - OBSZAR WIEJSKI
1,0,0,2017,Pochmurno,Zderzenie pojazdów czołowe,Pochmurno,Noc - droga nieoświetlona,Jezdnia,EWK-105462995A,22,2017-02-18,Nieokreślone (puste pole),21*00'339,51*19'364,7,Obszar niezabudowany,Odcinek prosty,Droga krajowa,Jednojezdniowa dwukierunkowa,N,POWIAT SZYDŁOWIECKI,OROŃSKO - OBSZAR WIEJSKI
1,0,2,2017,Pochmurno,Zderzenie pojazdów czołowe,Pochmurno,Noc - droga nieoświetlona,Jezdnia,EWK-106452213P,2,2017-10-09,Ciężko,21*17'567,52*51'174,61,Obszar niezabudowany,Odcinek prosty,Droga krajowa,Jednojezdniowa dwukierunkowa,N,POWIAT MAKOWSKI,RZEWNIE - OBSZAR WIEJSKI
1,0,1,2017,Pochmurno,Zderzenie pojazdów czołowe,Pochmurno,Noc - droga nieoświetlona,Jezdnia,EWK-106489681X,21,2017-10-21,Ciężko,22*52'423,52*18'388,19,Obszar niezabudowany,"Zakręt, łuk",Droga krajowa,Jednojezdniowa dwukierunkowa,N,POWIAT ŁOSICKI,SARNAKI - OBSZAR WIEJSKI
1,0,0,2017,Pochmurno,Zderzenie pojazdów czołowe,Pochmurno,Noc - droga nieoświetlona,Jezdnia,EWK-106489681X,21,2017-10-21,Nieokreślone (puste pole),22*52'423,52*18'388,19,Obszar niezabudowany,"Zakręt, łuk",Droga krajowa,Jednojezdniowa dwukierunkowa,N,POWIAT ŁOSICKI,SARNAKI - OBSZAR WIEJSKI
1,0,1,2017,Pochmurno,Zderzenie pojazdów czołowe,Pochmurno,Noc - droga nieoświetlona,Jezdnia,EWK-106500856N,23,2017-10-25,Lekko,19*44'129,52*45'380,560,Obszar niezabudowany,Odcinek prosty,Droga wojewódzka,Jednojezdniowa dwukierunkowa,N,POWIAT SIERPECKI,GOZDOWO - OBSZAR WIEJSKI
1,0,0,2017,Pochmurno,Zderzenie pojazdów czołowe,Pochmurno,Noc - droga nieoświetlona,Jezdnia,EWK-106500856N,23,2017-10-25,Nieokreślone (puste pole),19*44'129,52*45'380,560,Obszar niezabudowany,Odcinek prosty,Droga wojewódzka,Jednojezdniowa dwukierunkowa,N,POWIAT SIERPECKI,GOZDOWO - OBSZAR WIEJSKI
1,0,1,2017,Pochmurno,Zderzenie pojazdów czołowe,Pochmurno,Noc - droga nieoświetlona,Jezdnia,EWK-106594173W,16,2017-12-02,Ciężko,20*36'423,51*56'237,50,Obszar niezabudowany,Odcinek prosty,Droga krajowa,Jednojezdniowa dwukierunkowa,N,POWIAT ŻYRARDOWSKI,MSZCZONÓW - OBSZAR WIEJSKI
1,0,1,2017,Pochmurno,Zderzenie pojazdów czołowe,Pochmurno,Noc - droga nieoświetlona,Jezdnia,EWK-106594173W,16,2017-12-02,Lekko,20*36'423,51*56'237,50,Obszar niezabudowany,Odcinek prosty,Droga krajowa,Jednojezdniowa dwukierunkowa,N,POWIAT ŻYRARDOWSKI,MSZCZONÓW - OBSZAR WIEJSKI
1,1,0,2017,Pochmurno,Zderzenie pojazdów czołowe,Pochmurno,Noc - droga nieoświetlona,Jezdnia,EWK-106594173W,16,2017-12-02,Nieokreślone (puste pole),20*36'423,51*56'237,50,Obszar niezabudowany,Odcinek prosty,Droga krajowa,Jednojezdniowa dwukierunkowa,N,POWIAT ŻYRARDOWSKI,MSZCZONÓW - OBSZAR WIEJSKI
1,0,1,2017,Pochmurno,Zderzenie pojazdów czołowe,Pochmurno,Noc - droga nieoświetlona,"Wjazd, wyjazd z posesji, pola",EWK-105591560F,18,2017-03-13,Ciężko,19*39'073,52*34'523,G520039W,Obszar zabudowany,Odcinek prosty,Droga gminna,Jednojezdniowa dwukierunkowa,N,POWIAT PŁOCK,PŁOCK - OBSZAR MIEJSKI
1,0,1,2017,Pochmurno,Zderzenie pojazdów czołowe,Pochmurno,Noc - droga nieoświetlona,"Wjazd, wyjazd z posesji, pola",EWK-105591560F,18,2017-03-13,Lekko,19*39'073,52*34'523,G520039W,Obszar zabudowany,Odcinek prosty,Droga gminna,Jednojezdniowa dwukierunkowa,N,POWIAT PŁOCK,PŁOCK - OBSZAR MIEJSKI
1,0,1,2017,Pochmurno,Zderzenie pojazdów czołowe,Pochmurno,Noc - droga oświetlona,Jezdnia,EWK-106358373L,22,2017-09-02,Lekko,21*04'578,52*42'275,618,Obszar zabudowany,Odcinek prosty,Droga wojewódzka,Jednojezdniowa dwukierunkowa,N,POWIAT PUŁTUSKI,PUŁTUSK - OBSZAR MIEJSKI
1,0,0,2017,Pochmurno,Zderzenie pojazdów czołowe,Pochmurno,Noc - droga oświetlona,Jezdnia,EWK-106358373L,22,2017-09-02,Nieokreślone (puste pole),21*04'578,52*42'275,618,Obszar zabudowany,Odcinek prosty,Droga wojewódzka,Jednojezdniowa dwukierunkowa,N,POWIAT PUŁTUSKI,PUŁTUSK - OBSZAR MIEJSKI
1,0,1,2017,Pochmurno,Zderzenie pojazdów czołowe,Pochmurno,Noc - droga oświetlona,Jezdnia,EWK-106451398P,20,2017-10-06,Ciężko,21*06'510,51*22'337,P3564W,Obszar zabudowany,,Droga powiatowa,Jednojezdniowa dwukierunkowa,N,POWIAT RADOM,RADOM - OBSZAR MIEJSKI
1,0,1,2017,Pochmurno,Zderzenie pojazdów czołowe,Pochmurno,Noc - droga oświetlona,Jezdnia,EWK-106451398P,20,2017-10-06,Lekko,21*06'510,51*22'337,P3564W,Obszar zabudowany,,Droga powiatowa,Jednojezdniowa dwukierunkowa,N,POWIAT RADOM,RADOM - OBSZAR MIEJSKI
1,0,1,2017,Pochmurno,Zderzenie pojazdów czołowe,Pochmurno,Noc - droga oświetlona,Jezdnia,EWK-106537640R,4,2017-11-13,Ciężko,21*12'517,51*24'522,12,Obszar zabudowany,Odcinek prosty,Droga krajowa,Jednojezdniowa dwukierunkowa,N,POWIAT RADOM,RADOM - OBSZAR MIEJSKI
1,0,0,2017,Pochmurno,Zderzenie pojazdów czołowe,Pochmurno,Noc - droga oświetlona,Jezdnia,EWK-106537640R,4,2017-11-13,Nieokreślone (puste pole),21*12'517,51*24'522,12,Obszar zabudowany,Odcinek prosty,Droga krajowa,Jednojezdniowa dwukierunkowa,N,POWIAT RADOM,RADOM - OBSZAR MIEJSKI
1,0,2,2017,Pochmurno,Zderzenie pojazdów czołowe,Pochmurno,Noc - droga oświetlona,Jezdnia,EWK-106581186A,18,2017-11-25,Lekko,21*57'480,52*2'240,803,Obszar zabudowany,"Zakręt, łuk",Droga wojewódzka,Jednojezdniowa dwukierunkowa,N,POWIAT SIEDLECKI,WODYNIE - OBSZAR WIEJSKI
1,0,0,2017,Pochmurno,Zderzenie pojazdów czołowe,Pochmurno,Noc - droga oświetlona,Jezdnia,EWK-106581186A,18,2017-11-25,Nieokreślone (puste pole),21*57'480,52*2'240,803,Obszar zabudowany,"Zakręt, łuk",Droga wojewódzka,Jednojezdniowa dwukierunkowa,N,POWIAT SIEDLECKI,WODYNIE - OBSZAR WIEJSKI
1,0,1,2017,Pochmurno,Zderzenie pojazdów czołowe,Pochmurno,Noc - droga oświetlona,Jezdnia,EWK-106605661F,4,2017-12-11,Ciężko,21*28'375,52*35'417,4403W,Obszar zabudowany,Odcinek prosty,Droga powiatowa,Jednojezdniowa dwukierunkowa,N,POWIAT WYSZKOWSKI,WYSZKÓW - OBSZAR MIEJSKI
1,0,0,2017,Pochmurno,Zderzenie pojazdów czołowe,Pochmurno,Noc - droga oświetlona,Jezdnia,EWK-106605661F,4,2017-12-11,Nieokreślone (puste pole),21*28'375,52*35'417,4403W,Obszar zabudowany,Odcinek prosty,Droga powiatowa,Jednojezdniowa dwukierunkowa,N,POWIAT WYSZKOWSKI,WYSZKÓW - OBSZAR MIEJSKI
1,0,1,2017,Pochmurno,Zderzenie pojazdów czołowe,Pochmurno,Noc - droga oświetlona,Jezdnia,EWK-106619309A,17,2017-12-14,Lekko,21*21'268,51*36'053,48,Obszar niezabudowany,"Zakręt, łuk",Droga krajowa,Jednojezdniowa dwukierunkowa,T,POWIAT KOZIENICKI,GŁOWACZÓW - OBSZAR WIEJSKI