Liczba wypadków,Liczba zabitych,Liczba rannych,Rok,Warunki atmosferyczne,Rodzaj zdarzenia,Warunki atmosferyczne,Oświetlenie,Charakterystyka miejsca zdarzenia,IDKSIP zdarzenia,Godzina,Dzień,Ranny,GPS x,GPS y,Numer drogi,Obszar,Geometria drogi,Kategoria drogi 1,Rodzaj drogi,Czy w zdarzeniu był sprawca nietrzeźwy,Powiat,Gmina
1,0,1,2017,Pochmurno,Zderzenie pojazdów tylne,Pochmurno,Światło dzienne,Jezdnia,EWK-106629749H,11,2017-12-20,Lekko,21*36'086,51*33'546,48,Obszar zabudowany,,Droga krajowa,Jednojezdniowa dwukierunkowa,N,POWIAT KOZIENICKI,KOZIENICE - OBSZAR WIEJSKI
1,0,0,2017,Pochmurno,Zderzenie pojazdów tylne,Pochmurno,Światło dzienne,Jezdnia,EWK-106629749H,11,2017-12-20,Nieokreślone (puste pole),21*36'086,51*33'546,48,Obszar zabudowany,,Droga krajowa,Jednojezdniowa dwukierunkowa,N,POWIAT KOZIENICKI,KOZIENICE - OBSZAR WIEJSKI
1,0,1,2017,Pochmurno,Zderzenie pojazdów tylne,Pochmurno,Światło dzienne,"Wjazd, wyjazd z posesji, pola",EWK-105684235T,12,2017-03-20,Lekko,19*28'520,52*34'554,62,Obszar zabudowany,Odcinek prosty,Droga krajowa,Jednojezdniowa dwukierunkowa,N,POWIAT PŁOCKI,NOWY DUNINÓW - OBSZAR WIEJSKI
1,0,0,2017,Pochmurno,Zderzenie pojazdów tylne,Pochmurno,Światło dzienne,"Wjazd, wyjazd z posesji, pola",EWK-105684235T,12,2017-03-20,Nieokreślone (puste pole),19*28'520,52*34'554,62,Obszar zabudowany,Odcinek prosty,Droga krajowa,Jednojezdniowa dwukierunkowa,N,POWIAT PŁOCKI,NOWY DUNINÓW - OBSZAR WIEJSKI
1,0,1,2017,Pochmurno,Zderzenie pojazdów tylne,Pochmurno,"Świt, zmrok",Jezdnia,EWK-105467682H,17,2017-02-17,Lekko,21*11'000,51*22'446,9,Obszar zabudowany,,Droga krajowa,Jednojezdniowa dwukierunkowa,N,POWIAT RADOM,RADOM - OBSZAR MIEJSKI
1,0,0,2017,Pochmurno,Zderzenie pojazdów tylne,Pochmurno,"Świt, zmrok",Jezdnia,EWK-105467682H,17,2017-02-17,Nieokreślone (puste pole),21*11'000,51*22'446,9,Obszar zabudowany,,Droga krajowa,Jednojezdniowa dwukierunkowa,N,POWIAT RADOM,RADOM - OBSZAR MIEJSKI
1,0,1,2017,Pochmurno,Zderzenie pojazdów tylne,Pochmurno,"Świt, zmrok",Jezdnia,EWK-105737020D,5,2017-04-06,Lekko,21*08'333,51*27'064,7,Obszar zabudowany,,Droga krajowa,Dwie jezdnie jednokierunkowe,N,POWIAT RADOM,RADOM - OBSZAR MIEJSKI
1,0,0,2017,Pochmurno,Zderzenie pojazdów tylne,Pochmurno,"Świt, zmrok",Jezdnia,EWK-105737020D,5,2017-04-06,Nieokreślone (puste pole),21*08'333,51*27'064,7,Obszar zabudowany,,Droga krajowa,Dwie jezdnie jednokierunkowe,N,POWIAT RADOM,RADOM - OBSZAR MIEJSKI
1,0,1,2017,Pochmurno,Zderzenie pojazdów tylne,Pochmurno,"Świt, zmrok",Jezdnia,EWK-106595485K,1,2017-11-30,Lekko,21*16'041,51*23'382,12,Obszar niezabudowany,Odcinek prosty,Droga krajowa,Jednojezdniowa dwukierunkowa,N,POWIAT RADOMSKI,GÓZD - OBSZAR WIEJSKI
1,0,0,2017,Pochmurno,Zderzenie pojazdów tylne,Pochmurno,"Świt, zmrok",Jezdnia,EWK-106595485K,1,2017-11-30,Nieokreślone (puste pole),21*16'041,51*23'382,12,Obszar niezabudowany,Odcinek prosty,Droga krajowa,Jednojezdniowa dwukierunkowa,N,POWIAT RADOMSKI,GÓZD - OBSZAR WIEJSKI
1,0,1,2017,Pochmurno,Zderzenie pojazdów tylne,Pochmurno,"Świt, zmrok",Jezdnia,EWK-106617099K,13,2017-12-14,Lekko,21*37'197,51*53'190,,Obszar zabudowany,Odcinek prosty,Nieokreślone (puste pole),Jednojezdniowa dwukierunkowa,N,POWIAT GARWOLIŃSKI,GARWOLIN - OBSZAR MIEJSKI
1,0,0,2017,Pochmurno,Zderzenie pojazdów tylne,Pochmurno,"Świt, zmrok",Jezdnia,EWK-106617099K,13,2017-12-14,Nieokreślone (puste pole),21*37'197,51*53'190,,Obszar zabudowany,Odcinek prosty,Nieokreślone (puste pole),Jednojezdniowa dwukierunkowa,N,POWIAT GARWOLIŃSKI,GARWOLIN - OBSZAR MIEJSKI
1,1,0,2017,"Pochmurno; Mgła, dym",Inne,"Pochmurno; Mgła, dym",Światło dzienne,Jezdnia,EWK-106382726H,8,2017-09-11,Nieokreślone (puste pole),22*11'447,52*03'271,1455O,Obszar zabudowany,"Zakręt, łuk",Droga powiatowa,Jednojezdniowa dwukierunkowa,N,POWIAT SIEDLECKI,SIEDLCE - OBSZAR WIEJSKI
1,0,1,2017,"Pochmurno; Mgła, dym",Inne,"Pochmurno; Mgła, dym","Świt, zmrok",Jezdnia,EWK-105346226K,5,2017-01-16,Ciężko,20*27'229,52*40'248,50,Obszar zabudowany,Odcinek prosty,Droga krajowa,Jednojezdniowa dwukierunkowa,N,POWIAT PŁOŃSKI,SOCHOCIN - OBSZAR WIEJSKI
1,0,0,2017,"Pochmurno; Mgła, dym",Inne,"Pochmurno; Mgła, dym","Świt, zmrok",Jezdnia,EWK-105346226K,5,2017-01-16,Nieokreślone (puste pole),20*27'229,52*40'248,50,Obszar zabudowany,Odcinek prosty,Droga krajowa,Jednojezdniowa dwukierunkowa,N,POWIAT PŁOŃSKI,SOCHOCIN - OBSZAR WIEJSKI
1,0,1,2017,"Pochmurno; Mgła, dym",Najechanie na pojazd unieruchomiony,"Pochmurno; Mgła, dym",Noc - droga oświetlona,Jezdnia,EWK-106492626H,7,2017-10-23,Ciężko,20*42'127,51*49'125,GMINNA,Obszar niezabudowany,Odcinek prosty,Droga gminna,Jednojezdniowa dwukierunkowa,N,POWIAT GRÓJECKI,BŁĘDÓW - OBSZAR WIEJSKI
1,0,0,2017,"Pochmurno; Mgła, dym",Najechanie na pojazd unieruchomiony,"Pochmurno; Mgła, dym",Noc - droga oświetlona,Jezdnia,EWK-106492626H,7,2017-10-23,Nieokreślone (puste pole),20*42'127,51*49'125,GMINNA,Obszar niezabudowany,Odcinek prosty,Droga gminna,Jednojezdniowa dwukierunkowa,N,POWIAT GRÓJECKI,BŁĘDÓW - OBSZAR WIEJSKI
1,0,1,2017,"Pochmurno; Mgła, dym",Wywrócenie się pojazdu,"Pochmurno; Mgła, dym",Światło dzienne,Jezdnia,EWK-105348602L,9,2017-01-17,Lekko,21*31'431,53*03'144,61,Obszar niezabudowany,Odcinek prosty,Droga krajowa,Jednojezdniowa dwukierunkowa,N,POWIAT OSTROŁĘCKI,OLSZEWO-BORKI - OBSZAR WIEJSKI
1,0,0,2017,"Pochmurno; Mgła, dym",Wywrócenie się pojazdu,"Pochmurno; Mgła, dym",Światło dzienne,Jezdnia,EWK-105348602L,9,2017-01-17,Nieokreślone (puste pole),21*31'431,53*03'144,61,Obszar niezabudowany,Odcinek prosty,Droga krajowa,Jednojezdniowa dwukierunkowa,N,POWIAT OSTROŁĘCKI,OLSZEWO-BORKI - OBSZAR WIEJSKI
1,0,1,2017,"Pochmurno; Mgła, dym",Wywrócenie się pojazdu,"Pochmurno; Mgła, dym",Światło dzienne,Jezdnia,EWK-106624218R,9,2017-12-18,Lekko,20*53'523,51*24'290,P3502W,Obszar zabudowany,"Zakręt, łuk",Droga powiatowa,Jednojezdniowa dwukierunkowa,N,POWIAT RADOMSKI,PRZYTYK - OBSZAR WIEJSKI
1,0,1,2017,"Pochmurno; Mgła, dym",Zderzenie pojazdów boczne,"Pochmurno; Mgła, dym","Świt, zmrok",Jezdnia,EWK-106484809F,7,2017-10-18,Ciężko,20*11'084,52*23'146,GMINNA,Obszar zabudowany,,Droga gminna,Jednojezdniowa dwukierunkowa,N,POWIAT PŁOCKI,WYSZOGRÓD - OBSZAR MIEJSKI
1,0,0,2017,"Pochmurno; Mgła, dym",Zderzenie pojazdów boczne,"Pochmurno; Mgła, dym","Świt, zmrok",Jezdnia,EWK-106484809F,7,2017-10-18,Nieokreślone (puste pole),20*11'084,52*23'146,GMINNA,Obszar zabudowany,,Droga gminna,Jednojezdniowa dwukierunkowa,N,POWIAT PŁOCKI,WYSZOGRÓD - OBSZAR MIEJSKI
1,0,1,2017,"Pochmurno; Mgła, dym",Zderzenie pojazdów tylne,"Pochmurno; Mgła, dym",Światło dzienne,Jezdnia,EWK-106593783K,9,2017-12-02,Lekko,21*07'383,51*22'310,744,Obszar zabudowany,Odcinek prosty,Droga wojewódzka,Jednojezdniowa dwukierunkowa,N,POWIAT RADOM,RADOM - OBSZAR MIEJSKI
1,0,0,2017,"Pochmurno; Mgła, dym",Zderzenie pojazdów tylne,"Pochmurno; Mgła, dym",Światło dzienne,Jezdnia,EWK-106593783K,9,2017-12-02,Nieokreślone (puste pole),21*07'383,51*22'310,744,Obszar zabudowany,Odcinek prosty,Droga wojewódzka,Jednojezdniowa dwukierunkowa,N,POWIAT RADOM,RADOM - OBSZAR MIEJSKI
1,0,1,2017,Pochmurno; Opady deszczu,Inne,Pochmurno; Opady deszczu,Światło dzienne,Jezdnia,EWK-106363049A,10,2017-09-05,Ciężko,21*31'117,52*35'111,62,Obszar niezabudowany,Odcinek prosty,Droga krajowa,Jednojezdniowa dwukierunkowa,N,POWIAT WYSZKOWSKI,WYSZKÓW - OBSZAR WIEJSKI
1,0,0,2017,Pochmurno; Opady deszczu,Inne,Pochmurno; Opady deszczu,Światło dzienne,Jezdnia,EWK-106363049A,10,2017-09-05,Nieokreślone (puste pole),21*31'117,52*35'111,62,Obszar niezabudowany,Odcinek prosty,Droga krajowa,Jednojezdniowa dwukierunkowa,N,POWIAT WYSZKOWSKI,WYSZKÓW - OBSZAR WIEJSKI
1,0,1,2017,Pochmurno; Opady deszczu,Inne,Pochmurno; Opady deszczu,Światło dzienne,Pobocze,EWK-106585762H,15,2017-11-28,Lekko,19*27'577,52*39'548,P2904W,Obszar niezabudowany,Odcinek prosty,Droga powiatowa,Jednojezdniowa dwukierunkowa,N,POWIAT PŁOCKI,BRUDZEŃ DUŻY - OBSZAR WIEJSKI
1,0,1,2017,Pochmurno; Opady deszczu,Najechanie na barierę ochronną,Pochmurno; Opady deszczu,Noc - droga nieoświetlona,"Most, wiadukt, łącznica, tunel",EWK-105785179M,22,2017-04-29,Ciężko,19*37'229,52*51'317,P3729W,Obszar niezabudowany,Odcinek prosty; Spadek,Droga powiatowa,Jednojezdniowa dwukierunkowa,T,POWIAT SIERPECKI,SIERPC - OBSZAR WIEJSKI
1,0,0,2017,Pochmurno; Opady deszczu,Najechanie na barierę ochronną,Pochmurno; Opady deszczu,Noc - droga nieoświetlona,"Most, wiadukt, łącznica, tunel",EWK-105785179M,22,2017-04-29,Nieokreślone (puste pole),19*37'229,52*51'317,P3729W,Obszar niezabudowany,Odcinek prosty; Spadek,Droga powiatowa,Jednojezdniowa dwukierunkowa,T,POWIAT SIERPECKI,SIERPC - OBSZAR WIEJSKI
1,0,1,2017,Pochmurno; Opady deszczu,Najechanie na barierę ochronną,Pochmurno; Opady deszczu,Światło dzienne,"Most, wiadukt, łącznica, tunel",EWK-106605136C,8,2017-12-06,Ciężko,19*43'488,52*31'245,60,Obszar niezabudowany,Odcinek prosty,Droga krajowa,Dwie jezdnie jednokierunkowe,N,POWIAT PŁOCK,PŁOCK - OBSZAR MIEJSKI
1,0,1,2017,Pochmurno; Opady deszczu,Najechanie na barierę ochronną,Pochmurno; Opady deszczu,Światło dzienne,Pas dzielący jezdnie,EWK-105958859J,19,2017-06-06,Ciężko,20*16'299,52*04'245,A2,Obszar niezabudowany,Odcinek prosty,Autostrada,Autostrada,T,POWIAT ŻYRARDOWSKI,WISKITKI - OBSZAR WIEJSKI
1,0,1,2017,Pochmurno; Opady deszczu,Najechanie na drzewo,Pochmurno; Opady deszczu,Noc - droga oświetlona,Pobocze,EWK-106261331G,3,2017-07-17,Lekko,19*34'438,52*38'312,559,Obszar zabudowany,,Droga wojewódzka,Jednojezdniowa dwukierunkowa,N,POWIAT PŁOCKI,BRUDZEŃ DUŻY - OBSZAR WIEJSKI
1,0,0,2017,Pochmurno; Opady deszczu,Najechanie na drzewo,Pochmurno; Opady deszczu,Noc - droga oświetlona,Pobocze,EWK-106261331G,3,2017-07-17,Nieokreślone (puste pole),19*34'438,52*38'312,559,Obszar zabudowany,,Droga wojewódzka,Jednojezdniowa dwukierunkowa,N,POWIAT PŁOCKI,BRUDZEŃ DUŻY - OBSZAR WIEJSKI
1,0,1,2017,Pochmurno; Opady deszczu,Najechanie na drzewo,Pochmurno; Opady deszczu,Światło dzienne,Jezdnia,EWK-106170234P,8,2017-07-02,Ciężko,21*18'306,53*22'315,614,Obszar niezabudowany,"Zakręt, łuk",Droga wojewódzka,Jednojezdniowa dwukierunkowa,N,POWIAT OSTROŁĘCKI,MYSZYNIEC - OBSZAR WIEJSKI
1,0,1,2017,Pochmurno; Opady deszczu,Najechanie na drzewo,Pochmurno; Opady deszczu,Światło dzienne,Jezdnia,EWK-106461359P,18,2017-10-11,Ciężko,21*30'183,52*35'189,62,Obszar niezabudowany,Odcinek prosty,Droga krajowa,Jednojezdniowa dwukierunkowa,N,POWIAT WYSZKOWSKI,WYSZKÓW - OBSZAR WIEJSKI
1,0,1,2017,Pochmurno; Opady deszczu,Najechanie na pieszego,Pochmurno; Opady deszczu,Noc - droga nieoświetlona,Jezdnia,EWK-106358269U,19,2017-09-02,Lekko,20*58'111,51*13'054,G400209W,Obszar niezabudowany,Odcinek prosty,Droga gminna,Jednojezdniowa dwukierunkowa,N,POWIAT SZYDŁOWIECKI,JASTRZĄB - OBSZAR WIEJSKI
1,0,0,2017,Pochmurno; Opady deszczu,Najechanie na pieszego,Pochmurno; Opady deszczu,Noc - droga nieoświetlona,Jezdnia,EWK-106358269U,19,2017-09-02,Nieokreślone (puste pole),20*58'111,51*13'054,G400209W,Obszar niezabudowany,Odcinek prosty,Droga gminna,Jednojezdniowa dwukierunkowa,N,POWIAT SZYDŁOWIECKI,JASTRZĄB - OBSZAR WIEJSKI
1,0,1,2017,Pochmurno; Opady deszczu,Najechanie na pieszego,Pochmurno; Opady deszczu,Noc - droga nieoświetlona,Jezdnia,EWK-106360006C,21,2017-09-02,Ciężko,21*53'542,52*30'340,P4207W,Obszar zabudowany,"Zakręt, łuk",Droga powiatowa,Jednojezdniowa dwukierunkowa,N,POWIAT WĘGROWSKI,STOCZEK - OBSZAR WIEJSKI
1,0,0,2017,Pochmurno; Opady deszczu,Najechanie na pieszego,Pochmurno; Opady deszczu,Noc - droga nieoświetlona,Jezdnia,EWK-106360006C,21,2017-09-02,Nieokreślone (puste pole),21*53'542,52*30'340,P4207W,Obszar zabudowany,"Zakręt, łuk",Droga powiatowa,Jednojezdniowa dwukierunkowa,N,POWIAT WĘGROWSKI,STOCZEK - OBSZAR WIEJSKI
1,0,1,2017,Pochmurno; Opady deszczu,Najechanie na pieszego,Pochmurno; Opady deszczu,Noc - droga oświetlona,Przejście dla pieszych,EWK-105498741K,18,2017-03-02,Lekko,19*42'075,52*32'520,60,Obszar zabudowany,,Droga krajowa,Dwie jezdnie jednokierunkowe,N,POWIAT PŁOCK,PŁOCK - OBSZAR MIEJSKI
1,0,0,2017,Pochmurno; Opady deszczu,Najechanie na pieszego,Pochmurno; Opady deszczu,Noc - droga oświetlona,Przejście dla pieszych,EWK-105498741K,18,2017-03-02,Nieokreślone (puste pole),19*42'075,52*32'520,60,Obszar zabudowany,,Droga krajowa,Dwie jezdnie jednokierunkowe,N,POWIAT PŁOCK,PŁOCK - OBSZAR MIEJSKI
1,0,1,2017,Pochmurno; Opady deszczu,Najechanie na pieszego,Pochmurno; Opady deszczu,Noc - droga oświetlona,Przejście dla pieszych,EWK-106448799M,18,2017-10-05,Ciężko,21*34'280,53*04'334,4403W,Obszar zabudowany,Odcinek prosty,Droga powiatowa,Jednojezdniowa dwukierunkowa,N,POWIAT OSTROŁĘKA,OSTROŁĘKA - OBSZAR MIEJSKI
1,0,0,2017,Pochmurno; Opady deszczu,Najechanie na pieszego,Pochmurno; Opady deszczu,Noc - droga oświetlona,Przejście dla pieszych,EWK-106448799M,18,2017-10-05,Nieokreślone (puste pole),21*34'280,53*04'334,4403W,Obszar zabudowany,Odcinek prosty,Droga powiatowa,Jednojezdniowa dwukierunkowa,N,POWIAT OSTROŁĘKA,OSTROŁĘKA - OBSZAR MIEJSKI
1,0,1,2017,Pochmurno; Opady deszczu,Najechanie na pieszego,Pochmurno; Opady deszczu,Noc - droga oświetlona,Przejście dla pieszych,EWK-106521643D,16,2017-11-03,Lekko,21*52'478,52*47'511,GMINNA,Obszar zabudowany,Odcinek prosty,Droga gminna,Jednojezdniowa dwukierunkowa,N,POWIAT OSTROWSKI,OSTRÓW MAZOWIECKA - OBSZAR MIEJSKI
1,0,0,2017,Pochmurno; Opady deszczu,Najechanie na pieszego,Pochmurno; Opady deszczu,Noc - droga oświetlona,Przejście dla pieszych,EWK-106521643D,16,2017-11-03,Nieokreślone (puste pole),21*52'478,52*47'511,GMINNA,Obszar zabudowany,Odcinek prosty,Droga gminna,Jednojezdniowa dwukierunkowa,N,POWIAT OSTROWSKI,OSTRÓW MAZOWIECKA - OBSZAR MIEJSKI
1,0,1,2017,Pochmurno; Opady deszczu,Najechanie na pieszego,Pochmurno; Opady deszczu,Noc - droga oświetlona,Przejście dla pieszych,EWK-106558011X,21,2017-11-22,Lekko,19*44'007,52*23'548,577,Obszar zabudowany,Odcinek prosty,Droga wojewódzka,Jednojezdniowa dwukierunkowa,N,POWIAT PŁOCKI,GĄBIN - OBSZAR MIEJSKI
1,0,0,2017,Pochmurno; Opady deszczu,Najechanie na pieszego,Pochmurno; Opady deszczu,Noc - droga oświetlona,Przejście dla pieszych,EWK-106558011X,21,2017-11-22,Nieokreślone (puste pole),19*44'007,52*23'548,577,Obszar zabudowany,Odcinek prosty,Droga wojewódzka,Jednojezdniowa dwukierunkowa,N,POWIAT PŁOCKI,GĄBIN - OBSZAR MIEJSKI
1,0,1,2017,Pochmurno; Opady deszczu,Najechanie na pieszego,Pochmurno; Opady deszczu,Noc - droga oświetlona,Przejście dla pieszych,EWK-106599746G,17,2017-12-05,Lekko,21*34'487,53*04'538,P5102W,Obszar zabudowany,,Droga powiatowa,Dwie jezdnie jednokierunkowe,N,POWIAT OSTROŁĘKA,OSTROŁĘKA - OBSZAR MIEJSKI
1,0,0,2017,Pochmurno; Opady deszczu,Najechanie na pieszego,Pochmurno; Opady deszczu,Noc - droga oświetlona,Przejście dla pieszych,EWK-106599746G,17,2017-12-05,Nieokreślone (puste pole),21*34'487,53*04'538,P5102W,Obszar zabudowany,,Droga powiatowa,Dwie jezdnie jednokierunkowe,N,POWIAT OSTROŁĘKA,OSTROŁĘKA - OBSZAR MIEJSKI
1,0,1,2017,Pochmurno; Opady deszczu,Najechanie na pieszego,Pochmurno; Opady deszczu,Noc - droga oświetlona,Przejście dla pieszych,EWK-106601628M,16,2017-12-06,Lekko,19*41'218,52*32'453,5207W,Obszar zabudowany,Odcinek prosty,Droga powiatowa,Jednokierunkowa,N,POWIAT PŁOCK,PŁOCK - OBSZAR MIEJSKI
1,0,0,2017,Pochmurno; Opady deszczu,Najechanie na pieszego,Pochmurno; Opady deszczu,Noc - droga oświetlona,Przejście dla pieszych,EWK-106601628M,16,2017-12-06,Nieokreślone (puste pole),19*41'218,52*32'453,5207W,Obszar zabudowany,Odcinek prosty,Droga powiatowa,Jednokierunkowa,N,POWIAT PŁOCK,PŁOCK - OBSZAR MIEJSKI
1,0,1,2017,Pochmurno; Opady deszczu,Najechanie na pieszego,Pochmurno; Opady deszczu,Noc - droga oświetlona,Przejście dla pieszych,EWK-106633317L,20,2017-12-21,Ciężko,21*06'005,52*51'542,60,Obszar zabudowany,,Droga krajowa,Jednojezdniowa dwukierunkowa,T,POWIAT MAKOWSKI,MAKÓW MAZOWIECKI - OBSZAR MIEJSKI
1,0,0,2017,Pochmurno; Opady deszczu,Najechanie na pieszego,Pochmurno; Opady deszczu,Noc - droga oświetlona,Przejście dla pieszych,EWK-106633317L,20,2017-12-21,Nieokreślone (puste pole),21*06'005,52*51'542,60,Obszar zabudowany,,Droga krajowa,Jednojezdniowa dwukierunkowa,T,POWIAT MAKOWSKI,MAKÓW MAZOWIECKI - OBSZAR MIEJSKI
1,0,1,2017,Pochmurno; Opady deszczu,Najechanie na pieszego,Pochmurno; Opady deszczu,Noc - droga oświetlona,Przejście dla pieszych,EWK-106633739A,5,2017-12-22,Ciężko,21*07'435,51*22'448,744,Obszar zabudowany,,Droga wojewódzka,Dwie jezdnie jednokierunkowe,N,POWIAT RADOM,RADOM - OBSZAR MIEJSKI
1,0,0,2017,Pochmurno; Opady deszczu,Najechanie na pieszego,Pochmurno; Opady deszczu,Noc - droga oświetlona,Przejście dla pieszych,EWK-106633739A,5,2017-12-22,Nieokreślone (puste pole),21*07'435,51*22'448,744,Obszar zabudowany,,Droga wojewódzka,Dwie jezdnie jednokierunkowe,N,POWIAT RADOM,RADOM - OBSZAR MIEJSKI
1,0,2,2017,Pochmurno; Opady deszczu,Najechanie na pieszego,Pochmurno; Opady deszczu,Światło dzienne,"Chodnik, droga dla pieszych",EWK-105753417T,7,2017-04-12,Ciężko,19*47'460,52*36'200,60,Obszar zabudowany,Odcinek prosty,Droga krajowa,Jednojezdniowa dwukierunkowa,T,POWIAT PŁOCKI,BIELSK - OBSZAR WIEJSKI
1,0,0,2017,Pochmurno; Opady deszczu,Najechanie na pieszego,Pochmurno; Opady deszczu,Światło dzienne,"Chodnik, droga dla pieszych",EWK-105753417T,7,2017-04-12,Nieokreślone (puste pole),19*47'460,52*36'200,60,Obszar zabudowany,Odcinek prosty,Droga krajowa,Jednojezdniowa dwukierunkowa,T,POWIAT PŁOCKI,BIELSK - OBSZAR WIEJSKI
1,0,1,2017,Pochmurno; Opady deszczu,Najechanie na pieszego,Pochmurno; Opady deszczu,Światło dzienne,Jezdnia,EWK-106414239F,13,2017-09-20,Ciężko,21*09'008,51*24'169,P5339W,Obszar zabudowany,Odcinek prosty,Droga powiatowa,Jednojezdniowa dwukierunkowa,N,POWIAT RADOM,RADOM - OBSZAR MIEJSKI
1,0,0,2017,Pochmurno; Opady deszczu,Najechanie na pieszego,Pochmurno; Opady deszczu,Światło dzienne,Jezdnia,EWK-106414239F,13,2017-09-20,Nieokreślone (puste pole),21*09'008,51*24'169,P5339W,Obszar zabudowany,Odcinek prosty,Droga powiatowa,Jednojezdniowa dwukierunkowa,N,POWIAT RADOM,RADOM - OBSZAR MIEJSKI
1,0,1,2017,Pochmurno; Opady deszczu,Najechanie na pieszego,Pochmurno; Opady deszczu,Światło dzienne,Jezdnia,EWK-106420925X,8,2017-09-23,Lekko,21*36'486,51*53'439,,Obszar zabudowany,,Nieokreślone (puste pole),Jednojezdniowa dwukierunkowa,N,POWIAT GARWOLIŃSKI,GARWOLIN - OBSZAR MIEJSKI
1,0,0,2017,Pochmurno; Opady deszczu,Najechanie na pieszego,Pochmurno; Opady deszczu,Światło dzienne,Jezdnia,EWK-106420925X,8,2017-09-23,Nieokreślone (puste pole),21*36'486,51*53'439,,Obszar zabudowany,,Nieokreślone (puste pole),Jednojezdniowa dwukierunkowa,N,POWIAT GARWOLIŃSKI,GARWOLIN - OBSZAR MIEJSKI
1,0,1,2017,Pochmurno; Opady deszczu,Najechanie na pieszego,Pochmurno; Opady deszczu,Światło dzienne,Jezdnia,EWK-106448015D,8,2017-10-05,Lekko,22*18'124,52*09'552,,Obszar zabudowany,Odcinek prosty,Nieokreślone (puste pole),Jednojezdniowa dwukierunkowa,N,POWIAT SIEDLCE,SIEDLCE - OBSZAR MIEJSKI
1,0,0,2017,Pochmurno; Opady deszczu,Najechanie na pieszego,Pochmurno; Opady deszczu,Światło dzienne,Jezdnia,EWK-106448015D,8,2017-10-05,Nieokreślone (puste pole),22*18'124,52*09'552,,Obszar zabudowany,Odcinek prosty,Nieokreślone (puste pole),Jednojezdniowa dwukierunkowa,N,POWIAT SIEDLCE,SIEDLCE - OBSZAR MIEJSKI
1,0,1,2017,Pochmurno; Opady deszczu,Najechanie na pieszego,Pochmurno; Opady deszczu,Światło dzienne,Jezdnia,EWK-106538194U,10,2017-11-10,Ciężko,19*54'481,53*04'064,GMINNA,Obszar zabudowany,,Droga gminna,Jednojezdniowa dwukierunkowa,N,POWIAT ŻUROMIŃSKI,ŻUROMIN - OBSZAR MIEJSKI
1,0,0,2017,Pochmurno; Opady deszczu,Najechanie na pieszego,Pochmurno; Opady deszczu,Światło dzienne,Jezdnia,EWK-106538194U,10,2017-11-10,Nieokreślone (puste pole),19*54'481,53*04'064,GMINNA,Obszar zabudowany,,Droga gminna,Jednojezdniowa dwukierunkowa,N,POWIAT ŻUROMIŃSKI,ŻUROMIN - OBSZAR MIEJSKI
1,0,1,2017,Pochmurno; Opady deszczu,Najechanie na pieszego,Pochmurno; Opady deszczu,Światło dzienne,Przejście dla pieszych,EWK-105361597D,8,2017-01-21,Lekko,19*42'160,52*32'268,P0244T,Obszar zabudowany,,Droga powiatowa,Jednojezdniowa dwukierunkowa,N,POWIAT PŁOCK,PŁOCK - OBSZAR MIEJSKI
1,0,0,2017,Pochmurno; Opady deszczu,Najechanie na pieszego,Pochmurno; Opady deszczu,Światło dzienne,Przejście dla pieszych,EWK-105361597D,8,2017-01-21,Nieokreślone (puste pole),19*42'160,52*32'268,P0244T,Obszar zabudowany,,Droga powiatowa,Jednojezdniowa dwukierunkowa,N,POWIAT PŁOCK,PŁOCK - OBSZAR MIEJSKI
1,0,1,2017,Pochmurno; Opady deszczu,Najechanie na pieszego,Pochmurno; Opady deszczu,Światło dzienne,Przejście dla pieszych,EWK-106418529R,8,2017-09-22,Ciężko,19*41'326,52*33'028,60,Obszar zabudowany,Odcinek prosty,Droga krajowa,Jednojezdniowa dwukierunkowa,N,POWIAT PŁOCK,PŁOCK - OBSZAR MIEJSKI
1,0,0,2017,Pochmurno; Opady deszczu,Najechanie na pieszego,Pochmurno; Opady deszczu,Światło dzienne,Przejście dla pieszych,EWK-106418529R,8,2017-09-22,Nieokreślone (puste pole),19*41'326,52*33'028,60,Obszar zabudowany,Odcinek prosty,Droga krajowa,Jednojezdniowa dwukierunkowa,N,POWIAT PŁOCK,PŁOCK - OBSZAR MIEJSKI
1,0,1,2017,Pochmurno; Opady deszczu,Najechanie na pieszego,Pochmurno; Opady deszczu,"Świt, zmrok",Jezdnia,EWK-105689323N,17,2017-03-22,Lekko,21*10'202,51*24'044,G530069W,Obszar zabudowany,Odcinek prosty,Droga gminna,Jednojezdniowa dwukierunkowa,N,POWIAT RADOM,RADOM - OBSZAR MIEJSKI
1,0,0,2017,Pochmurno; Opady deszczu,Najechanie na pieszego,Pochmurno; Opady deszczu,"Świt, zmrok",Jezdnia,EWK-105689323N,17,2017-03-22,Nieokreślone (puste pole),21*10'202,51*24'044,G530069W,Obszar zabudowany,Odcinek prosty,Droga gminna,Jednojezdniowa dwukierunkowa,N,POWIAT RADOM,RADOM - OBSZAR MIEJSKI