Liczba wypadków,Liczba zabitych,Liczba rannych,Rok,Warunki atmosferyczne,Rodzaj zdarzenia,Warunki atmosferyczne,Oświetlenie,Charakterystyka miejsca zdarzenia,IDKSIP zdarzenia,Godzina,Dzień,Ranny,GPS x,GPS y,Numer drogi,Obszar,Geometria drogi,Kategoria drogi 1,Rodzaj drogi,Czy w zdarzeniu był sprawca nietrzeźwy,Powiat,Gmina
1,0,1,2017,Pochmurno; Opady deszczu,"Najechanie na słup, znak",Pochmurno; Opady deszczu,Światło dzienne,Jezdnia,EWK-106285521L,7,2017-07-28,Lekko,21*08'592,51*23'494,P5323W,Obszar zabudowany,Odcinek prosty,Droga powiatowa,Jednojezdniowa dwukierunkowa,N,POWIAT RADOM,RADOM - OBSZAR MIEJSKI
1,0,0,2017,Pochmurno; Opady deszczu,"Najechanie na słup, znak",Pochmurno; Opady deszczu,Światło dzienne,Jezdnia,EWK-106285521L,7,2017-07-28,Nieokreślone (puste pole),21*08'592,51*23'494,P5323W,Obszar zabudowany,Odcinek prosty,Droga powiatowa,Jednojezdniowa dwukierunkowa,N,POWIAT RADOM,RADOM - OBSZAR MIEJSKI
1,0,1,2017,Pochmurno; Opady deszczu,Najechanie na zwierzę,Pochmurno; Opady deszczu,Noc - droga nieoświetlona,Jezdnia,EWK-106429107C,21,2017-09-14,Lekko,22*27'006,52*11'143,698,Obszar niezabudowany,Odcinek prosty,Droga wojewódzka,Jednojezdniowa dwukierunkowa,N,POWIAT SIEDLECKI,MORDY - OBSZAR WIEJSKI
1,0,1,2017,Pochmurno; Opady deszczu,Zderzenie pojazdów boczne,Pochmurno; Opady deszczu,Noc - droga oświetlona,Jezdnia,EWK-106580046L,6,2017-11-25,Ciężko,21*27'524,53*14'035,2519W,Obszar zabudowany,,Droga powiatowa,Jednojezdniowa dwukierunkowa,N,POWIAT OSTROŁĘCKI,KADZIDŁO - OBSZAR WIEJSKI
1,0,0,2017,Pochmurno; Opady deszczu,Zderzenie pojazdów boczne,Pochmurno; Opady deszczu,Noc - droga oświetlona,Jezdnia,EWK-106580046L,6,2017-11-25,Nieokreślone (puste pole),21*27'524,53*14'035,2519W,Obszar zabudowany,,Droga powiatowa,Jednojezdniowa dwukierunkowa,N,POWIAT OSTROŁĘCKI,KADZIDŁO - OBSZAR WIEJSKI
1,0,1,2017,Pochmurno; Opady deszczu,Zderzenie pojazdów boczne,Pochmurno; Opady deszczu,Światło dzienne,Jezdnia,EWK-105773667X,13,2017-04-26,Lekko,21*13'180,51*24'504,12,Obszar zabudowany,,Droga krajowa,Jednojezdniowa dwukierunkowa,N,POWIAT RADOMSKI,JEDLNIA-LETNISKO - OBSZAR WIEJSKI
1,0,0,2017,Pochmurno; Opady deszczu,Zderzenie pojazdów boczne,Pochmurno; Opady deszczu,Światło dzienne,Jezdnia,EWK-105773667X,13,2017-04-26,Nieokreślone (puste pole),21*13'180,51*24'504,12,Obszar zabudowany,,Droga krajowa,Jednojezdniowa dwukierunkowa,N,POWIAT RADOMSKI,JEDLNIA-LETNISKO - OBSZAR WIEJSKI
1,0,1,2017,Pochmurno; Opady deszczu,Zderzenie pojazdów boczne,Pochmurno; Opady deszczu,Światło dzienne,Jezdnia,EWK-105785100A,14,2017-04-28,Lekko,19*42'274,52*36'252,P2908W,Obszar niezabudowany,,Droga powiatowa,Jednojezdniowa dwukierunkowa,N,POWIAT PŁOCKI,STARA BIAŁA - OBSZAR WIEJSKI
1,0,0,2017,Pochmurno; Opady deszczu,Zderzenie pojazdów boczne,Pochmurno; Opady deszczu,Światło dzienne,Jezdnia,EWK-105785100A,14,2017-04-28,Nieokreślone (puste pole),19*42'274,52*36'252,P2908W,Obszar niezabudowany,,Droga powiatowa,Jednojezdniowa dwukierunkowa,N,POWIAT PŁOCKI,STARA BIAŁA - OBSZAR WIEJSKI
1,0,1,2017,Pochmurno; Opady deszczu,Zderzenie pojazdów boczne,Pochmurno; Opady deszczu,Światło dzienne,Jezdnia,EWK-105795383D,6,2017-05-08,Lekko,21*20'541,51*22'546,12,Obszar niezabudowany,,Droga krajowa,Jednojezdniowa dwukierunkowa,N,POWIAT RADOMSKI,GÓZD - OBSZAR WIEJSKI
1,0,0,2017,Pochmurno; Opady deszczu,Zderzenie pojazdów boczne,Pochmurno; Opady deszczu,Światło dzienne,Jezdnia,EWK-105795383D,6,2017-05-08,Nieokreślone (puste pole),21*20'541,51*22'546,12,Obszar niezabudowany,,Droga krajowa,Jednojezdniowa dwukierunkowa,N,POWIAT RADOMSKI,GÓZD - OBSZAR WIEJSKI
1,0,1,2017,Pochmurno; Opady deszczu,Zderzenie pojazdów boczne,Pochmurno; Opady deszczu,Światło dzienne,Jezdnia,EWK-105917949M,16,2017-05-24,Lekko,20*25'478,52*12'214,GMINNA,Obszar niezabudowany,,Droga gminna,Jednojezdniowa dwukierunkowa,N,POWIAT SOCHACZEWSKI,TERESIN - OBSZAR WIEJSKI
1,0,0,2017,Pochmurno; Opady deszczu,Zderzenie pojazdów boczne,Pochmurno; Opady deszczu,Światło dzienne,Jezdnia,EWK-105917949M,16,2017-05-24,Nieokreślone (puste pole),20*25'478,52*12'214,GMINNA,Obszar niezabudowany,,Droga gminna,Jednojezdniowa dwukierunkowa,N,POWIAT SOCHACZEWSKI,TERESIN - OBSZAR WIEJSKI
1,0,1,2017,Pochmurno; Opady deszczu,Zderzenie pojazdów boczne,Pochmurno; Opady deszczu,Światło dzienne,Jezdnia,EWK-106281785H,15,2017-07-25,Ciężko,20*02'128,52*42'101,10,Obszar niezabudowany,,Droga krajowa,Jednojezdniowa dwukierunkowa,N,POWIAT PŁOCKI,DROBIN - OBSZAR WIEJSKI
1,0,0,2017,Pochmurno; Opady deszczu,Zderzenie pojazdów boczne,Pochmurno; Opady deszczu,Światło dzienne,Jezdnia,EWK-106281785H,15,2017-07-25,Nieokreślone (puste pole),20*02'128,52*42'101,10,Obszar niezabudowany,,Droga krajowa,Jednojezdniowa dwukierunkowa,N,POWIAT PŁOCKI,DROBIN - OBSZAR WIEJSKI
1,0,2,2017,Pochmurno; Opady deszczu,Zderzenie pojazdów boczne,Pochmurno; Opady deszczu,Światło dzienne,Jezdnia,EWK-106312229F,8,2017-08-10,Lekko,19*41'408,52*33'081,60,Obszar zabudowany,,Droga krajowa,Jednojezdniowa dwukierunkowa,N,POWIAT PŁOCK,PŁOCK - OBSZAR MIEJSKI
1,1,0,2017,Pochmurno; Opady deszczu,Zderzenie pojazdów boczne,Pochmurno; Opady deszczu,Światło dzienne,Jezdnia,EWK-106362749X,6,2017-09-05,Nieokreślone (puste pole),21*31'217,52*35'084,62,Obszar niezabudowany,"Zakręt, łuk",Droga krajowa,Jednojezdniowa dwukierunkowa,N,POWIAT WYSZKOWSKI,WYSZKÓW - OBSZAR WIEJSKI
1,0,1,2017,Pochmurno; Opady deszczu,Zderzenie pojazdów boczne,Pochmurno; Opady deszczu,Światło dzienne,Jezdnia,EWK-106373048C,6,2017-09-11,Ciężko,20*11'427,52*37'457,10,Obszar zabudowany,,Droga krajowa,Jednojezdniowa dwukierunkowa,N,POWIAT PŁOŃSKI,DZIERZĄŻNIA - OBSZAR WIEJSKI
1,0,0,2017,Pochmurno; Opady deszczu,Zderzenie pojazdów boczne,Pochmurno; Opady deszczu,Światło dzienne,Jezdnia,EWK-106373048C,6,2017-09-11,Nieokreślone (puste pole),20*11'427,52*37'457,10,Obszar zabudowany,,Droga krajowa,Jednojezdniowa dwukierunkowa,N,POWIAT PŁOŃSKI,DZIERZĄŻNIA - OBSZAR WIEJSKI
1,0,1,2017,Pochmurno; Opady deszczu,Zderzenie pojazdów boczne,Pochmurno; Opady deszczu,Światło dzienne,Jezdnia,EWK-106408200Q,11,2017-09-17,Lekko,21*37'203,51*54'065,,Obszar zabudowany,,Nieokreślone (puste pole),Jednojezdniowa dwukierunkowa,N,POWIAT GARWOLIŃSKI,GARWOLIN - OBSZAR MIEJSKI
1,0,0,2017,Pochmurno; Opady deszczu,Zderzenie pojazdów boczne,Pochmurno; Opady deszczu,Światło dzienne,Jezdnia,EWK-106408200Q,11,2017-09-17,Nieokreślone (puste pole),21*37'203,51*54'065,,Obszar zabudowany,,Nieokreślone (puste pole),Jednojezdniowa dwukierunkowa,N,POWIAT GARWOLIŃSKI,GARWOLIN - OBSZAR MIEJSKI
1,0,1,2017,Pochmurno; Opady deszczu,Zderzenie pojazdów boczne,Pochmurno; Opady deszczu,Światło dzienne,Jezdnia,EWK-106443966F,12,2017-10-03,Lekko,21*02'540,51*17'167,P3557W,Obszar zabudowany,,Droga powiatowa,Jednojezdniowa dwukierunkowa,N,POWIAT RADOMSKI,WIERZBICA - OBSZAR WIEJSKI
1,0,0,2017,Pochmurno; Opady deszczu,Zderzenie pojazdów boczne,Pochmurno; Opady deszczu,Światło dzienne,Jezdnia,EWK-106443966F,12,2017-10-03,Nieokreślone (puste pole),21*02'540,51*17'167,P3557W,Obszar zabudowany,,Droga powiatowa,Jednojezdniowa dwukierunkowa,N,POWIAT RADOMSKI,WIERZBICA - OBSZAR WIEJSKI
1,0,1,2017,Pochmurno; Opady deszczu,Zderzenie pojazdów boczne,Pochmurno; Opady deszczu,Światło dzienne,Jezdnia,EWK-106448297G,16,2017-10-05,Lekko,21*29'125,51*22'020,12,Obszar niezabudowany,Odcinek prosty,Droga krajowa,Jednojezdniowa dwukierunkowa,N,POWIAT ZWOLEŃSKI,TCZÓW - OBSZAR WIEJSKI
1,2,0,2017,Pochmurno; Opady deszczu,Zderzenie pojazdów boczne,Pochmurno; Opady deszczu,Światło dzienne,Jezdnia,EWK-106448297G,16,2017-10-05,Nieokreślone (puste pole),21*29'125,51*22'020,12,Obszar niezabudowany,Odcinek prosty,Droga krajowa,Jednojezdniowa dwukierunkowa,N,POWIAT ZWOLEŃSKI,TCZÓW - OBSZAR WIEJSKI
1,0,1,2017,Pochmurno; Opady deszczu,Zderzenie pojazdów boczne,Pochmurno; Opady deszczu,Światło dzienne,Jezdnia,EWK-106533761M,16,2017-11-10,Lekko,20*26'093,52*03'069,GMINNA,Obszar zabudowany,,Droga gminna,Jednojezdniowa dwukierunkowa,N,POWIAT ŻYRARDOWSKI,ŻYRARDÓW - OBSZAR MIEJSKI
1,0,0,2017,Pochmurno; Opady deszczu,Zderzenie pojazdów boczne,Pochmurno; Opady deszczu,Światło dzienne,Jezdnia,EWK-106533761M,16,2017-11-10,Nieokreślone (puste pole),20*26'093,52*03'069,GMINNA,Obszar zabudowany,,Droga gminna,Jednojezdniowa dwukierunkowa,N,POWIAT ŻYRARDOWSKI,ŻYRARDÓW - OBSZAR MIEJSKI
1,0,1,2017,Pochmurno; Opady deszczu,Zderzenie pojazdów boczne,Pochmurno; Opady deszczu,Światło dzienne,Przejazd dla rowerzystów,EWK-105541748N,16,2017-03-06,Lekko,19*43'241,52*33'096,5214W,Obszar zabudowany,Odcinek prosty,Droga powiatowa,Jednojezdniowa dwukierunkowa,N,POWIAT PŁOCK,PŁOCK - OBSZAR MIEJSKI
1,0,0,2017,Pochmurno; Opady deszczu,Zderzenie pojazdów boczne,Pochmurno; Opady deszczu,Światło dzienne,Przejazd dla rowerzystów,EWK-105541748N,16,2017-03-06,Nieokreślone (puste pole),19*43'241,52*33'096,5214W,Obszar zabudowany,Odcinek prosty,Droga powiatowa,Jednojezdniowa dwukierunkowa,N,POWIAT PŁOCK,PŁOCK - OBSZAR MIEJSKI
1,0,3,2017,Pochmurno; Opady deszczu,Zderzenie pojazdów boczne,Pochmurno; Opady deszczu,"Świt, zmrok",Jezdnia,EWK-105697796Y,4,2017-03-24,Lekko,21*08'342,51*24'327,P5302W,Obszar zabudowany,,Droga powiatowa,Dwie jezdnie jednokierunkowe,N,POWIAT RADOM,RADOM - OBSZAR MIEJSKI
1,0,0,2017,Pochmurno; Opady deszczu,Zderzenie pojazdów boczne,Pochmurno; Opady deszczu,"Świt, zmrok",Jezdnia,EWK-105697796Y,4,2017-03-24,Nieokreślone (puste pole),21*08'342,51*24'327,P5302W,Obszar zabudowany,,Droga powiatowa,Dwie jezdnie jednokierunkowe,N,POWIAT RADOM,RADOM - OBSZAR MIEJSKI
1,0,2,2017,Pochmurno; Opady deszczu,Zderzenie pojazdów boczne,Pochmurno; Opady deszczu,"Świt, zmrok",Jezdnia,EWK-106461326D,16,2017-10-11,Lekko,21*26'359,52*39'219,P4408W,Obszar zabudowany,,Droga powiatowa,Jednojezdniowa dwukierunkowa,N,POWIAT WYSZKOWSKI,WYSZKÓW - OBSZAR WIEJSKI
1,0,1,2017,Pochmurno; Opady deszczu,Zderzenie pojazdów boczne,Pochmurno; Opady deszczu,"Świt, zmrok",Jezdnia,EWK-106549478N,17,2017-11-19,Lekko,20*37'147,51*56'130,50,Obszar niezabudowany,Odcinek prosty,Droga krajowa,Jednojezdniowa dwukierunkowa,T,POWIAT ŻYRARDOWSKI,MSZCZONÓW - OBSZAR WIEJSKI
1,0,0,2017,Pochmurno; Opady deszczu,Zderzenie pojazdów boczne,Pochmurno; Opady deszczu,"Świt, zmrok",Jezdnia,EWK-106549478N,17,2017-11-19,Nieokreślone (puste pole),20*37'147,51*56'130,50,Obszar niezabudowany,Odcinek prosty,Droga krajowa,Jednojezdniowa dwukierunkowa,T,POWIAT ŻYRARDOWSKI,MSZCZONÓW - OBSZAR WIEJSKI
1,0,1,2017,Pochmurno; Opady deszczu,Zderzenie pojazdów czołowe,Pochmurno; Opady deszczu,Światło dzienne,Jezdnia,EWK-105478143U,7,2017-02-24,Lekko,19*47'098,52*38'444,60,Obszar niezabudowany,Odcinek prosty,Droga krajowa,Jednojezdniowa dwukierunkowa,N,POWIAT PŁOCKI,BIELSK - OBSZAR WIEJSKI
1,0,0,2017,Pochmurno; Opady deszczu,Zderzenie pojazdów czołowe,Pochmurno; Opady deszczu,Światło dzienne,Jezdnia,EWK-105478143U,7,2017-02-24,Nieokreślone (puste pole),19*47'098,52*38'444,60,Obszar niezabudowany,Odcinek prosty,Droga krajowa,Jednojezdniowa dwukierunkowa,N,POWIAT PŁOCKI,BIELSK - OBSZAR WIEJSKI
1,0,1,2017,Pochmurno; Opady deszczu,Zderzenie pojazdów czołowe,Pochmurno; Opady deszczu,Światło dzienne,Jezdnia,EWK-105755158Y,16,2017-04-13,Lekko,19*45'340,52*33'354,567,Obszar niezabudowany,,Droga wojewódzka,Jednojezdniowa dwukierunkowa,N,POWIAT PŁOCKI,RADZANOWO - OBSZAR WIEJSKI
1,0,0,2017,Pochmurno; Opady deszczu,Zderzenie pojazdów czołowe,Pochmurno; Opady deszczu,Światło dzienne,Jezdnia,EWK-105755158Y,16,2017-04-13,Nieokreślone (puste pole),19*45'340,52*33'354,567,Obszar niezabudowany,,Droga wojewódzka,Jednojezdniowa dwukierunkowa,N,POWIAT PŁOCKI,RADZANOWO - OBSZAR WIEJSKI
1,0,3,2017,Pochmurno; Opady deszczu,Zderzenie pojazdów czołowe,Pochmurno; Opady deszczu,Światło dzienne,Jezdnia,EWK-105772828H,5,2017-04-26,Lekko,20*51'286,51*36'178,P1115W,Obszar niezabudowany,Odcinek prosty,Droga powiatowa,Jednojezdniowa dwukierunkowa,N,POWIAT BIAŁOBRZESKI,WYŚMIERZYCE - OBSZAR WIEJSKI
1,0,1,2017,Pochmurno; Opady deszczu,Zderzenie pojazdów czołowe,Pochmurno; Opady deszczu,Światło dzienne,Jezdnia,EWK-105773362P,9,2017-04-26,Lekko,21*13'529,51*22'486,GMINNA,Obszar zabudowany,Odcinek prosty,Droga gminna,Jednojezdniowa dwukierunkowa,N,POWIAT RADOMSKI,SKARYSZEW - OBSZAR WIEJSKI
1,0,0,2017,Pochmurno; Opady deszczu,Zderzenie pojazdów czołowe,Pochmurno; Opady deszczu,Światło dzienne,Jezdnia,EWK-105773362P,9,2017-04-26,Nieokreślone (puste pole),21*13'529,51*22'486,GMINNA,Obszar zabudowany,Odcinek prosty,Droga gminna,Jednojezdniowa dwukierunkowa,N,POWIAT RADOMSKI,SKARYSZEW - OBSZAR WIEJSKI
1,0,1,2017,Pochmurno; Opady deszczu,Zderzenie pojazdów czołowe,Pochmurno; Opady deszczu,Światło dzienne,Jezdnia,EWK-106151161F,8,2017-06-23,Lekko,21*04'526,52*40'278,61,Obszar niezabudowany,Odcinek prosty,Droga krajowa,Jednojezdniowa dwukierunkowa,N,POWIAT PUŁTUSKI,PUŁTUSK - OBSZAR WIEJSKI
1,0,0,2017,Pochmurno; Opady deszczu,Zderzenie pojazdów czołowe,Pochmurno; Opady deszczu,Światło dzienne,Jezdnia,EWK-106151161F,8,2017-06-23,Nieokreślone (puste pole),21*04'526,52*40'278,61,Obszar niezabudowany,Odcinek prosty,Droga krajowa,Jednojezdniowa dwukierunkowa,N,POWIAT PUŁTUSKI,PUŁTUSK - OBSZAR WIEJSKI
1,0,1,2017,Pochmurno; Opady deszczu,Zderzenie pojazdów czołowe,Pochmurno; Opady deszczu,Światło dzienne,Jezdnia,EWK-106170826W,10,2017-07-02,Lekko,21*18'067,51*15'169,P3538W,Obszar zabudowany,"Zakręt, łuk",Droga powiatowa,Jednojezdniowa dwukierunkowa,N,POWIAT RADOMSKI,SKARYSZEW - OBSZAR WIEJSKI
1,0,0,2017,Pochmurno; Opady deszczu,Zderzenie pojazdów czołowe,Pochmurno; Opady deszczu,Światło dzienne,Jezdnia,EWK-106170826W,10,2017-07-02,Nieokreślone (puste pole),21*18'067,51*15'169,P3538W,Obszar zabudowany,"Zakręt, łuk",Droga powiatowa,Jednojezdniowa dwukierunkowa,N,POWIAT RADOMSKI,SKARYSZEW - OBSZAR WIEJSKI
1,0,1,2017,Pochmurno; Opady deszczu,Zderzenie pojazdów czołowe,Pochmurno; Opady deszczu,Światło dzienne,Jezdnia,EWK-106270106G,15,2017-07-17,Lekko,21*05'532,51*21'559,P3564W,Obszar zabudowany,"Zakręt, łuk",Droga powiatowa,Jednojezdniowa dwukierunkowa,N,POWIAT RADOM,RADOM - OBSZAR MIEJSKI
1,0,0,2017,Pochmurno; Opady deszczu,Zderzenie pojazdów czołowe,Pochmurno; Opady deszczu,Światło dzienne,Jezdnia,EWK-106270106G,15,2017-07-17,Nieokreślone (puste pole),21*05'532,51*21'559,P3564W,Obszar zabudowany,"Zakręt, łuk",Droga powiatowa,Jednojezdniowa dwukierunkowa,N,POWIAT RADOM,RADOM - OBSZAR MIEJSKI
1,0,1,2017,Pochmurno; Opady deszczu,Zderzenie pojazdów czołowe,Pochmurno; Opady deszczu,Światło dzienne,Jezdnia,EWK-106281081J,6,2017-07-25,Lekko,21*04'119,51*25'160,740,Obszar zabudowany,Odcinek prosty,Droga wojewódzka,Jednojezdniowa dwukierunkowa,N,POWIAT RADOMSKI,ZAKRZEW - OBSZAR WIEJSKI
1,0,0,2017,Pochmurno; Opady deszczu,Zderzenie pojazdów czołowe,Pochmurno; Opady deszczu,Światło dzienne,Jezdnia,EWK-106281081J,6,2017-07-25,Nieokreślone (puste pole),21*04'119,51*25'160,740,Obszar zabudowany,Odcinek prosty,Droga wojewódzka,Jednojezdniowa dwukierunkowa,N,POWIAT RADOMSKI,ZAKRZEW - OBSZAR WIEJSKI
1,0,2,2017,Pochmurno; Opady deszczu,Zderzenie pojazdów czołowe,Pochmurno; Opady deszczu,Światło dzienne,Jezdnia,EWK-106354706C,12,2017-09-01,Lekko,21*37'438,53*19'179,645,Obszar niezabudowany,Odcinek prosty,Droga wojewódzka,Jednojezdniowa dwukierunkowa,N,POWIAT OSTROŁĘCKI,ŁYSE - OBSZAR WIEJSKI
1,0,1,2017,Pochmurno; Opady deszczu,Zderzenie pojazdów czołowe,Pochmurno; Opady deszczu,Światło dzienne,Jezdnia,EWK-106363038N,7,2017-09-05,Ciężko,20*41'423,51*54'483,50,Obszar zabudowany,"Zakręt, łuk",Droga krajowa,Jednojezdniowa dwukierunkowa,N,POWIAT GRÓJECKI,PNIEWY - OBSZAR WIEJSKI
1,0,0,2017,Pochmurno; Opady deszczu,Zderzenie pojazdów czołowe,Pochmurno; Opady deszczu,Światło dzienne,Jezdnia,EWK-106363038N,7,2017-09-05,Nieokreślone (puste pole),20*41'423,51*54'483,50,Obszar zabudowany,"Zakręt, łuk",Droga krajowa,Jednojezdniowa dwukierunkowa,N,POWIAT GRÓJECKI,PNIEWY - OBSZAR WIEJSKI
1,0,1,2017,Pochmurno; Opady deszczu,Zderzenie pojazdów czołowe,Pochmurno; Opady deszczu,Światło dzienne,Jezdnia,EWK-106418144Y,7,2017-09-18,Lekko,21*31'000,52*37'493,8,Obszar niezabudowany,Odcinek prosty,Droga krajowa,Jednojezdniowa dwukierunkowa,T,POWIAT WYSZKOWSKI,BRAŃSZCZYK - OBSZAR WIEJSKI
1,0,0,2017,Pochmurno; Opady deszczu,Zderzenie pojazdów czołowe,Pochmurno; Opady deszczu,Światło dzienne,Jezdnia,EWK-106418144Y,7,2017-09-18,Nieokreślone (puste pole),21*31'000,52*37'493,8,Obszar niezabudowany,Odcinek prosty,Droga krajowa,Jednojezdniowa dwukierunkowa,T,POWIAT WYSZKOWSKI,BRAŃSZCZYK - OBSZAR WIEJSKI
1,0,1,2017,Pochmurno; Opady deszczu,Zderzenie pojazdów czołowe,Pochmurno; Opady deszczu,"Świt, zmrok",Jezdnia,EWK-106327929X,19,2017-08-20,Lekko,20*29'305,51*23'157,34325W,Obszar niezabudowany,"Zakręt, łuk",Droga powiatowa,Jednojezdniowa dwukierunkowa,N,POWIAT PRZYSUSKI,GIELNIÓW - OBSZAR WIEJSKI
1,0,0,2017,Pochmurno; Opady deszczu,Zderzenie pojazdów czołowe,Pochmurno; Opady deszczu,"Świt, zmrok",Jezdnia,EWK-106327929X,19,2017-08-20,Nieokreślone (puste pole),20*29'305,51*23'157,34325W,Obszar niezabudowany,"Zakręt, łuk",Droga powiatowa,Jednojezdniowa dwukierunkowa,N,POWIAT PRZYSUSKI,GIELNIÓW - OBSZAR WIEJSKI
1,0,1,2017,Pochmurno; Opady deszczu,Zderzenie pojazdów tylne,Pochmurno; Opady deszczu,Noc - droga nieoświetlona,Jezdnia,EWK-106370990Y,19,2017-09-10,Ciężko,22*28'350,52*11'391,698,Obszar niezabudowany,Odcinek prosty,Droga wojewódzka,Jednojezdniowa dwukierunkowa,N,POWIAT SIEDLECKI,MORDY - OBSZAR WIEJSKI
1,0,0,2017,Pochmurno; Opady deszczu,Zderzenie pojazdów tylne,Pochmurno; Opady deszczu,Noc - droga nieoświetlona,Jezdnia,EWK-106370990Y,19,2017-09-10,Nieokreślone (puste pole),22*28'350,52*11'391,698,Obszar niezabudowany,Odcinek prosty,Droga wojewódzka,Jednojezdniowa dwukierunkowa,N,POWIAT SIEDLECKI,MORDY - OBSZAR WIEJSKI
1,0,1,2017,Pochmurno; Opady deszczu,Zderzenie pojazdów tylne,Pochmurno; Opady deszczu,Noc - droga nieoświetlona,Jezdnia,EWK-106489054W,18,2017-10-20,Ciężko,21*55'137,52*16'434,697,Obszar niezabudowany,Odcinek prosty,Droga wojewódzka,Jednojezdniowa dwukierunkowa,T,POWIAT WĘGROWSKI,GRĘBKÓW - OBSZAR WIEJSKI
1,0,0,2017,Pochmurno; Opady deszczu,Zderzenie pojazdów tylne,Pochmurno; Opady deszczu,Noc - droga nieoświetlona,Jezdnia,EWK-106489054W,18,2017-10-20,Nieokreślone (puste pole),21*55'137,52*16'434,697,Obszar niezabudowany,Odcinek prosty,Droga wojewódzka,Jednojezdniowa dwukierunkowa,T,POWIAT WĘGROWSKI,GRĘBKÓW - OBSZAR WIEJSKI
1,0,1,2017,Pochmurno; Opady deszczu,Zderzenie pojazdów tylne,Pochmurno; Opady deszczu,Noc - droga nieoświetlona,Jezdnia,EWK-106536092G,22,2017-11-11,Ciężko,21*07'551,52*53'243,626,Obszar niezabudowany,,Droga wojewódzka,Jednojezdniowa dwukierunkowa,N,POWIAT MAKOWSKI,CZERWONKA - OBSZAR WIEJSKI
1,0,1,2017,Pochmurno; Opady deszczu,Zderzenie pojazdów tylne,Pochmurno; Opady deszczu,Noc - droga nieoświetlona,Jezdnia,EWK-106536092G,22,2017-11-11,Lekko,21*07'551,52*53'243,626,Obszar niezabudowany,,Droga wojewódzka,Jednojezdniowa dwukierunkowa,N,POWIAT MAKOWSKI,CZERWONKA - OBSZAR WIEJSKI
1,0,0,2017,Pochmurno; Opady deszczu,Zderzenie pojazdów tylne,Pochmurno; Opady deszczu,Noc - droga nieoświetlona,Jezdnia,EWK-106536092G,22,2017-11-11,Nieokreślone (puste pole),21*07'551,52*53'243,626,Obszar niezabudowany,,Droga wojewódzka,Jednojezdniowa dwukierunkowa,N,POWIAT MAKOWSKI,CZERWONKA - OBSZAR WIEJSKI
1,1,0,2017,Pochmurno; Opady deszczu,Zderzenie pojazdów tylne,Pochmurno; Opady deszczu,Noc - droga nieoświetlona,Jezdnia,EWK-106645945W,5,2017-12-29,Nieokreślone (puste pole),22*29'169,52*10'016,,Obszar niezabudowany,Odcinek prosty,Nieokreślone (puste pole),Jednojezdniowa dwukierunkowa,N,POWIAT SIEDLECKI,MORDY - OBSZAR WIEJSKI
1,0,1,2017,Pochmurno; Opady deszczu,Zderzenie pojazdów tylne,Pochmurno; Opady deszczu,Światło dzienne,Jezdnia,EWK-105738874F,17,2017-04-06,Lekko,21*10'357,51*24'521,P5329W,Obszar zabudowany,,Droga powiatowa,Jednojezdniowa dwukierunkowa,N,POWIAT RADOM,RADOM - OBSZAR MIEJSKI
1,0,0,2017,Pochmurno; Opady deszczu,Zderzenie pojazdów tylne,Pochmurno; Opady deszczu,Światło dzienne,Jezdnia,EWK-105738874F,17,2017-04-06,Nieokreślone (puste pole),21*10'357,51*24'521,P5329W,Obszar zabudowany,,Droga powiatowa,Jednojezdniowa dwukierunkowa,N,POWIAT RADOM,RADOM - OBSZAR MIEJSKI
1,0,1,2017,Pochmurno; Opady deszczu,Zderzenie pojazdów tylne,Pochmurno; Opady deszczu,Światło dzienne,Jezdnia,EWK-105773464K,11,2017-04-26,Lekko,21*13'171,51*20'479,9,Obszar zabudowany,Odcinek prosty,Droga krajowa,Jednojezdniowa dwukierunkowa,N,POWIAT RADOMSKI,SKARYSZEW - OBSZAR WIEJSKI
1,0,0,2017,Pochmurno; Opady deszczu,Zderzenie pojazdów tylne,Pochmurno; Opady deszczu,Światło dzienne,Jezdnia,EWK-105773464K,11,2017-04-26,Nieokreślone (puste pole),21*13'171,51*20'479,9,Obszar zabudowany,Odcinek prosty,Droga krajowa,Jednojezdniowa dwukierunkowa,N,POWIAT RADOMSKI,SKARYSZEW - OBSZAR WIEJSKI
1,0,1,2017,Pochmurno; Opady deszczu,Zderzenie pojazdów tylne,Pochmurno; Opady deszczu,Światło dzienne,Jezdnia,EWK-105774337F,14,2017-04-26,Lekko,20*52'484,51*49'297,P0244T,Obszar niezabudowany,Odcinek prosty,Droga powiatowa,Jednojezdniowa dwukierunkowa,N,POWIAT GRÓJECKI,GRÓJEC - OBSZAR WIEJSKI
1,0,0,2017,Pochmurno; Opady deszczu,Zderzenie pojazdów tylne,Pochmurno; Opady deszczu,Światło dzienne,Jezdnia,EWK-105774337F,14,2017-04-26,Nieokreślone (puste pole),20*52'484,51*49'297,P0244T,Obszar niezabudowany,Odcinek prosty,Droga powiatowa,Jednojezdniowa dwukierunkowa,N,POWIAT GRÓJECKI,GRÓJEC - OBSZAR WIEJSKI
1,0,1,2017,Pochmurno; Opady deszczu,Zderzenie pojazdów tylne,Pochmurno; Opady deszczu,Światło dzienne,Jezdnia,EWK-105778846X,10,2017-04-28,Lekko,21*35'069,53*04'390,2569W,Obszar zabudowany,Odcinek prosty,Droga powiatowa,Jednojezdniowa dwukierunkowa,T,POWIAT OSTROŁĘKA,OSTROŁĘKA - OBSZAR MIEJSKI
1,0,0,2017,Pochmurno; Opady deszczu,Zderzenie pojazdów tylne,Pochmurno; Opady deszczu,Światło dzienne,Jezdnia,EWK-105778846X,10,2017-04-28,Nieokreślone (puste pole),21*35'069,53*04'390,2569W,Obszar zabudowany,Odcinek prosty,Droga powiatowa,Jednojezdniowa dwukierunkowa,T,POWIAT OSTROŁĘKA,OSTROŁĘKA - OBSZAR MIEJSKI