Liczba wypadków,Liczba zabitych,Liczba rannych,Rok,Warunki atmosferyczne,Rodzaj zdarzenia,Warunki atmosferyczne,Oświetlenie,Charakterystyka miejsca zdarzenia,IDKSIP zdarzenia,Godzina,Dzień,Ranny,GPS x,GPS y,Numer drogi,Obszar,Geometria drogi,Kategoria drogi 1,Rodzaj drogi,Czy w zdarzeniu był sprawca nietrzeźwy,Powiat,Gmina
1,0,1,2017,Pochmurno; Opady deszczu,Zderzenie pojazdów tylne,Pochmurno; Opady deszczu,Światło dzienne,Jezdnia,EWK-105944770G,17,2017-06-04,Ciężko,21*02'437,53*09'068,P3234W,Obszar zabudowany,Odcinek prosty,Droga powiatowa,Jednojezdniowa dwukierunkowa,N,POWIAT PRZASNYSKI,JEDNOROŻEC - OBSZAR WIEJSKI
1,0,0,2017,Pochmurno; Opady deszczu,Zderzenie pojazdów tylne,Pochmurno; Opady deszczu,Światło dzienne,Jezdnia,EWK-105944770G,17,2017-06-04,Nieokreślone (puste pole),21*02'437,53*09'068,P3234W,Obszar zabudowany,Odcinek prosty,Droga powiatowa,Jednojezdniowa dwukierunkowa,N,POWIAT PRZASNYSKI,JEDNOROŻEC - OBSZAR WIEJSKI
1,0,3,2017,Pochmurno; Opady deszczu,Zderzenie pojazdów tylne,Pochmurno; Opady deszczu,Światło dzienne,Jezdnia,EWK-106327050P,11,2017-08-20,Lekko,20*56'524,51*40'206,S7D,Obszar niezabudowany,Odcinek prosty,Droga krajowa,Ekspresowa,N,POWIAT BIAŁOBRZESKI,BIAŁOBRZEGI - OBSZAR WIEJSKI
1,0,0,2017,Pochmurno; Opady deszczu,Zderzenie pojazdów tylne,Pochmurno; Opady deszczu,Światło dzienne,Jezdnia,EWK-106327050P,11,2017-08-20,Nieokreślone (puste pole),20*56'524,51*40'206,S7D,Obszar niezabudowany,Odcinek prosty,Droga krajowa,Ekspresowa,N,POWIAT BIAŁOBRZESKI,BIAŁOBRZEGI - OBSZAR WIEJSKI
1,0,2,2017,Pochmurno; Opady deszczu,Zderzenie pojazdów tylne,Pochmurno; Opady deszczu,Światło dzienne,Jezdnia,EWK-106336163L,14,2017-08-23,Ciężko,21*28'232,52*36'335,GMINNA,Obszar zabudowany,Odcinek prosty,Droga gminna,Jednojezdniowa dwukierunkowa,N,POWIAT WYSZKOWSKI,WYSZKÓW - OBSZAR MIEJSKI
1,0,0,2017,Pochmurno; Opady deszczu,Zderzenie pojazdów tylne,Pochmurno; Opady deszczu,Światło dzienne,Jezdnia,EWK-106336163L,14,2017-08-23,Nieokreślone (puste pole),21*28'232,52*36'335,GMINNA,Obszar zabudowany,Odcinek prosty,Droga gminna,Jednojezdniowa dwukierunkowa,N,POWIAT WYSZKOWSKI,WYSZKÓW - OBSZAR MIEJSKI
1,0,1,2017,Pochmurno; Opady deszczu,Zderzenie pojazdów tylne,Pochmurno; Opady deszczu,Światło dzienne,Jezdnia,EWK-106362894W,12,2017-09-05,Lekko,22*13'530,52*08'366,2,Obszar niezabudowany,,Droga krajowa,Jednojezdniowa dwukierunkowa,N,POWIAT SIEDLECKI,SIEDLCE - OBSZAR WIEJSKI
1,0,0,2017,Pochmurno; Opady deszczu,Zderzenie pojazdów tylne,Pochmurno; Opady deszczu,Światło dzienne,Jezdnia,EWK-106362894W,12,2017-09-05,Nieokreślone (puste pole),22*13'530,52*08'366,2,Obszar niezabudowany,,Droga krajowa,Jednojezdniowa dwukierunkowa,N,POWIAT SIEDLECKI,SIEDLCE - OBSZAR WIEJSKI
1,0,1,2017,Pochmurno; Opady deszczu,Zderzenie pojazdów tylne,Pochmurno; Opady deszczu,Światło dzienne,Jezdnia,EWK-106365174N,17,2017-09-06,Lekko,20*15'099,52*13'409,GMINNA,Obszar zabudowany,Odcinek prosty,Droga gminna,Jednojezdniowa dwukierunkowa,N,POWIAT SOCHACZEWSKI,SOCHACZEW - OBSZAR MIEJSKI
1,0,0,2017,Pochmurno; Opady deszczu,Zderzenie pojazdów tylne,Pochmurno; Opady deszczu,Światło dzienne,Jezdnia,EWK-106365174N,17,2017-09-06,Nieokreślone (puste pole),20*15'099,52*13'409,GMINNA,Obszar zabudowany,Odcinek prosty,Droga gminna,Jednojezdniowa dwukierunkowa,N,POWIAT SOCHACZEWSKI,SOCHACZEW - OBSZAR MIEJSKI
1,0,1,2017,Pochmurno; Opady deszczu,Zderzenie pojazdów tylne,Pochmurno; Opady deszczu,Światło dzienne,Jezdnia,EWK-106417793N,11,2017-09-16,Lekko,21*07'225,51*24'257,7,Obszar zabudowany,,Droga krajowa,Dwie jezdnie jednokierunkowe,N,POWIAT RADOM,RADOM - OBSZAR MIEJSKI
1,0,0,2017,Pochmurno; Opady deszczu,Zderzenie pojazdów tylne,Pochmurno; Opady deszczu,Światło dzienne,Jezdnia,EWK-106417793N,11,2017-09-16,Nieokreślone (puste pole),21*07'225,51*24'257,7,Obszar zabudowany,,Droga krajowa,Dwie jezdnie jednokierunkowe,N,POWIAT RADOM,RADOM - OBSZAR MIEJSKI
1,0,1,2017,Pochmurno; Opady deszczu,Zderzenie pojazdów tylne,Pochmurno; Opady deszczu,Światło dzienne,Jezdnia,EWK-106430637K,14,2017-09-17,Lekko,22*12'330,52*10'244,2,Obszar zabudowany,Odcinek prosty,Droga krajowa,Jednojezdniowa dwukierunkowa,N,POWIAT SIEDLECKI,SIEDLCE - OBSZAR WIEJSKI
1,0,0,2017,Pochmurno; Opady deszczu,Zderzenie pojazdów tylne,Pochmurno; Opady deszczu,Światło dzienne,Jezdnia,EWK-106430637K,14,2017-09-17,Nieokreślone (puste pole),22*12'330,52*10'244,2,Obszar zabudowany,Odcinek prosty,Droga krajowa,Jednojezdniowa dwukierunkowa,N,POWIAT SIEDLECKI,SIEDLCE - OBSZAR WIEJSKI
1,0,1,2017,Pochmurno; Opady deszczu,Zderzenie pojazdów tylne,Pochmurno; Opady deszczu,Światło dzienne,Jezdnia,EWK-106454649U,11,2017-10-08,Lekko,20*51'495,51*52'544,P0244T,Obszar zabudowany,Odcinek prosty,Droga powiatowa,Jednojezdniowa dwukierunkowa,N,POWIAT GRÓJECKI,GRÓJEC - OBSZAR MIEJSKI
1,0,0,2017,Pochmurno; Opady deszczu,Zderzenie pojazdów tylne,Pochmurno; Opady deszczu,Światło dzienne,Jezdnia,EWK-106454649U,11,2017-10-08,Nieokreślone (puste pole),20*51'495,51*52'544,P0244T,Obszar zabudowany,Odcinek prosty,Droga powiatowa,Jednojezdniowa dwukierunkowa,N,POWIAT GRÓJECKI,GRÓJEC - OBSZAR MIEJSKI
1,0,1,2017,Pochmurno; Opady deszczu,Zderzenie pojazdów tylne,Pochmurno; Opady deszczu,Światło dzienne,Jezdnia,EWK-106635366P,12,2017-12-22,Lekko,21*12'123,51*24'555,737,Obszar zabudowany,Odcinek prosty,Droga wojewódzka,Dwie jezdnie jednokierunkowe,N,POWIAT RADOM,RADOM - OBSZAR MIEJSKI
1,0,0,2017,Pochmurno; Opady deszczu,Zderzenie pojazdów tylne,Pochmurno; Opady deszczu,Światło dzienne,Jezdnia,EWK-106635366P,12,2017-12-22,Nieokreślone (puste pole),21*12'123,51*24'555,737,Obszar zabudowany,Odcinek prosty,Droga wojewódzka,Dwie jezdnie jednokierunkowe,N,POWIAT RADOM,RADOM - OBSZAR MIEJSKI
1,0,1,2017,Pochmurno; Opady deszczu,Zderzenie pojazdów tylne,Pochmurno; Opady deszczu,"Świt, zmrok",Jezdnia,EWK-106414917K,5,2017-09-20,Lekko,20*43'583,51*17'374,727,Obszar niezabudowany,Wierzchołek wzn.,Droga wojewódzka,Jednojezdniowa dwukierunkowa,N,POWIAT PRZYSUSKI,BORKOWICE - OBSZAR WIEJSKI
1,0,0,2017,Pochmurno; Opady deszczu,Zderzenie pojazdów tylne,Pochmurno; Opady deszczu,"Świt, zmrok",Jezdnia,EWK-106414917K,5,2017-09-20,Nieokreślone (puste pole),20*43'583,51*17'374,727,Obszar niezabudowany,Wierzchołek wzn.,Droga wojewódzka,Jednojezdniowa dwukierunkowa,N,POWIAT PRZYSUSKI,BORKOWICE - OBSZAR WIEJSKI
1,0,1,2017,Pochmurno; Opady deszczu,Zderzenie pojazdów tylne,Pochmurno; Opady deszczu,"Świt, zmrok",Jezdnia,EWK-106491207E,6,2017-10-23,Ciężko,21*09'559,52*51'598,60,Obszar niezabudowany,Odcinek prosty,Droga krajowa,Jednojezdniowa dwukierunkowa,N,POWIAT MAKOWSKI,CZERWONKA - OBSZAR WIEJSKI
1,0,0,2017,Pochmurno; Opady deszczu,Zderzenie pojazdów tylne,Pochmurno; Opady deszczu,"Świt, zmrok",Jezdnia,EWK-106491207E,6,2017-10-23,Nieokreślone (puste pole),21*09'559,52*51'598,60,Obszar niezabudowany,Odcinek prosty,Droga krajowa,Jednojezdniowa dwukierunkowa,N,POWIAT MAKOWSKI,CZERWONKA - OBSZAR WIEJSKI
1,1,0,2017,"Pochmurno; Opady deszczu; Mgła, dym",Najechanie na pieszego,"Pochmurno; Opady deszczu; Mgła, dym",Noc - droga nieoświetlona,Jezdnia,EWK-106621395H,20,2017-12-15,Nieokreślone (puste pole),21*27'529,52*34'301,GMINNA,Obszar niezabudowany,Odcinek prosty,Droga gminna,Jednojezdniowa dwukierunkowa,N,POWIAT WYSZKOWSKI,WYSZKÓW - OBSZAR WIEJSKI
1,0,1,2017,"Pochmurno; Opady deszczu; Opady śniegu, gradu",Najechanie na pieszego,"Pochmurno; Opady deszczu; Opady śniegu, gradu",Światło dzienne,Jezdnia,EWK-106595253G,14,2017-11-17,Lekko,20*23'123,52*36'575,G300887W,Obszar zabudowany,Odcinek prosty,Droga gminna,Jednojezdniowa dwukierunkowa,N,POWIAT PŁOŃSKI,PŁOŃSK - OBSZAR MIEJSKI
1,0,0,2017,"Pochmurno; Opady deszczu; Opady śniegu, gradu",Najechanie na pieszego,"Pochmurno; Opady deszczu; Opady śniegu, gradu",Światło dzienne,Jezdnia,EWK-106595253G,14,2017-11-17,Nieokreślone (puste pole),20*23'123,52*36'575,G300887W,Obszar zabudowany,Odcinek prosty,Droga gminna,Jednojezdniowa dwukierunkowa,N,POWIAT PŁOŃSKI,PŁOŃSK - OBSZAR MIEJSKI
1,0,1,2017,"Pochmurno; Opady deszczu; Opady śniegu, gradu",Zderzenie pojazdów boczne,"Pochmurno; Opady deszczu; Opady śniegu, gradu",Światło dzienne,Jezdnia,EWK-106629387H,9,2017-12-20,Ciężko,21*09'024,51*25'509,G530082W,Obszar zabudowany,,Droga gminna,Jednojezdniowa dwukierunkowa,N,POWIAT RADOM,RADOM - OBSZAR MIEJSKI
1,0,0,2017,"Pochmurno; Opady deszczu; Opady śniegu, gradu",Zderzenie pojazdów boczne,"Pochmurno; Opady deszczu; Opady śniegu, gradu",Światło dzienne,Jezdnia,EWK-106629387H,9,2017-12-20,Nieokreślone (puste pole),21*09'024,51*25'509,G530082W,Obszar zabudowany,,Droga gminna,Jednojezdniowa dwukierunkowa,N,POWIAT RADOM,RADOM - OBSZAR MIEJSKI
1,0,2,2017,"Pochmurno; Opady deszczu; Opady śniegu, gradu",Zderzenie pojazdów czołowe,"Pochmurno; Opady deszczu; Opady śniegu, gradu",Światło dzienne,Jezdnia,EWK-106590063R,11,2017-11-30,Ciężko,19*49'000,52*31'141,62,Obszar niezabudowany,Odcinek prosty,Droga krajowa,Jednojezdniowa dwukierunkowa,N,POWIAT PŁOCKI,SŁUPNO - OBSZAR WIEJSKI
1,0,3,2017,"Pochmurno; Opady deszczu; Opady śniegu, gradu",Zderzenie pojazdów czołowe,"Pochmurno; Opady deszczu; Opady śniegu, gradu",Światło dzienne,Jezdnia,EWK-106590063R,11,2017-11-30,Lekko,19*49'000,52*31'141,62,Obszar niezabudowany,Odcinek prosty,Droga krajowa,Jednojezdniowa dwukierunkowa,N,POWIAT PŁOCKI,SŁUPNO - OBSZAR WIEJSKI
1,0,1,2017,"Pochmurno; Opady deszczu; Opady śniegu, gradu",Zderzenie pojazdów czołowe,"Pochmurno; Opady deszczu; Opady śniegu, gradu",Światło dzienne,Jezdnia,EWK-106633368K,14,2017-12-21,Ciężko,21*43'050,52*57'428,2566W,Obszar niezabudowany,"Zakręt, łuk",Droga powiatowa,Jednojezdniowa dwukierunkowa,N,POWIAT OSTROŁĘCKI,CZERWIN - OBSZAR WIEJSKI
1,0,0,2017,"Pochmurno; Opady deszczu; Opady śniegu, gradu",Zderzenie pojazdów czołowe,"Pochmurno; Opady deszczu; Opady śniegu, gradu",Światło dzienne,Jezdnia,EWK-106633368K,14,2017-12-21,Nieokreślone (puste pole),21*43'050,52*57'428,2566W,Obszar niezabudowany,"Zakręt, łuk",Droga powiatowa,Jednojezdniowa dwukierunkowa,N,POWIAT OSTROŁĘCKI,CZERWIN - OBSZAR WIEJSKI
1,0,2,2017,"Pochmurno; Opady śniegu, gradu",Najechanie na drzewo,"Pochmurno; Opady śniegu, gradu",Światło dzienne,Jezdnia,EWK-106589112C,8,2017-11-30,Lekko,22*17'130,52*13'542,,Obszar niezabudowany,Odcinek prosty,Nieokreślone (puste pole),Jednojezdniowa dwukierunkowa,N,POWIAT SIEDLECKI,SUCHOŻEBRY - OBSZAR WIEJSKI
1,0,1,2017,"Pochmurno; Opady śniegu, gradu",Najechanie na pieszego,"Pochmurno; Opady śniegu, gradu",Światło dzienne,Jezdnia,EWK-106629523D,10,2017-12-20,Ciężko,21*09'050,51*25'219,7,Obszar zabudowany,,Droga krajowa,Dwie jezdnie jednokierunkowe,N,POWIAT RADOM,RADOM - OBSZAR MIEJSKI
1,0,0,2017,"Pochmurno; Opady śniegu, gradu",Najechanie na pieszego,"Pochmurno; Opady śniegu, gradu",Światło dzienne,Jezdnia,EWK-106629523D,10,2017-12-20,Nieokreślone (puste pole),21*09'050,51*25'219,7,Obszar zabudowany,,Droga krajowa,Dwie jezdnie jednokierunkowe,N,POWIAT RADOM,RADOM - OBSZAR MIEJSKI
1,0,1,2017,"Pochmurno; Opady śniegu, gradu",Zderzenie pojazdów boczne,"Pochmurno; Opady śniegu, gradu",Światło dzienne,Jezdnia,EWK-106631546C,13,2017-12-21,Lekko,21*27'054,52*38'096,P4408W,Obszar zabudowany,Odcinek prosty,Droga powiatowa,Jednojezdniowa dwukierunkowa,N,POWIAT WYSZKOWSKI,WYSZKÓW - OBSZAR WIEJSKI
1,0,0,2017,"Pochmurno; Opady śniegu, gradu",Zderzenie pojazdów boczne,"Pochmurno; Opady śniegu, gradu",Światło dzienne,Jezdnia,EWK-106631546C,13,2017-12-21,Nieokreślone (puste pole),21*27'054,52*38'096,P4408W,Obszar zabudowany,Odcinek prosty,Droga powiatowa,Jednojezdniowa dwukierunkowa,N,POWIAT WYSZKOWSKI,WYSZKÓW - OBSZAR WIEJSKI
1,0,1,2017,"Pochmurno; Opady śniegu, gradu",Zderzenie pojazdów czołowe,"Pochmurno; Opady śniegu, gradu","Świt, zmrok",Jezdnia,EWK-106442911D,7,2017-10-03,Ciężko,22*08'063,52*15'146,696,Obszar niezabudowany,Spadek,Droga wojewódzka,Jednojezdniowa dwukierunkowa,N,POWIAT SIEDLECKI,MOKOBODY - OBSZAR WIEJSKI
1,0,0,2017,"Pochmurno; Opady śniegu, gradu",Zderzenie pojazdów czołowe,"Pochmurno; Opady śniegu, gradu","Świt, zmrok",Jezdnia,EWK-106442911D,7,2017-10-03,Nieokreślone (puste pole),22*08'063,52*15'146,696,Obszar niezabudowany,Spadek,Droga wojewódzka,Jednojezdniowa dwukierunkowa,N,POWIAT SIEDLECKI,MOKOBODY - OBSZAR WIEJSKI
1,0,2,2017,Silny wiatr,Najechanie na drzewo,Silny wiatr,Noc - droga nieoświetlona,Jezdnia,EWK-106617769C,17,2017-12-14,Lekko,22*07'179,52*11'126,2,Obszar niezabudowany,Odcinek prosty,Droga krajowa,Jednojezdniowa dwukierunkowa,N,POWIAT SIEDLECKI,KOTUŃ - OBSZAR WIEJSKI
1,0,1,2017,Silny wiatr,Najechanie na pieszego,Silny wiatr,Noc - droga nieoświetlona,Jezdnia,EWK-105602721G,19,2017-03-15,Ciężko,20*09'166,52*44'110,P3021W,Obszar niezabudowany,Odcinek prosty,Droga powiatowa,Jednojezdniowa dwukierunkowa,N,POWIAT PŁOŃSKI,RACIĄŻ - OBSZAR WIEJSKI
1,0,0,2017,Silny wiatr,Najechanie na pieszego,Silny wiatr,Noc - droga nieoświetlona,Jezdnia,EWK-105602721G,19,2017-03-15,Nieokreślone (puste pole),20*09'166,52*44'110,P3021W,Obszar niezabudowany,Odcinek prosty,Droga powiatowa,Jednojezdniowa dwukierunkowa,N,POWIAT PŁOŃSKI,RACIĄŻ - OBSZAR WIEJSKI
1,0,1,2017,Silny wiatr,Najechanie na pieszego,Silny wiatr,Noc - droga oświetlona,Przejście dla pieszych,EWK-105324743N,23,2017-01-04,Lekko,21*09'301,51*25'334,9,Obszar zabudowany,Odcinek prosty,Droga krajowa,Dwie jezdnie jednokierunkowe,N,POWIAT RADOM,RADOM - OBSZAR MIEJSKI
1,0,0,2017,Silny wiatr,Najechanie na pieszego,Silny wiatr,Noc - droga oświetlona,Przejście dla pieszych,EWK-105324743N,23,2017-01-04,Nieokreślone (puste pole),21*09'301,51*25'334,9,Obszar zabudowany,Odcinek prosty,Droga krajowa,Dwie jezdnie jednokierunkowe,N,POWIAT RADOM,RADOM - OBSZAR MIEJSKI
1,0,1,2017,Silny wiatr,Najechanie na pieszego,Silny wiatr,Noc - droga oświetlona,Przejście dla pieszych,EWK-106509272W,17,2017-10-29,Ciężko,21*34'434,53*05'216,61,Obszar zabudowany,,Droga krajowa,Dwie jezdnie jednokierunkowe,N,POWIAT OSTROŁĘKA,OSTROŁĘKA - OBSZAR MIEJSKI
1,0,0,2017,Silny wiatr,Najechanie na pieszego,Silny wiatr,Noc - droga oświetlona,Przejście dla pieszych,EWK-106509272W,17,2017-10-29,Nieokreślone (puste pole),21*34'434,53*05'216,61,Obszar zabudowany,,Droga krajowa,Dwie jezdnie jednokierunkowe,N,POWIAT OSTROŁĘKA,OSTROŁĘKA - OBSZAR MIEJSKI
1,0,1,2017,Silny wiatr,Wywrócenie się pojazdu,Silny wiatr,Noc - droga nieoświetlona,Jezdnia,EWK-105399736U,2,2017-02-06,Ciężko,19*39'252,52*41'379,GMINNA,Obszar niezabudowany,"Zakręt, łuk",Droga gminna,Jednojezdniowa dwukierunkowa,N,POWIAT SIERPECKI,GOZDOWO - OBSZAR WIEJSKI
1,0,1,2017,Silny wiatr,Wywrócenie się pojazdu,Silny wiatr,Noc - droga nieoświetlona,Jezdnia,EWK-105399736U,2,2017-02-06,Lekko,19*39'252,52*41'379,GMINNA,Obszar niezabudowany,"Zakręt, łuk",Droga gminna,Jednojezdniowa dwukierunkowa,N,POWIAT SIERPECKI,GOZDOWO - OBSZAR WIEJSKI
1,0,0,2017,Silny wiatr,Wywrócenie się pojazdu,Silny wiatr,Noc - droga nieoświetlona,Jezdnia,EWK-105399736U,2,2017-02-06,Nieokreślone (puste pole),19*39'252,52*41'379,GMINNA,Obszar niezabudowany,"Zakręt, łuk",Droga gminna,Jednojezdniowa dwukierunkowa,N,POWIAT SIERPECKI,GOZDOWO - OBSZAR WIEJSKI
1,0,1,2017,Silny wiatr,Wywrócenie się pojazdu,Silny wiatr,Noc - droga nieoświetlona,Jezdnia,EWK-106625433M,1,2017-12-14,Lekko,19*51'366,53*05'405,541,Obszar niezabudowany,"Zakręt, łuk",Droga wojewódzka,Jednojezdniowa dwukierunkowa,N,POWIAT ŻUROMIŃSKI,LUBOWIDZ - OBSZAR WIEJSKI
1,0,2,2017,Silny wiatr,Zderzenie pojazdów boczne,Silny wiatr,Noc - droga nieoświetlona,Jezdnia,EWK-105425736P,23,2017-02-11,Lekko,20*55'287,53*00'575,544,Obszar niezabudowany,,Droga wojewódzka,Jednojezdniowa dwukierunkowa,N,POWIAT PRZASNYSKI,PRZASNYSZ - OBSZAR WIEJSKI
1,0,1,2017,Silny wiatr,Zderzenie pojazdów boczne,Silny wiatr,Noc - droga nieoświetlona,Jezdnia,EWK-106465739X,17,2017-10-13,Ciężko,21*22'574,52*34'514,62,Obszar niezabudowany,Odcinek prosty,Droga krajowa,Jednojezdniowa dwukierunkowa,N,POWIAT WYSZKOWSKI,WYSZKÓW - OBSZAR WIEJSKI
1,0,0,2017,Silny wiatr,Zderzenie pojazdów boczne,Silny wiatr,Noc - droga nieoświetlona,Jezdnia,EWK-106465739X,17,2017-10-13,Nieokreślone (puste pole),21*22'574,52*34'514,62,Obszar niezabudowany,Odcinek prosty,Droga krajowa,Jednojezdniowa dwukierunkowa,N,POWIAT WYSZKOWSKI,WYSZKÓW - OBSZAR WIEJSKI
1,0,2,2017,Silny wiatr,Zderzenie pojazdów boczne,Silny wiatr,Światło dzienne,Jezdnia,EWK-106464152N,8,2017-10-13,Lekko,21*05'386,52*38'173,61,Obszar niezabudowany,Odcinek prosty,Droga krajowa,Jednojezdniowa dwukierunkowa,N,POWIAT PUŁTUSKI,POKRZYWNICA - OBSZAR WIEJSKI
1,0,0,2017,Silny wiatr,Zderzenie pojazdów boczne,Silny wiatr,Światło dzienne,Jezdnia,EWK-106464152N,8,2017-10-13,Nieokreślone (puste pole),21*05'386,52*38'173,61,Obszar niezabudowany,Odcinek prosty,Droga krajowa,Jednojezdniowa dwukierunkowa,N,POWIAT PUŁTUSKI,POKRZYWNICA - OBSZAR WIEJSKI
1,0,1,2017,Silny wiatr,Zderzenie pojazdów tylne,Silny wiatr,Światło dzienne,Jezdnia,EWK-105596109N,12,2017-03-15,Ciężko,20*02'256,52*26'263,62,Obszar niezabudowany,Odcinek prosty,Droga krajowa,Jednojezdniowa dwukierunkowa,N,POWIAT PŁOCKI,MAŁA WIEŚ - OBSZAR WIEJSKI
1,0,0,2017,Silny wiatr,Zderzenie pojazdów tylne,Silny wiatr,Światło dzienne,Jezdnia,EWK-105596109N,12,2017-03-15,Nieokreślone (puste pole),20*02'256,52*26'263,62,Obszar niezabudowany,Odcinek prosty,Droga krajowa,Jednojezdniowa dwukierunkowa,N,POWIAT PŁOCKI,MAŁA WIEŚ - OBSZAR WIEJSKI
1,0,1,2017,"Silny wiatr; Opady śniegu, gradu",Zderzenie pojazdów boczne,"Silny wiatr; Opady śniegu, gradu",Noc - droga nieoświetlona,Jezdnia,EWK-105478300G,16,2017-02-24,Lekko,22*19'595,52*23'239,62,Obszar niezabudowany,,Droga krajowa,Jednojezdniowa dwukierunkowa,N,POWIAT SOKOŁOWSKI,REPKI - OBSZAR WIEJSKI
1,0,0,2017,"Silny wiatr; Opady śniegu, gradu",Zderzenie pojazdów boczne,"Silny wiatr; Opady śniegu, gradu",Noc - droga nieoświetlona,Jezdnia,EWK-105478300G,16,2017-02-24,Nieokreślone (puste pole),22*19'595,52*23'239,62,Obszar niezabudowany,,Droga krajowa,Jednojezdniowa dwukierunkowa,N,POWIAT SOKOŁOWSKI,REPKI - OBSZAR WIEJSKI
1,0,1,2017,Silny wiatr; Pochmurno,Inne,Silny wiatr; Pochmurno,Światło dzienne,"Skarpa, rów",EWK-106273140U,16,2017-07-21,Lekko,21*35'903,51*15'278,79,Obszar niezabudowany,Odcinek prosty,Droga krajowa,Jednojezdniowa dwukierunkowa,N,POWIAT LIPSKI,CIEPIELÓW - OBSZAR WIEJSKI
1,0,1,2017,Silny wiatr; Pochmurno,Najechanie na drzewo,Silny wiatr; Pochmurno,Noc - droga nieoświetlona,Jezdnia,EWK-106508565H,18,2017-10-28,Lekko,19*30'250,52*20'100,P1424W,Obszar niezabudowany,"Zakręt, łuk",Droga powiatowa,Jednojezdniowa dwukierunkowa,N,POWIAT GOSTYNIŃSKI,GOSTYNIN - OBSZAR WIEJSKI
1,0,1,2017,Silny wiatr; Pochmurno,Zdarzenie z pasażerem,Silny wiatr; Pochmurno,Światło dzienne,Jezdnia,EWK-106178105T,21,2017-06-30,Lekko,20*30'098,52*88'685,GMINNA,Obszar niezabudowany,Odcinek prosty,Droga gminna,Jednojezdniowa dwukierunkowa,N,POWIAT MŁAWSKI,STRZEGOWO - OBSZAR WIEJSKI
1,0,0,2017,Silny wiatr; Pochmurno,Zdarzenie z pasażerem,Silny wiatr; Pochmurno,Światło dzienne,Jezdnia,EWK-106178105T,21,2017-06-30,Nieokreślone (puste pole),20*30'098,52*88'685,GMINNA,Obszar niezabudowany,Odcinek prosty,Droga gminna,Jednojezdniowa dwukierunkowa,N,POWIAT MŁAWSKI,STRZEGOWO - OBSZAR WIEJSKI
1,0,2,2017,Silny wiatr; Pochmurno,Zderzenie pojazdów czołowe,Silny wiatr; Pochmurno,Noc - droga nieoświetlona,Jezdnia,EWK-106509935T,18,2017-10-29,Lekko,21*45'260,51*07'809,754,Obszar zabudowany,,Droga wojewódzka,Jednojezdniowa dwukierunkowa,N,POWIAT LIPSKI,SOLEC NAD WISŁĄ - OBSZAR WIEJSKI
1,0,0,2017,Silny wiatr; Pochmurno,Zderzenie pojazdów czołowe,Silny wiatr; Pochmurno,Noc - droga nieoświetlona,Jezdnia,EWK-106509935T,18,2017-10-29,Nieokreślone (puste pole),21*45'260,51*07'809,754,Obszar zabudowany,,Droga wojewódzka,Jednojezdniowa dwukierunkowa,N,POWIAT LIPSKI,SOLEC NAD WISŁĄ - OBSZAR WIEJSKI
1,0,1,2017,Silny wiatr; Pochmurno,Zderzenie pojazdów czołowe,Silny wiatr; Pochmurno,Światło dzienne,Jezdnia,EWK-106512238A,14,2017-10-30,Lekko,20*39'050,51*32'303,34196W,Obszar niezabudowany,"Zakręt, łuk",Droga powiatowa,Jednojezdniowa dwukierunkowa,T,POWIAT PRZYSUSKI,KLWÓW - OBSZAR WIEJSKI
1,0,0,2017,Silny wiatr; Pochmurno,Zderzenie pojazdów czołowe,Silny wiatr; Pochmurno,Światło dzienne,Jezdnia,EWK-106512238A,14,2017-10-30,Nieokreślone (puste pole),20*39'050,51*32'303,34196W,Obszar niezabudowany,"Zakręt, łuk",Droga powiatowa,Jednojezdniowa dwukierunkowa,T,POWIAT PRZYSUSKI,KLWÓW - OBSZAR WIEJSKI
1,0,1,2017,Silny wiatr; Pochmurno; Opady deszczu,Zderzenie pojazdów boczne,Silny wiatr; Pochmurno; Opady deszczu,Noc - droga oświetlona,"Chodnik, droga dla pieszych",EWK-105684471M,18,2017-03-20,Lekko,21*32'508,51*57'329,,Obszar zabudowany,,Nieokreślone (puste pole),Jednojezdniowa dwukierunkowa,N,POWIAT GARWOLIŃSKI,PILAWA - OBSZAR MIEJSKI
1,0,0,2017,Silny wiatr; Pochmurno; Opady deszczu,Zderzenie pojazdów boczne,Silny wiatr; Pochmurno; Opady deszczu,Noc - droga oświetlona,"Chodnik, droga dla pieszych",EWK-105684471M,18,2017-03-20,Nieokreślone (puste pole),21*32'508,51*57'329,,Obszar zabudowany,,Nieokreślone (puste pole),Jednojezdniowa dwukierunkowa,N,POWIAT GARWOLIŃSKI,PILAWA - OBSZAR MIEJSKI
1,0,1,2017,Silny wiatr; Pochmurno; Opady deszczu,Zderzenie pojazdów boczne,Silny wiatr; Pochmurno; Opady deszczu,Światło dzienne,Jezdnia,EWK-105756661C,15,2017-04-14,Ciężko,20*21'318,52*36'136,50,Obszar zabudowany,,Droga krajowa,Jednojezdniowa dwukierunkowa,N,POWIAT PŁOŃSKI,PŁOŃSK - OBSZAR WIEJSKI
1,0,0,2017,Silny wiatr; Pochmurno; Opady deszczu,Zderzenie pojazdów boczne,Silny wiatr; Pochmurno; Opady deszczu,Światło dzienne,Jezdnia,EWK-105756661C,15,2017-04-14,Nieokreślone (puste pole),20*21'318,52*36'136,50,Obszar zabudowany,,Droga krajowa,Jednojezdniowa dwukierunkowa,N,POWIAT PŁOŃSKI,PŁOŃSK - OBSZAR WIEJSKI